mode: atomic
github.com/drallgood/audiobookshelf-hardcover-sync/cmd/edition/main.go:33.13,37.27 3 0
github.com/drallgood/audiobookshelf-hardcover-sync/cmd/edition/main.go:37.27,38.60 1 0
github.com/drallgood/audiobookshelf-hardcover-sync/cmd/edition/main.go:38.60,40.9 2 0
github.com/drallgood/audiobookshelf-hardcover-sync/cmd/edition/main.go:45.2,46.16 2 0
github.com/drallgood/audiobookshelf-hardcover-sync/cmd/edition/main.go:46.16,56.3 2 0
github.com/drallgood/audiobookshelf-hardcover-sync/cmd/edition/main.go:56.8,64.3 1 0
github.com/drallgood/audiobookshelf-hardcover-sync/cmd/edition/main.go:67.2,118.41 2 0
github.com/drallgood/audiobookshelf-hardcover-sync/cmd/edition/main.go:118.41,124.3 2 0
github.com/drallgood/audiobookshelf-hardcover-sync/cmd/edition/main.go:127.42,130.16 2 0
github.com/drallgood/audiobookshelf-hardcover-sync/cmd/edition/main.go:130.16,132.3 1 0
github.com/drallgood/audiobookshelf-hardcover-sync/cmd/edition/main.go:135.2,140.16 4 0
github.com/drallgood/audiobookshelf-hardcover-sync/cmd/edition/main.go:140.16,142.3 1 0
github.com/drallgood/audiobookshelf-hardcover-sync/cmd/edition/main.go:144.2,145.53 2 0
github.com/drallgood/audiobookshelf-hardcover-sync/cmd/edition/main.go:145.53,147.3 1 0
github.com/drallgood/audiobookshelf-hardcover-sync/cmd/edition/main.go:150.2,153.31 3 0
github.com/drallgood/audiobookshelf-hardcover-sync/cmd/edition/main.go:153.31,155.3 1 0
github.com/drallgood/audiobookshelf-hardcover-sync/cmd/edition/main.go:155.8,157.3 1 0
github.com/drallgood/audiobookshelf-hardcover-sync/cmd/edition/main.go:158.2,162.16 3 0
github.com/drallgood/audiobookshelf-hardcover-sync/cmd/edition/main.go:162.16,164.3 1 0
github.com/drallgood/audiobookshelf-hardcover-sync/cmd/edition/main.go:167.2,169.12 3 0
github.com/drallgood/audiobookshelf-hardcover-sync/cmd/edition/main.go:172.47,175.16 2 0
github.com/drallgood/audiobookshelf-hardcover-sync/cmd/edition/main.go:175.16,177.3 1 0
github.com/drallgood/audiobookshelf-hardcover-sync/cmd/edition/main.go:180.2,186.31 4 0
github.com/drallgood/audiobookshelf-hardcover-sync/cmd/edition/main.go:186.31,188.3 1 0
github.com/drallgood/audiobookshelf-hardcover-sync/cmd/edition/main.go:188.8,190.3 1 0
github.com/drallgood/audiobookshelf-hardcover-sync/cmd/edition/main.go:191.2,195.16 3 0
github.com/drallgood/audiobookshelf-hardcover-sync/cmd/edition/main.go:195.16,197.3 1 0
github.com/drallgood/audiobookshelf-hardcover-sync/cmd/edition/main.go:200.2,202.63 3 0
github.com/drallgood/audiobookshelf-hardcover-sync/cmd/edition/main.go:202.63,204.3 1 0
github.com/drallgood/audiobookshelf-hardcover-sync/cmd/edition/main.go:206.2,207.12 2 0
github.com/drallgood/audiobookshelf-hardcover-sync/cmd/edition-tool/main.go:13.13,24.22 6 0
github.com/drallgood/audiobookshelf-hardcover-sync/cmd/edition-tool/main.go:24.22,27.3 2 0
github.com/drallgood/audiobookshelf-hardcover-sync/cmd/edition-tool/main.go:29.2,29.20 1 0
github.com/drallgood/audiobookshelf-hardcover-sync/cmd/edition-tool/main.go:30.16,31.54 1 0
github.com/drallgood/audiobookshelf-hardcover-sync/cmd/edition-tool/main.go:31.54,33.4 1 0
github.com/drallgood/audiobookshelf-hardcover-sync/cmd/edition-tool/main.go:34.3,34.25 1 0
github.com/drallgood/audiobookshelf-hardcover-sync/cmd/edition-tool/main.go:34.25,37.4 1 0
github.com/drallgood/audiobookshelf-hardcover-sync/cmd/edition-tool/main.go:37.9,37.33 1 0
github.com/drallgood/audiobookshelf-hardcover-sync/cmd/edition-tool/main.go:37.33,40.4 1 0
github.com/drallgood/audiobookshelf-hardcover-sync/cmd/edition-tool/main.go:40.9,40.31 1 0
github.com/drallgood/audiobookshelf-hardcover-sync/cmd/edition-tool/main.go:40.31,43.4 1 0
github.com/drallgood/audiobookshelf-hardcover-sync/cmd/edition-tool/main.go:43.9,46.4 2 0
github.com/drallgood/audiobookshelf-hardcover-sync/cmd/edition-tool/main.go:47.14,48.15 1 0
github.com/drallgood/audiobookshelf-hardcover-sync/cmd/edition-tool/main.go:49.10,52.13 3 0
github.com/drallgood/audiobookshelf-hardcover-sync/cmd/edition-tool/main.go:56.19,74.2 1 0
github.com/drallgood/audiobookshelf-hardcover-sync/cmd/audiobookshelf-hardcover-sync/cli.go:24.36,26.2 1 0
github.com/drallgood/audiobookshelf-hardcover-sync/cmd/audiobookshelf-hardcover-sync/cli.go:29.40,31.16 2 0
github.com/drallgood/audiobookshelf-hardcover-sync/cmd/audiobookshelf-hardcover-sync/cli.go:31.16,33.3 1 0
github.com/drallgood/audiobookshelf-hardcover-sync/cmd/audiobookshelf-hardcover-sync/cli.go:34.2,36.12 3 0
github.com/drallgood/audiobookshelf-hardcover-sync/cmd/audiobookshelf-hardcover-sync/cli.go:40.38,42.2 1 0
github.com/drallgood/audiobookshelf-hardcover-sync/cmd/audiobookshelf-hardcover-sync/cli.go:61.32,90.20 15 0
github.com/drallgood/audiobookshelf-hardcover-sync/cmd/audiobookshelf-hardcover-sync/cli.go:90.20,93.3 1 0
github.com/drallgood/audiobookshelf-hardcover-sync/cmd/audiobookshelf-hardcover-sync/cli.go:94.2,94.18 1 0
github.com/drallgood/audiobookshelf-hardcover-sync/cmd/audiobookshelf-hardcover-sync/cli.go:94.18,96.3 1 0
github.com/drallgood/audiobookshelf-hardcover-sync/cmd/audiobookshelf-hardcover-sync/cli.go:97.2,97.21 1 0
github.com/drallgood/audiobookshelf-hardcover-sync/cmd/audiobookshelf-hardcover-sync/cli.go:97.21,99.3 1 0
github.com/drallgood/audiobookshelf-hardcover-sync/cmd/audiobookshelf-hardcover-sync/cli.go:100.2,100.25 1 0
github.com/drallgood/audiobookshelf-hardcover-sync/cmd/audiobookshelf-hardcover-sync/cli.go:100.25,102.3 1 0
github.com/drallgood/audiobookshelf-hardcover-sync/cmd/audiobookshelf-hardcover-sync/cli.go:103.2,103.24 1 0
github.com/drallgood/audiobookshelf-hardcover-sync/cmd/audiobookshelf-hardcover-sync/cli.go:103.24,105.3 1 0
github.com/drallgood/audiobookshelf-hardcover-sync/cmd/audiobookshelf-hardcover-sync/cli.go:110.2,110.23 1 0
github.com/drallgood/audiobookshelf-hardcover-sync/cmd/audiobookshelf-hardcover-sync/cli.go:110.23,112.3 1 0
github.com/drallgood/audiobookshelf-hardcover-sync/cmd/audiobookshelf-hardcover-sync/cli.go:112.8,115.3 1 0
github.com/drallgood/audiobookshelf-hardcover-sync/cmd/audiobookshelf-hardcover-sync/cli.go:118.2,123.20 4 0
github.com/drallgood/audiobookshelf-hardcover-sync/cmd/audiobookshelf-hardcover-sync/cli.go:123.20,128.3 2 0
github.com/drallgood/audiobookshelf-hardcover-sync/cmd/audiobookshelf-hardcover-sync/cli.go:130.2,130.27 1 0
github.com/drallgood/audiobookshelf-hardcover-sync/cmd/audiobookshelf-hardcover-sync/cli.go:130.27,133.3 2 0
github.com/drallgood/audiobookshelf-hardcover-sync/cmd/audiobookshelf-hardcover-sync/cli.go:136.2,136.24 1 0
github.com/drallgood/audiobookshelf-hardcover-sync/cmd/audiobookshelf-hardcover-sync/cli.go:136.24,139.3 2 0
github.com/drallgood/audiobookshelf-hardcover-sync/cmd/audiobookshelf-hardcover-sync/cli.go:142.2,142.27 1 0
github.com/drallgood/audiobookshelf-hardcover-sync/cmd/audiobookshelf-hardcover-sync/cli.go:142.27,145.3 2 0
github.com/drallgood/audiobookshelf-hardcover-sync/cmd/audiobookshelf-hardcover-sync/cli.go:148.2,148.25 1 0
github.com/drallgood/audiobookshelf-hardcover-sync/cmd/audiobookshelf-hardcover-sync/cli.go:148.25,151.3 2 0
github.com/drallgood/audiobookshelf-hardcover-sync/cmd/audiobookshelf-hardcover-sync/cli.go:153.2,153.13 1 0
github.com/drallgood/audiobookshelf-hardcover-sync/cmd/audiobookshelf-hardcover-sync/cli.go:157.43,158.17 1 0
github.com/drallgood/audiobookshelf-hardcover-sync/cmd/audiobookshelf-hardcover-sync/cli.go:158.17,159.50 1 0
github.com/drallgood/audiobookshelf-hardcover-sync/cmd/audiobookshelf-hardcover-sync/cli.go:159.50,164.4 1 0
github.com/drallgood/audiobookshelf-hardcover-sync/cmd/audiobookshelf-hardcover-sync/cli.go:170.41,189.16 8 0
github.com/drallgood/audiobookshelf-hardcover-sync/cmd/audiobookshelf-hardcover-sync/cli.go:189.16,194.3 2 0
github.com/drallgood/audiobookshelf-hardcover-sync/cmd/audiobookshelf-hardcover-sync/cli.go:197.2,232.28 9 0
github.com/drallgood/audiobookshelf-hardcover-sync/cmd/audiobookshelf-hardcover-sync/cli.go:232.28,234.3 1 0
github.com/drallgood/audiobookshelf-hardcover-sync/cmd/audiobookshelf-hardcover-sync/cli.go:235.2,235.23 1 0
github.com/drallgood/audiobookshelf-hardcover-sync/cmd/audiobookshelf-hardcover-sync/cli.go:235.23,237.3 1 0
github.com/drallgood/audiobookshelf-hardcover-sync/cmd/audiobookshelf-hardcover-sync/cli.go:239.2,276.16 12 0
github.com/drallgood/audiobookshelf-hardcover-sync/cmd/audiobookshelf-hardcover-sync/cli.go:276.16,281.3 2 0
github.com/drallgood/audiobookshelf-hardcover-sync/cmd/audiobookshelf-hardcover-sync/cli.go:283.2,320.16 14 0
github.com/drallgood/audiobookshelf-hardcover-sync/cmd/audiobookshelf-hardcover-sync/cli.go:320.16,326.3 2 0
github.com/drallgood/audiobookshelf-hardcover-sync/cmd/audiobookshelf-hardcover-sync/cli.go:329.2,333.54 2 0
github.com/drallgood/audiobookshelf-hardcover-sync/cmd/audiobookshelf-hardcover-sync/cli.go:339.121,346.12 3 0
github.com/drallgood/audiobookshelf-hardcover-sync/cmd/audiobookshelf-hardcover-sync/cli.go:346.12,351.47 3 0
github.com/drallgood/audiobookshelf-hardcover-sync/cmd/audiobookshelf-hardcover-sync/cli.go:351.47,355.4 1 0
github.com/drallgood/audiobookshelf-hardcover-sync/cmd/audiobookshelf-hardcover-sync/cli.go:357.3,357.7 1 0
github.com/drallgood/audiobookshelf-hardcover-sync/cmd/audiobookshelf-hardcover-sync/cli.go:357.7,358.11 1 0
github.com/drallgood/audiobookshelf-hardcover-sync/cmd/audiobookshelf-hardcover-sync/cli.go:359.20,360.49 1 0
github.com/drallgood/audiobookshelf-hardcover-sync/cmd/audiobookshelf-hardcover-sync/cli.go:360.49,364.6 1 0
github.com/drallgood/audiobookshelf-hardcover-sync/cmd/audiobookshelf-hardcover-sync/cli.go:365.19,367.11 2 0
github.com/drallgood/audiobookshelf-hardcover-sync/cmd/audiobookshelf-hardcover-sync/main.go:64.13,69.22 2 0
github.com/drallgood/audiobookshelf-hardcover-sync/cmd/audiobookshelf-hardcover-sync/main.go:69.22,72.3 2 0
github.com/drallgood/audiobookshelf-hardcover-sync/cmd/audiobookshelf-hardcover-sync/main.go:75.2,75.25 1 0
github.com/drallgood/audiobookshelf-hardcover-sync/cmd/audiobookshelf-hardcover-sync/main.go:75.25,78.3 2 0
github.com/drallgood/audiobookshelf-hardcover-sync/cmd/audiobookshelf-hardcover-sync/main.go:82.2,83.16 2 0
github.com/drallgood/audiobookshelf-hardcover-sync/cmd/audiobookshelf-hardcover-sync/main.go:83.16,87.3 2 0
github.com/drallgood/audiobookshelf-hardcover-sync/cmd/audiobookshelf-hardcover-sync/main.go:92.2,121.29 8 0
github.com/drallgood/audiobookshelf-hardcover-sync/cmd/audiobookshelf-hardcover-sync/main.go:121.29,123.3 1 0
github.com/drallgood/audiobookshelf-hardcover-sync/cmd/audiobookshelf-hardcover-sync/main.go:125.2,125.28 1 0
github.com/drallgood/audiobookshelf-hardcover-sync/cmd/audiobookshelf-hardcover-sync/main.go:125.28,127.3 1 0
github.com/drallgood/audiobookshelf-hardcover-sync/cmd/audiobookshelf-hardcover-sync/main.go:129.2,129.24 1 0
github.com/drallgood/audiobookshelf-hardcover-sync/cmd/audiobookshelf-hardcover-sync/main.go:129.24,131.3 1 0
github.com/drallgood/audiobookshelf-hardcover-sync/cmd/audiobookshelf-hardcover-sync/main.go:134.2,134.29 1 0
github.com/drallgood/audiobookshelf-hardcover-sync/cmd/audiobookshelf-hardcover-sync/main.go:134.29,137.3 2 0
github.com/drallgood/audiobookshelf-hardcover-sync/cmd/audiobookshelf-hardcover-sync/main.go:140.2,170.59 12 0
github.com/drallgood/audiobookshelf-hardcover-sync/cmd/audiobookshelf-hardcover-sync/main.go:170.59,172.3 1 0
github.com/drallgood/audiobookshelf-hardcover-sync/cmd/audiobookshelf-hardcover-sync/main.go:173.2,173.29 1 0
github.com/drallgood/audiobookshelf-hardcover-sync/cmd/audiobookshelf-hardcover-sync/main.go:173.29,174.93 1 0
github.com/drallgood/audiobookshelf-hardcover-sync/cmd/audiobookshelf-hardcover-sync/main.go:174.93,176.4 1 0
github.com/drallgood/audiobookshelf-hardcover-sync/cmd/audiobookshelf-hardcover-sync/main.go:180.2,194.16 4 0
github.com/drallgood/audiobookshelf-hardcover-sync/cmd/audiobookshelf-hardcover-sync/main.go:194.16,201.3 2 0
github.com/drallgood/audiobookshelf-hardcover-sync/cmd/audiobookshelf-hardcover-sync/main.go:202.2,206.16 3 0
github.com/drallgood/audiobookshelf-hardcover-sync/cmd/audiobookshelf-hardcover-sync/main.go:206.16,211.3 2 0
github.com/drallgood/audiobookshelf-hardcover-sync/cmd/audiobookshelf-hardcover-sync/main.go:214.2,227.91 4 0
github.com/drallgood/audiobookshelf-hardcover-sync/cmd/audiobookshelf-hardcover-sync/main.go:227.91,232.3 2 0
github.com/drallgood/audiobookshelf-hardcover-sync/cmd/audiobookshelf-hardcover-sync/main.go:235.2,286.16 6 0
github.com/drallgood/audiobookshelf-hardcover-sync/cmd/audiobookshelf-hardcover-sync/main.go:286.16,291.3 2 0
github.com/drallgood/audiobookshelf-hardcover-sync/cmd/audiobookshelf-hardcover-sync/main.go:294.2,294.24 1 0
github.com/drallgood/audiobookshelf-hardcover-sync/cmd/audiobookshelf-hardcover-sync/main.go:294.24,295.64 1 0
github.com/drallgood/audiobookshelf-hardcover-sync/cmd/audiobookshelf-hardcover-sync/main.go:295.64,300.4 1 0
github.com/drallgood/audiobookshelf-hardcover-sync/cmd/audiobookshelf-hardcover-sync/main.go:301.3,304.5 1 0
github.com/drallgood/audiobookshelf-hardcover-sync/cmd/audiobookshelf-hardcover-sync/main.go:305.8,307.3 1 0
github.com/drallgood/audiobookshelf-hardcover-sync/cmd/audiobookshelf-hardcover-sync/main.go:310.2,312.29 2 0
github.com/drallgood/audiobookshelf-hardcover-sync/cmd/audiobookshelf-hardcover-sync/main.go:312.29,318.34 3 0
github.com/drallgood/audiobookshelf-hardcover-sync/cmd/audiobookshelf-hardcover-sync/main.go:318.34,320.4 1 0
github.com/drallgood/audiobookshelf-hardcover-sync/cmd/audiobookshelf-hardcover-sync/main.go:321.3,321.29 1 0
github.com/drallgood/audiobookshelf-hardcover-sync/cmd/audiobookshelf-hardcover-sync/main.go:321.29,323.4 1 0
github.com/drallgood/audiobookshelf-hardcover-sync/cmd/audiobookshelf-hardcover-sync/main.go:324.3,324.30 1 0
github.com/drallgood/audiobookshelf-hardcover-sync/cmd/audiobookshelf-hardcover-sync/main.go:324.30,326.4 1 0
github.com/drallgood/audiobookshelf-hardcover-sync/cmd/audiobookshelf-hardcover-sync/main.go:327.3,327.38 1 0
github.com/drallgood/audiobookshelf-hardcover-sync/cmd/audiobookshelf-hardcover-sync/main.go:327.38,329.4 1 0
github.com/drallgood/audiobookshelf-hardcover-sync/cmd/audiobookshelf-hardcover-sync/main.go:331.3,342.17 4 0
github.com/drallgood/audiobookshelf-hardcover-sync/cmd/audiobookshelf-hardcover-sync/main.go:342.17,347.4 2 0
github.com/drallgood/audiobookshelf-hardcover-sync/cmd/audiobookshelf-hardcover-sync/main.go:348.8,352.3 1 0
github.com/drallgood/audiobookshelf-hardcover-sync/cmd/audiobookshelf-hardcover-sync/main.go:355.2,356.28 2 0
github.com/drallgood/audiobookshelf-hardcover-sync/cmd/audiobookshelf-hardcover-sync/main.go:356.28,361.13 2 0
github.com/drallgood/audiobookshelf-hardcover-sync/cmd/audiobookshelf-hardcover-sync/main.go:361.13,368.69 2 0
github.com/drallgood/audiobookshelf-hardcover-sync/cmd/audiobookshelf-hardcover-sync/main.go:368.69,370.5 1 0
github.com/drallgood/audiobookshelf-hardcover-sync/cmd/audiobookshelf-hardcover-sync/main.go:372.8,377.3 1 0
github.com/drallgood/audiobookshelf-hardcover-sync/cmd/audiobookshelf-hardcover-sync/main.go:381.2,381.58 1 0
github.com/drallgood/audiobookshelf-hardcover-sync/cmd/audiobookshelf-hardcover-sync/main.go:381.58,383.29 2 0
github.com/drallgood/audiobookshelf-hardcover-sync/cmd/audiobookshelf-hardcover-sync/main.go:383.29,385.4 1 0
github.com/drallgood/audiobookshelf-hardcover-sync/cmd/audiobookshelf-hardcover-sync/main.go:387.3,405.13 8 0
github.com/drallgood/audiobookshelf-hardcover-sync/cmd/audiobookshelf-hardcover-sync/main.go:405.13,409.18 3 0
github.com/drallgood/audiobookshelf-hardcover-sync/cmd/audiobookshelf-hardcover-sync/main.go:409.18,413.5 1 0
github.com/drallgood/audiobookshelf-hardcover-sync/cmd/audiobookshelf-hardcover-sync/main.go:413.10,414.38 1 0
github.com/drallgood/audiobookshelf-hardcover-sync/cmd/audiobookshelf-hardcover-sync/main.go:414.38,418.32 2 0
github.com/drallgood/audiobookshelf-hardcover-sync/cmd/audiobookshelf-hardcover-sync/main.go:418.32,419.67 1 0
github.com/drallgood/audiobookshelf-hardcover-sync/cmd/audiobookshelf-hardcover-sync/main.go:419.67,424.8 1 0
github.com/drallgood/audiobookshelf-hardcover-sync/cmd/audiobookshelf-hardcover-sync/main.go:424.13,427.8 1 0
github.com/drallgood/audiobookshelf-hardcover-sync/cmd/audiobookshelf-hardcover-sync/main.go:431.4,434.8 2 0
github.com/drallgood/audiobookshelf-hardcover-sync/cmd/audiobookshelf-hardcover-sync/main.go:434.8,435.12 1 0
github.com/drallgood/audiobookshelf-hardcover-sync/cmd/audiobookshelf-hardcover-sync/main.go:436.21,438.20 2 0
github.com/drallgood/audiobookshelf-hardcover-sync/cmd/audiobookshelf-hardcover-sync/main.go:438.20,442.15 2 0
github.com/drallgood/audiobookshelf-hardcover-sync/cmd/audiobookshelf-hardcover-sync/main.go:445.6,445.39 1 0
github.com/drallgood/audiobookshelf-hardcover-sync/cmd/audiobookshelf-hardcover-sync/main.go:445.39,447.26 1 0
github.com/drallgood/audiobookshelf-hardcover-sync/cmd/audiobookshelf-hardcover-sync/main.go:447.26,448.16 1 0
github.com/drallgood/audiobookshelf-hardcover-sync/cmd/audiobookshelf-hardcover-sync/main.go:452.7,452.56 1 0
github.com/drallgood/audiobookshelf-hardcover-sync/cmd/audiobookshelf-hardcover-sync/main.go:452.56,456.16 2 0
github.com/drallgood/audiobookshelf-hardcover-sync/cmd/audiobookshelf-hardcover-sync/main.go:460.7,462.100 3 0
github.com/drallgood/audiobookshelf-hardcover-sync/cmd/audiobookshelf-hardcover-sync/main.go:462.100,463.118 1 0
github.com/drallgood/audiobookshelf-hardcover-sync/cmd/audiobookshelf-hardcover-sync/main.go:463.118,465.9 1 0
github.com/drallgood/audiobookshelf-hardcover-sync/cmd/audiobookshelf-hardcover-sync/main.go:469.7,470.68 2 0
github.com/drallgood/audiobookshelf-hardcover-sync/cmd/audiobookshelf-hardcover-sync/main.go:470.68,472.16 1 0
github.com/drallgood/audiobookshelf-hardcover-sync/cmd/audiobookshelf-hardcover-sync/main.go:475.7,480.33 2 0
github.com/drallgood/audiobookshelf-hardcover-sync/cmd/audiobookshelf-hardcover-sync/main.go:480.33,481.68 1 0
github.com/drallgood/audiobookshelf-hardcover-sync/cmd/audiobookshelf-hardcover-sync/main.go:481.68,486.9 1 0
github.com/drallgood/audiobookshelf-hardcover-sync/cmd/audiobookshelf-hardcover-sync/main.go:486.14,489.9 1 0
github.com/drallgood/audiobookshelf-hardcover-sync/cmd/audiobookshelf-hardcover-sync/main.go:493.23,494.12 1 0
github.com/drallgood/audiobookshelf-hardcover-sync/cmd/audiobookshelf-hardcover-sync/main.go:498.8,498.36 1 0
github.com/drallgood/audiobookshelf-hardcover-sync/cmd/audiobookshelf-hardcover-sync/main.go:498.36,500.3 1 0
github.com/drallgood/audiobookshelf-hardcover-sync/cmd/audiobookshelf-hardcover-sync/main.go:503.2,503.9 1 0
github.com/drallgood/audiobookshelf-hardcover-sync/cmd/audiobookshelf-hardcover-sync/main.go:504.20,505.44 1 0
github.com/drallgood/audiobookshelf-hardcover-sync/cmd/audiobookshelf-hardcover-sync/main.go:506.22,509.5 1 0
github.com/drallgood/audiobookshelf-hardcover-sync/cmd/audiobookshelf-hardcover-sync/main.go:513.2,522.42 4 0
github.com/drallgood/audiobookshelf-hardcover-sync/cmd/audiobookshelf-hardcover-sync/main.go:522.42,530.51 4 0
github.com/drallgood/audiobookshelf-hardcover-sync/cmd/audiobookshelf-hardcover-sync/main.go:530.51,534.4 1 0
github.com/drallgood/audiobookshelf-hardcover-sync/cmd/audiobookshelf-hardcover-sync/main.go:535.8,537.3 1 0
github.com/drallgood/audiobookshelf-hardcover-sync/cmd/audiobookshelf-hardcover-sync/main.go:539.2,539.37 1 0
github.com/drallgood/audiobookshelf-hardcover-sync/cmd/audiobookshelf-hardcover-sync/main.go:544.17,601.2 39 0
github.com/drallgood/audiobookshelf-hardcover-sync/cmd/audiobookshelf-hardcover-sync/main.go:603.20,605.2 1 0
github.com/drallgood/audiobookshelf-hardcover-sync/cmd/hardcover-lookup/main.go:38.13,48.55 7 0
github.com/drallgood/audiobookshelf-hardcover-sync/cmd/hardcover-lookup/main.go:48.55,50.3 1 0
github.com/drallgood/audiobookshelf-hardcover-sync/cmd/hardcover-lookup/main.go:53.2,53.52 1 0
github.com/drallgood/audiobookshelf-hardcover-sync/cmd/hardcover-lookup/main.go:53.52,56.3 2 0
github.com/drallgood/audiobookshelf-hardcover-sync/cmd/hardcover-lookup/main.go:59.2,60.20 2 0
github.com/drallgood/audiobookshelf-hardcover-sync/cmd/hardcover-lookup/main.go:60.20,63.3 2 0
github.com/drallgood/audiobookshelf-hardcover-sync/cmd/hardcover-lookup/main.go:64.2,69.16 4 0
github.com/drallgood/audiobookshelf-hardcover-sync/cmd/hardcover-lookup/main.go:69.16,77.3 7 0
github.com/drallgood/audiobookshelf-hardcover-sync/cmd/hardcover-lookup/main.go:80.2,91.15 5 0
github.com/drallgood/audiobookshelf-hardcover-sync/cmd/hardcover-lookup/main.go:91.15,95.3 3 0
github.com/drallgood/audiobookshelf-hardcover-sync/cmd/hardcover-lookup/main.go:98.2,119.20 19 0
github.com/drallgood/audiobookshelf-hardcover-sync/cmd/hardcover-lookup/main.go:120.16,121.50 1 0
github.com/drallgood/audiobookshelf-hardcover-sync/cmd/hardcover-lookup/main.go:121.50,125.4 3 0
github.com/drallgood/audiobookshelf-hardcover-sync/cmd/hardcover-lookup/main.go:126.3,126.24 1 0
github.com/drallgood/audiobookshelf-hardcover-sync/cmd/hardcover-lookup/main.go:126.24,128.4 1 0
github.com/drallgood/audiobookshelf-hardcover-sync/cmd/hardcover-lookup/main.go:128.9,128.29 1 0
github.com/drallgood/audiobookshelf-hardcover-sync/cmd/hardcover-lookup/main.go:128.29,130.4 1 0
github.com/drallgood/audiobookshelf-hardcover-sync/cmd/hardcover-lookup/main.go:130.9,130.31 1 0
github.com/drallgood/audiobookshelf-hardcover-sync/cmd/hardcover-lookup/main.go:130.31,132.31 2 0
github.com/drallgood/audiobookshelf-hardcover-sync/cmd/hardcover-lookup/main.go:132.31,134.5 1 0
github.com/drallgood/audiobookshelf-hardcover-sync/cmd/hardcover-lookup/main.go:135.4,135.64 1 0
github.com/drallgood/audiobookshelf-hardcover-sync/cmd/hardcover-lookup/main.go:136.9,139.4 2 0
github.com/drallgood/audiobookshelf-hardcover-sync/cmd/hardcover-lookup/main.go:141.18,142.52 1 0
github.com/drallgood/audiobookshelf-hardcover-sync/cmd/hardcover-lookup/main.go:142.52,146.4 3 0
github.com/drallgood/audiobookshelf-hardcover-sync/cmd/hardcover-lookup/main.go:147.3,147.26 1 0
github.com/drallgood/audiobookshelf-hardcover-sync/cmd/hardcover-lookup/main.go:147.26,149.4 1 0
github.com/drallgood/audiobookshelf-hardcover-sync/cmd/hardcover-lookup/main.go:149.9,149.31 1 0
github.com/drallgood/audiobookshelf-hardcover-sync/cmd/hardcover-lookup/main.go:149.31,151.4 1 0
github.com/drallgood/audiobookshelf-hardcover-sync/cmd/hardcover-lookup/main.go:151.9,151.33 1 0
github.com/drallgood/audiobookshelf-hardcover-sync/cmd/hardcover-lookup/main.go:151.33,153.31 2 0
github.com/drallgood/audiobookshelf-hardcover-sync/cmd/hardcover-lookup/main.go:153.31,155.5 1 0
github.com/drallgood/audiobookshelf-hardcover-sync/cmd/hardcover-lookup/main.go:156.4,156.70 1 0
github.com/drallgood/audiobookshelf-hardcover-sync/cmd/hardcover-lookup/main.go:157.9,160.4 2 0
github.com/drallgood/audiobookshelf-hardcover-sync/cmd/hardcover-lookup/main.go:162.19,163.53 1 0
github.com/drallgood/audiobookshelf-hardcover-sync/cmd/hardcover-lookup/main.go:163.53,167.4 3 0
github.com/drallgood/audiobookshelf-hardcover-sync/cmd/hardcover-lookup/main.go:168.3,168.27 1 0
github.com/drallgood/audiobookshelf-hardcover-sync/cmd/hardcover-lookup/main.go:168.27,170.4 1 0
github.com/drallgood/audiobookshelf-hardcover-sync/cmd/hardcover-lookup/main.go:170.9,170.32 1 0
github.com/drallgood/audiobookshelf-hardcover-sync/cmd/hardcover-lookup/main.go:170.32,172.4 1 0
github.com/drallgood/audiobookshelf-hardcover-sync/cmd/hardcover-lookup/main.go:172.9,172.34 1 0
github.com/drallgood/audiobookshelf-hardcover-sync/cmd/hardcover-lookup/main.go:172.34,174.31 2 0
github.com/drallgood/audiobookshelf-hardcover-sync/cmd/hardcover-lookup/main.go:174.31,176.5 1 0
github.com/drallgood/audiobookshelf-hardcover-sync/cmd/hardcover-lookup/main.go:177.4,177.73 1 0
github.com/drallgood/audiobookshelf-hardcover-sync/cmd/hardcover-lookup/main.go:178.9,181.4 2 0
github.com/drallgood/audiobookshelf-hardcover-sync/cmd/hardcover-lookup/main.go:183.14,184.15 1 0
github.com/drallgood/audiobookshelf-hardcover-sync/cmd/hardcover-lookup/main.go:186.10,190.13 4 0
github.com/drallgood/audiobookshelf-hardcover-sync/cmd/hardcover-lookup/main.go:195.109,198.16 3 0
github.com/drallgood/audiobookshelf-hardcover-sync/cmd/hardcover-lookup/main.go:198.16,201.3 2 0
github.com/drallgood/audiobookshelf-hardcover-sync/cmd/hardcover-lookup/main.go:203.2,203.16 1 0
github.com/drallgood/audiobookshelf-hardcover-sync/cmd/hardcover-lookup/main.go:203.16,205.3 1 0
github.com/drallgood/audiobookshelf-hardcover-sync/cmd/hardcover-lookup/main.go:205.8,207.29 2 0
github.com/drallgood/audiobookshelf-hardcover-sync/cmd/hardcover-lookup/main.go:207.29,209.4 1 0
github.com/drallgood/audiobookshelf-hardcover-sync/cmd/hardcover-lookup/main.go:214.92,217.16 3 0
github.com/drallgood/audiobookshelf-hardcover-sync/cmd/hardcover-lookup/main.go:217.16,220.3 2 0
github.com/drallgood/audiobookshelf-hardcover-sync/cmd/hardcover-lookup/main.go:222.2,222.16 1 0
github.com/drallgood/audiobookshelf-hardcover-sync/cmd/hardcover-lookup/main.go:222.16,224.3 1 0
github.com/drallgood/audiobookshelf-hardcover-sync/cmd/hardcover-lookup/main.go:224.8,226.3 1 0
github.com/drallgood/audiobookshelf-hardcover-sync/cmd/hardcover-lookup/main.go:230.111,234.29 3 0
github.com/drallgood/audiobookshelf-hardcover-sync/cmd/hardcover-lookup/main.go:234.29,236.17 2 0
github.com/drallgood/audiobookshelf-hardcover-sync/cmd/hardcover-lookup/main.go:236.17,241.12 2 0
github.com/drallgood/audiobookshelf-hardcover-sync/cmd/hardcover-lookup/main.go:244.3,244.17 1 0
github.com/drallgood/audiobookshelf-hardcover-sync/cmd/hardcover-lookup/main.go:244.17,246.4 1 0
github.com/drallgood/audiobookshelf-hardcover-sync/cmd/hardcover-lookup/main.go:246.9,248.30 2 0
github.com/drallgood/audiobookshelf-hardcover-sync/cmd/hardcover-lookup/main.go:248.30,250.5 1 0
github.com/drallgood/audiobookshelf-hardcover-sync/cmd/hardcover-lookup/main.go:254.2,254.16 1 0
github.com/drallgood/audiobookshelf-hardcover-sync/cmd/hardcover-lookup/main.go:254.16,256.3 1 0
github.com/drallgood/audiobookshelf-hardcover-sync/cmd/hardcover-lookup/main.go:260.111,263.16 3 0
github.com/drallgood/audiobookshelf-hardcover-sync/cmd/hardcover-lookup/main.go:263.16,266.3 2 0
github.com/drallgood/audiobookshelf-hardcover-sync/cmd/hardcover-lookup/main.go:268.2,268.16 1 0
github.com/drallgood/audiobookshelf-hardcover-sync/cmd/hardcover-lookup/main.go:268.16,270.3 1 0
github.com/drallgood/audiobookshelf-hardcover-sync/cmd/hardcover-lookup/main.go:270.8,272.31 2 0
github.com/drallgood/audiobookshelf-hardcover-sync/cmd/hardcover-lookup/main.go:272.31,274.4 1 0
github.com/drallgood/audiobookshelf-hardcover-sync/cmd/hardcover-lookup/main.go:279.94,282.16 3 0
github.com/drallgood/audiobookshelf-hardcover-sync/cmd/hardcover-lookup/main.go:282.16,285.3 2 0
github.com/drallgood/audiobookshelf-hardcover-sync/cmd/hardcover-lookup/main.go:287.2,287.16 1 0
github.com/drallgood/audiobookshelf-hardcover-sync/cmd/hardcover-lookup/main.go:287.16,289.3 1 0
github.com/drallgood/audiobookshelf-hardcover-sync/cmd/hardcover-lookup/main.go:289.8,291.3 1 0
github.com/drallgood/audiobookshelf-hardcover-sync/cmd/hardcover-lookup/main.go:295.113,299.29 3 0
github.com/drallgood/audiobookshelf-hardcover-sync/cmd/hardcover-lookup/main.go:299.29,301.17 2 0
github.com/drallgood/audiobookshelf-hardcover-sync/cmd/hardcover-lookup/main.go:301.17,306.12 2 0
github.com/drallgood/audiobookshelf-hardcover-sync/cmd/hardcover-lookup/main.go:309.3,309.17 1 0
github.com/drallgood/audiobookshelf-hardcover-sync/cmd/hardcover-lookup/main.go:309.17,311.4 1 0
github.com/drallgood/audiobookshelf-hardcover-sync/cmd/hardcover-lookup/main.go:311.9,313.32 2 0
github.com/drallgood/audiobookshelf-hardcover-sync/cmd/hardcover-lookup/main.go:313.32,315.5 1 0
github.com/drallgood/audiobookshelf-hardcover-sync/cmd/hardcover-lookup/main.go:319.2,319.16 1 0
github.com/drallgood/audiobookshelf-hardcover-sync/cmd/hardcover-lookup/main.go:319.16,321.3 1 0
github.com/drallgood/audiobookshelf-hardcover-sync/cmd/hardcover-lookup/main.go:325.112,328.16 3 0
github.com/drallgood/audiobookshelf-hardcover-sync/cmd/hardcover-lookup/main.go:328.16,331.3 2 0
github.com/drallgood/audiobookshelf-hardcover-sync/cmd/hardcover-lookup/main.go:333.2,333.16 1 0
github.com/drallgood/audiobookshelf-hardcover-sync/cmd/hardcover-lookup/main.go:333.16,335.3 1 0
github.com/drallgood/audiobookshelf-hardcover-sync/cmd/hardcover-lookup/main.go:335.8,337.32 2 0
github.com/drallgood/audiobookshelf-hardcover-sync/cmd/hardcover-lookup/main.go:337.32,339.4 1 0
github.com/drallgood/audiobookshelf-hardcover-sync/cmd/hardcover-lookup/main.go:344.95,349.16 3 0
github.com/drallgood/audiobookshelf-hardcover-sync/cmd/hardcover-lookup/main.go:349.16,352.3 2 0
github.com/drallgood/audiobookshelf-hardcover-sync/cmd/hardcover-lookup/main.go:355.2,356.28 2 0
github.com/drallgood/audiobookshelf-hardcover-sync/cmd/hardcover-lookup/main.go:356.28,357.29 1 0
github.com/drallgood/audiobookshelf-hardcover-sync/cmd/hardcover-lookup/main.go:357.29,359.9 2 0
github.com/drallgood/audiobookshelf-hardcover-sync/cmd/hardcover-lookup/main.go:363.2,363.27 1 0
github.com/drallgood/audiobookshelf-hardcover-sync/cmd/hardcover-lookup/main.go:363.27,366.3 2 0
github.com/drallgood/audiobookshelf-hardcover-sync/cmd/hardcover-lookup/main.go:368.2,368.16 1 0
github.com/drallgood/audiobookshelf-hardcover-sync/cmd/hardcover-lookup/main.go:368.16,370.3 1 0
github.com/drallgood/audiobookshelf-hardcover-sync/cmd/hardcover-lookup/main.go:370.8,372.3 1 0
github.com/drallgood/audiobookshelf-hardcover-sync/cmd/hardcover-lookup/main.go:376.114,380.29 3 0
github.com/drallgood/audiobookshelf-hardcover-sync/cmd/hardcover-lookup/main.go:380.29,382.17 2 0
github.com/drallgood/audiobookshelf-hardcover-sync/cmd/hardcover-lookup/main.go:382.17,387.12 2 0
github.com/drallgood/audiobookshelf-hardcover-sync/cmd/hardcover-lookup/main.go:390.3,390.17 1 0
github.com/drallgood/audiobookshelf-hardcover-sync/cmd/hardcover-lookup/main.go:390.17,392.4 1 0
github.com/drallgood/audiobookshelf-hardcover-sync/cmd/hardcover-lookup/main.go:392.9,394.33 2 0
github.com/drallgood/audiobookshelf-hardcover-sync/cmd/hardcover-lookup/main.go:394.33,396.5 1 0
github.com/drallgood/audiobookshelf-hardcover-sync/cmd/hardcover-lookup/main.go:400.2,400.16 1 0
github.com/drallgood/audiobookshelf-hardcover-sync/cmd/hardcover-lookup/main.go:400.16,402.3 1 0
github.com/drallgood/audiobookshelf-hardcover-sync/cmd/hardcover-lookup/main.go:406.31,409.16 3 0
github.com/drallgood/audiobookshelf-hardcover-sync/cmd/hardcover-lookup/main.go:409.16,412.3 2 0
github.com/drallgood/audiobookshelf-hardcover-sync/cmd/hardcover-lookup/main.go:416.19,472.2 1 0
github.com/drallgood/audiobookshelf-hardcover-sync/cmd/image-tool/main.go:18.13,20.96 1 0
github.com/drallgood/audiobookshelf-hardcover-sync/cmd/image-tool/main.go:20.96,23.3 2 0
github.com/drallgood/audiobookshelf-hardcover-sync/cmd/image-tool/main.go:26.2,26.48 1 0
github.com/drallgood/audiobookshelf-hardcover-sync/cmd/image-tool/main.go:26.48,28.3 1 0
github.com/drallgood/audiobookshelf-hardcover-sync/cmd/image-tool/main.go:31.2,45.28 4 0
github.com/drallgood/audiobookshelf-hardcover-sync/cmd/image-tool/main.go:45.28,47.3 1 0
github.com/drallgood/audiobookshelf-hardcover-sync/cmd/image-tool/main.go:50.2,50.22 1 0
github.com/drallgood/audiobookshelf-hardcover-sync/cmd/image-tool/main.go:50.22,59.3 8 0
github.com/drallgood/audiobookshelf-hardcover-sync/cmd/image-tool/main.go:62.2,63.16 2 0
github.com/drallgood/audiobookshelf-hardcover-sync/cmd/image-tool/main.go:63.16,74.3 3 0
github.com/drallgood/audiobookshelf-hardcover-sync/cmd/image-tool/main.go:77.2,78.37 2 0
github.com/drallgood/audiobookshelf-hardcover-sync/cmd/image-tool/main.go:78.37,80.3 1 0
github.com/drallgood/audiobookshelf-hardcover-sync/cmd/image-tool/main.go:82.2,91.60 3 0
github.com/drallgood/audiobookshelf-hardcover-sync/cmd/image-tool/main.go:91.60,95.3 3 0
github.com/drallgood/audiobookshelf-hardcover-sync/cmd/image-tool/main.go:97.2,97.39 1 0
github.com/drallgood/audiobookshelf-hardcover-sync/cmd/image-tool/main.go:97.39,101.3 3 0
github.com/drallgood/audiobookshelf-hardcover-sync/cmd/image-tool/main.go:104.2,104.19 1 0
github.com/drallgood/audiobookshelf-hardcover-sync/cmd/image-tool/main.go:104.19,106.3 1 0
github.com/drallgood/audiobookshelf-hardcover-sync/cmd/image-tool/main.go:106.8,108.53 1 0
github.com/drallgood/audiobookshelf-hardcover-sync/cmd/image-tool/main.go:108.53,113.4 2 0
github.com/drallgood/audiobookshelf-hardcover-sync/cmd/image-tool/main.go:114.3,114.67 1 0
github.com/drallgood/audiobookshelf-hardcover-sync/cmd/image-tool/main.go:119.60,121.22 1 0
github.com/drallgood/audiobookshelf-hardcover-sync/cmd/image-tool/main.go:121.22,123.51 1 0
github.com/drallgood/audiobookshelf-hardcover-sync/cmd/image-tool/main.go:123.51,125.4 1 0
github.com/drallgood/audiobookshelf-hardcover-sync/cmd/image-tool/main.go:125.9,128.51 2 0
github.com/drallgood/audiobookshelf-hardcover-sync/cmd/image-tool/main.go:128.51,130.5 1 0
github.com/drallgood/audiobookshelf-hardcover-sync/cmd/image-tool/main.go:135.2,136.16 2 0
github.com/drallgood/audiobookshelf-hardcover-sync/cmd/image-tool/main.go:136.16,138.3 1 0
github.com/drallgood/audiobookshelf-hardcover-sync/cmd/image-tool/main.go:140.2,140.17 1 0
github.com/drallgood/audiobookshelf-hardcover-sync/cmd/image-tool/main.go:144.80,156.17 4 0
github.com/drallgood/audiobookshelf-hardcover-sync/cmd/image-tool/main.go:156.17,159.3 2 0
github.com/drallgood/audiobookshelf-hardcover-sync/cmd/image-tool/main.go:162.2,165.36 3 0
github.com/drallgood/audiobookshelf-hardcover-sync/cmd/image-tool/main.go:165.36,167.3 1 0
github.com/drallgood/audiobookshelf-hardcover-sync/cmd/image-tool/main.go:168.2,179.16 6 0
github.com/drallgood/audiobookshelf-hardcover-sync/cmd/image-tool/main.go:179.16,184.3 2 0
github.com/drallgood/audiobookshelf-hardcover-sync/cmd/image-tool/main.go:187.2,189.16 3 0
github.com/drallgood/audiobookshelf-hardcover-sync/cmd/image-tool/main.go:189.16,194.3 2 0
github.com/drallgood/audiobookshelf-hardcover-sync/cmd/image-tool/main.go:196.2,199.4 1 0
github.com/drallgood/audiobookshelf-hardcover-sync/cmd/image-tool/main.go:203.100,215.17 4 0
github.com/drallgood/audiobookshelf-hardcover-sync/cmd/image-tool/main.go:215.17,218.3 2 0
github.com/drallgood/audiobookshelf-hardcover-sync/cmd/image-tool/main.go:221.2,224.36 3 0
github.com/drallgood/audiobookshelf-hardcover-sync/cmd/image-tool/main.go:224.36,226.3 1 0
github.com/drallgood/audiobookshelf-hardcover-sync/cmd/image-tool/main.go:229.2,238.16 6 0
github.com/drallgood/audiobookshelf-hardcover-sync/cmd/image-tool/main.go:238.16,243.3 2 0
github.com/drallgood/audiobookshelf-hardcover-sync/cmd/image-tool/main.go:246.2,248.16 3 0
github.com/drallgood/audiobookshelf-hardcover-sync/cmd/image-tool/main.go:248.16,253.3 2 0
github.com/drallgood/audiobookshelf-hardcover-sync/cmd/image-tool/main.go:255.2,258.4 1 0
github.com/drallgood/audiobookshelf-hardcover-sync/cmd/image-tool/main.go:261.19,288.2 1 0
github.com/drallgood/audiobookshelf-hardcover-sync/internal/api/handlers_new.go:30.113,37.16 2 0
github.com/drallgood/audiobookshelf-hardcover-sync/internal/api/handlers_new.go:37.16,39.3 1 0
github.com/drallgood/audiobookshelf-hardcover-sync/internal/api/handlers_new.go:39.8,42.3 1 0
github.com/drallgood/audiobookshelf-hardcover-sync/internal/api/handlers_new.go:44.2,44.10 1 0
github.com/drallgood/audiobookshelf-hardcover-sync/internal/api/handlers_new.go:78.98,84.16 4 0
github.com/drallgood/audiobookshelf-hardcover-sync/internal/api/handlers_new.go:84.16,88.3 1 0
github.com/drallgood/audiobookshelf-hardcover-sync/internal/api/handlers_new.go:88.8,93.3 1 0
github.com/drallgood/audiobookshelf-hardcover-sync/internal/api/handlers_new.go:96.2,96.46 1 0
github.com/drallgood/audiobookshelf-hardcover-sync/internal/api/handlers_new.go:96.46,100.3 1 0
github.com/drallgood/audiobookshelf-hardcover-sync/internal/api/handlers_new.go:104.93,109.2 1 0
github.com/drallgood/audiobookshelf-hardcover-sync/internal/api/handlers_new.go:112.81,117.2 1 0
github.com/drallgood/audiobookshelf-hardcover-sync/internal/api/handlers_new.go:120.94,121.14 1 0
github.com/drallgood/audiobookshelf-hardcover-sync/internal/api/handlers_new.go:121.14,123.3 1 0
github.com/drallgood/audiobookshelf-hardcover-sync/internal/api/handlers_new.go:124.2,137.3 2 0
github.com/drallgood/audiobookshelf-hardcover-sync/internal/api/handlers_new.go:141.71,143.19 2 0
github.com/drallgood/audiobookshelf-hardcover-sync/internal/api/handlers_new.go:143.19,147.6 3 0
github.com/drallgood/audiobookshelf-hardcover-sync/internal/api/handlers_new.go:152.5,153.32 2 0
github.com/drallgood/audiobookshelf-hardcover-sync/internal/api/handlers_new.go:153.32,162.105 3 0
github.com/drallgood/audiobookshelf-hardcover-sync/internal/api/handlers_new.go:162.105,164.10 1 0
github.com/drallgood/audiobookshelf-hardcover-sync/internal/api/handlers_new.go:164.15,164.69 1 0
github.com/drallgood/audiobookshelf-hardcover-sync/internal/api/handlers_new.go:164.69,166.10 1 0
github.com/drallgood/audiobookshelf-hardcover-sync/internal/api/handlers_new.go:167.9,168.34 2 0
github.com/drallgood/audiobookshelf-hardcover-sync/internal/api/handlers_new.go:171.5,171.36 1 0
github.com/drallgood/audiobookshelf-hardcover-sync/internal/api/handlers_new.go:175.70,179.21 3 0
github.com/drallgood/audiobookshelf-hardcover-sync/internal/api/handlers_new.go:179.21,183.3 3 0
github.com/drallgood/audiobookshelf-hardcover-sync/internal/api/handlers_new.go:185.2,186.16 2 0
github.com/drallgood/audiobookshelf-hardcover-sync/internal/api/handlers_new.go:186.16,190.3 3 0
github.com/drallgood/audiobookshelf-hardcover-sync/internal/api/handlers_new.go:192.2,192.20 1 0
github.com/drallgood/audiobookshelf-hardcover-sync/internal/api/handlers_new.go:192.20,196.3 3 0
github.com/drallgood/audiobookshelf-hardcover-sync/internal/api/handlers_new.go:198.2,199.60 2 0
github.com/drallgood/audiobookshelf-hardcover-sync/internal/api/handlers_new.go:203.73,205.61 2 0
github.com/drallgood/audiobookshelf-hardcover-sync/internal/api/handlers_new.go:205.61,208.3 2 0
github.com/drallgood/audiobookshelf-hardcover-sync/internal/api/handlers_new.go:210.2,210.128 1 0
github.com/drallgood/audiobookshelf-hardcover-sync/internal/api/handlers_new.go:210.128,213.3 2 0
github.com/drallgood/audiobookshelf-hardcover-sync/internal/api/handlers_new.go:215.2,223.16 2 0
github.com/drallgood/audiobookshelf-hardcover-sync/internal/api/handlers_new.go:223.16,227.3 3 0
github.com/drallgood/audiobookshelf-hardcover-sync/internal/api/handlers_new.go:230.2,232.16 2 0
github.com/drallgood/audiobookshelf-hardcover-sync/internal/api/handlers_new.go:232.16,236.3 3 0
github.com/drallgood/audiobookshelf-hardcover-sync/internal/api/handlers_new.go:238.2,238.60 1 0
github.com/drallgood/audiobookshelf-hardcover-sync/internal/api/handlers_new.go:242.73,244.21 2 0
github.com/drallgood/audiobookshelf-hardcover-sync/internal/api/handlers_new.go:244.21,247.3 2 0
github.com/drallgood/audiobookshelf-hardcover-sync/internal/api/handlers_new.go:249.2,250.61 2 0
github.com/drallgood/audiobookshelf-hardcover-sync/internal/api/handlers_new.go:250.61,253.3 2 0
github.com/drallgood/audiobookshelf-hardcover-sync/internal/api/handlers_new.go:256.2,256.20 1 0
github.com/drallgood/audiobookshelf-hardcover-sync/internal/api/handlers_new.go:256.20,257.79 1 0
github.com/drallgood/audiobookshelf-hardcover-sync/internal/api/handlers_new.go:257.79,261.4 3 0
github.com/drallgood/audiobookshelf-hardcover-sync/internal/api/handlers_new.go:265.2,266.16 2 0
github.com/drallgood/audiobookshelf-hardcover-sync/internal/api/handlers_new.go:266.16,270.3 3 0
github.com/drallgood/audiobookshelf-hardcover-sync/internal/api/handlers_new.go:272.2,272.60 1 0
github.com/drallgood/audiobookshelf-hardcover-sync/internal/api/handlers_new.go:276.79,278.21 2 0
github.com/drallgood/audiobookshelf-hardcover-sync/internal/api/handlers_new.go:278.21,281.3 2 0
github.com/drallgood/audiobookshelf-hardcover-sync/internal/api/handlers_new.go:283.2,284.61 2 0
github.com/drallgood/audiobookshelf-hardcover-sync/internal/api/handlers_new.go:284.61,287.3 2 0
github.com/drallgood/audiobookshelf-hardcover-sync/internal/api/handlers_new.go:290.2,290.94 1 0
github.com/drallgood/audiobookshelf-hardcover-sync/internal/api/handlers_new.go:290.94,300.21 2 0
github.com/drallgood/audiobookshelf-hardcover-sync/internal/api/handlers_new.go:300.21,303.4 2 0
github.com/drallgood/audiobookshelf-hardcover-sync/internal/api/handlers_new.go:307.2,308.42 2 0
github.com/drallgood/audiobookshelf-hardcover-sync/internal/api/handlers_new.go:308.42,312.3 3 0
github.com/drallgood/audiobookshelf-hardcover-sync/internal/api/handlers_new.go:315.2,316.31 2 0
github.com/drallgood/audiobookshelf-hardcover-sync/internal/api/handlers_new.go:316.31,318.3 1 0
github.com/drallgood/audiobookshelf-hardcover-sync/internal/api/handlers_new.go:320.2,321.26 2 0
github.com/drallgood/audiobookshelf-hardcover-sync/internal/api/handlers_new.go:321.26,323.3 1 0
github.com/drallgood/audiobookshelf-hardcover-sync/internal/api/handlers_new.go:326.2,332.16 1 0
github.com/drallgood/audiobookshelf-hardcover-sync/internal/api/handlers_new.go:332.16,336.3 3 0
github.com/drallgood/audiobookshelf-hardcover-sync/internal/api/handlers_new.go:339.2,340.16 2 0
github.com/drallgood/audiobookshelf-hardcover-sync/internal/api/handlers_new.go:340.16,344.3 3 0
github.com/drallgood/audiobookshelf-hardcover-sync/internal/api/handlers_new.go:346.2,346.60 1 0
github.com/drallgood/audiobookshelf-hardcover-sync/internal/api/handlers_new.go:350.73,352.21 2 0
github.com/drallgood/audiobookshelf-hardcover-sync/internal/api/handlers_new.go:352.21,355.3 2 0
github.com/drallgood/audiobookshelf-hardcover-sync/internal/api/handlers_new.go:358.2,359.16 2 0
github.com/drallgood/audiobookshelf-hardcover-sync/internal/api/handlers_new.go:359.16,363.3 3 0
github.com/drallgood/audiobookshelf-hardcover-sync/internal/api/handlers_new.go:366.2,366.68 1 0
github.com/drallgood/audiobookshelf-hardcover-sync/internal/api/handlers_new.go:366.68,370.3 3 0
github.com/drallgood/audiobookshelf-hardcover-sync/internal/api/handlers_new.go:372.2,372.32 1 0
github.com/drallgood/audiobookshelf-hardcover-sync/internal/api/handlers_new.go:376.76,378.21 2 0
github.com/drallgood/audiobookshelf-hardcover-sync/internal/api/handlers_new.go:378.21,381.3 2 0
github.com/drallgood/audiobookshelf-hardcover-sync/internal/api/handlers_new.go:383.2,384.35 2 0
github.com/drallgood/audiobookshelf-hardcover-sync/internal/api/handlers_new.go:388.81,390.16 2 0
github.com/drallgood/audiobookshelf-hardcover-sync/internal/api/handlers_new.go:390.16,394.3 3 0
github.com/drallgood/audiobookshelf-hardcover-sync/internal/api/handlers_new.go:396.2,396.37 1 0
github.com/drallgood/audiobookshelf-hardcover-sync/internal/api/handlers_new.go:400.69,402.21 2 0
github.com/drallgood/audiobookshelf-hardcover-sync/internal/api/handlers_new.go:402.21,405.3 2 0
github.com/drallgood/audiobookshelf-hardcover-sync/internal/api/handlers_new.go:408.2,408.12 1 0
github.com/drallgood/audiobookshelf-hardcover-sync/internal/api/handlers_new.go:408.12,409.65 1 0
github.com/drallgood/audiobookshelf-hardcover-sync/internal/api/handlers_new.go:409.65,411.4 1 0
github.com/drallgood/audiobookshelf-hardcover-sync/internal/api/handlers_new.go:414.2,416.4 1 0
github.com/drallgood/audiobookshelf-hardcover-sync/internal/api/handlers_new.go:420.70,422.21 2 0
github.com/drallgood/audiobookshelf-hardcover-sync/internal/api/handlers_new.go:422.21,425.3 2 0
github.com/drallgood/audiobookshelf-hardcover-sync/internal/api/handlers_new.go:427.2,427.65 1 0
github.com/drallgood/audiobookshelf-hardcover-sync/internal/api/handlers_new.go:427.65,431.3 3 0
github.com/drallgood/audiobookshelf-hardcover-sync/internal/api/handlers_new.go:433.2,435.4 1 0
github.com/drallgood/audiobookshelf-hardcover-sync/internal/api/handlers_new.go:441.76,443.21 2 0
github.com/drallgood/audiobookshelf-hardcover-sync/internal/api/handlers_new.go:443.21,446.3 2 0
github.com/drallgood/audiobookshelf-hardcover-sync/internal/api/handlers_new.go:449.2,450.16 2 0
github.com/drallgood/audiobookshelf-hardcover-sync/internal/api/handlers_new.go:450.16,454.3 3 0
github.com/drallgood/audiobookshelf-hardcover-sync/internal/api/handlers_new.go:457.2,458.16 2 0
github.com/drallgood/audiobookshelf-hardcover-sync/internal/api/handlers_new.go:458.16,462.3 3 0
github.com/drallgood/audiobookshelf-hardcover-sync/internal/api/handlers_new.go:464.2,477.4 2 0
github.com/drallgood/audiobookshelf-hardcover-sync/internal/api/handlers_new.go:482.56,484.29 2 0
github.com/drallgood/audiobookshelf-hardcover-sync/internal/api/handlers_new.go:484.29,485.45 1 0
github.com/drallgood/audiobookshelf-hardcover-sync/internal/api/handlers_new.go:485.45,487.4 1 0
github.com/drallgood/audiobookshelf-hardcover-sync/internal/api/handlers_new.go:489.2,489.11 1 0
github.com/drallgood/audiobookshelf-hardcover-sync/internal/api/handlers_new.go:492.70,494.29 2 0
github.com/drallgood/audiobookshelf-hardcover-sync/internal/api/handlers_new.go:494.29,495.71 1 0
github.com/drallgood/audiobookshelf-hardcover-sync/internal/api/handlers_new.go:495.71,497.4 1 0
github.com/drallgood/audiobookshelf-hardcover-sync/internal/api/handlers_new.go:499.2,499.11 1 0
github.com/drallgood/audiobookshelf-hardcover-sync/internal/api/handlers_new.go:502.70,504.29 2 0
github.com/drallgood/audiobookshelf-hardcover-sync/internal/api/handlers_new.go:504.29,505.71 1 0
github.com/drallgood/audiobookshelf-hardcover-sync/internal/api/handlers_new.go:505.71,507.4 1 0
github.com/drallgood/audiobookshelf-hardcover-sync/internal/api/handlers_new.go:509.2,509.11 1 0
github.com/drallgood/audiobookshelf-hardcover-sync/internal/api/handlers_new.go:512.68,514.29 2 0
github.com/drallgood/audiobookshelf-hardcover-sync/internal/api/handlers_new.go:514.29,515.69 1 0
github.com/drallgood/audiobookshelf-hardcover-sync/internal/api/handlers_new.go:515.69,517.4 1 0
github.com/drallgood/audiobookshelf-hardcover-sync/internal/api/handlers_new.go:519.2,519.11 1 0
github.com/drallgood/audiobookshelf-hardcover-sync/internal/api/handlers_new.go:522.69,524.29 2 0
github.com/drallgood/audiobookshelf-hardcover-sync/internal/api/handlers_new.go:524.29,525.70 1 0
github.com/drallgood/audiobookshelf-hardcover-sync/internal/api/handlers_new.go:525.70,527.4 1 0
github.com/drallgood/audiobookshelf-hardcover-sync/internal/api/handlers_new.go:529.2,529.11 1 0
github.com/drallgood/audiobookshelf-hardcover-sync/internal/api/handlers_new.go:534.77,539.2 1 0
github.com/drallgood/audiobookshelf-hardcover-sync/internal/api/handlers_new.go:542.74,545.21 2 0
github.com/drallgood/audiobookshelf-hardcover-sync/internal/api/handlers_new.go:545.21,548.3 2 0
github.com/drallgood/audiobookshelf-hardcover-sync/internal/api/handlers_new.go:550.2,554.30 3 0
github.com/drallgood/audiobookshelf-hardcover-sync/internal/api/handlers_new.go:554.30,557.3 1 0
github.com/drallgood/audiobookshelf-hardcover-sync/internal/api/handlers_new.go:557.8,560.46 2 0
github.com/drallgood/audiobookshelf-hardcover-sync/internal/api/handlers_new.go:560.46,574.4 2 0
github.com/drallgood/audiobookshelf-hardcover-sync/internal/api/handlers_new.go:578.2,578.20 1 0
github.com/drallgood/audiobookshelf-hardcover-sync/internal/api/handlers_new.go:578.20,585.3 1 0
github.com/drallgood/audiobookshelf-hardcover-sync/internal/api/handlers_new.go:587.2,618.45 5 0
github.com/drallgood/audiobookshelf-hardcover-sync/internal/api/handlers_new.go:618.45,623.3 1 0
github.com/drallgood/audiobookshelf-hardcover-sync/internal/api/handlers_new.go:625.2,662.16 9 0
github.com/drallgood/audiobookshelf-hardcover-sync/internal/api/handlers_new.go:662.16,666.3 1 0
github.com/drallgood/audiobookshelf-hardcover-sync/internal/api/handlers_new.go:666.8,668.3 1 0
github.com/drallgood/audiobookshelf-hardcover-sync/internal/api/handlers_new.go:670.2,670.37 1 0
github.com/drallgood/audiobookshelf-hardcover-sync/internal/api/handlers_new.go:673.75,680.60 5 0
github.com/drallgood/audiobookshelf-hardcover-sync/internal/api/handlers_new.go:680.60,682.3 1 0
github.com/drallgood/audiobookshelf-hardcover-sync/internal/api/handlers_new.go:683.2,683.63 1 0
github.com/drallgood/audiobookshelf-hardcover-sync/internal/api/handlers_new.go:683.63,685.3 1 0
github.com/drallgood/audiobookshelf-hardcover-sync/internal/api/handlers_new.go:686.2,686.69 1 0
github.com/drallgood/audiobookshelf-hardcover-sync/internal/api/handlers_new.go:686.69,689.17 2 0
github.com/drallgood/audiobookshelf-hardcover-sync/internal/api/handlers_new.go:689.17,696.4 3 0
github.com/drallgood/audiobookshelf-hardcover-sync/internal/api/handlers_new.go:698.3,704.9 2 0
github.com/drallgood/audiobookshelf-hardcover-sync/internal/api/handlers_new.go:707.2,708.16 2 0
github.com/drallgood/audiobookshelf-hardcover-sync/internal/api/handlers_new.go:708.16,715.3 3 0
github.com/drallgood/audiobookshelf-hardcover-sync/internal/api/handlers_new.go:717.2,723.4 1 0
github.com/drallgood/audiobookshelf-hardcover-sync/internal/api/handlers_new.go:727.74,730.21 3 0
github.com/drallgood/audiobookshelf-hardcover-sync/internal/api/handlers_new.go:730.21,733.3 2 0
github.com/drallgood/audiobookshelf-hardcover-sync/internal/api/handlers_new.go:734.2,738.16 4 0
github.com/drallgood/audiobookshelf-hardcover-sync/internal/api/handlers_new.go:738.16,746.3 3 0
github.com/drallgood/audiobookshelf-hardcover-sync/internal/api/handlers_new.go:748.2,748.16 1 0
github.com/drallgood/audiobookshelf-hardcover-sync/internal/api/handlers_new.go:748.16,751.3 2 0
github.com/drallgood/audiobookshelf-hardcover-sync/internal/api/handlers_new.go:753.2,753.32 1 0
github.com/drallgood/audiobookshelf-hardcover-sync/internal/api/library.go:29.100,34.2 1 0
github.com/drallgood/audiobookshelf-hardcover-sync/internal/api/library.go:78.73,96.31 2 0
github.com/drallgood/audiobookshelf-hardcover-sync/internal/api/library.go:96.31,110.3 13 0
github.com/drallgood/audiobookshelf-hardcover-sync/internal/api/library.go:113.2,113.24 1 0
github.com/drallgood/audiobookshelf-hardcover-sync/internal/api/library.go:113.24,115.3 1 0
github.com/drallgood/audiobookshelf-hardcover-sync/internal/api/library.go:118.2,118.25 1 0
github.com/drallgood/audiobookshelf-hardcover-sync/internal/api/library.go:118.25,121.3 2 0
github.com/drallgood/audiobookshelf-hardcover-sync/internal/api/library.go:123.2,123.13 1 0
github.com/drallgood/audiobookshelf-hardcover-sync/internal/api/library.go:127.80,132.21 4 0
github.com/drallgood/audiobookshelf-hardcover-sync/internal/api/library.go:132.21,139.3 3 0
github.com/drallgood/audiobookshelf-hardcover-sync/internal/api/library.go:142.2,143.45 2 0
github.com/drallgood/audiobookshelf-hardcover-sync/internal/api/library.go:143.45,144.63 1 0
github.com/drallgood/audiobookshelf-hardcover-sync/internal/api/library.go:144.63,146.4 1 0
github.com/drallgood/audiobookshelf-hardcover-sync/internal/api/library.go:149.2,150.46 2 0
github.com/drallgood/audiobookshelf-hardcover-sync/internal/api/library.go:150.46,151.81 1 0
github.com/drallgood/audiobookshelf-hardcover-sync/internal/api/library.go:151.81,153.4 1 0
github.com/drallgood/audiobookshelf-hardcover-sync/internal/api/library.go:156.2,170.16 4 0
github.com/drallgood/audiobookshelf-hardcover-sync/internal/api/library.go:170.16,180.3 4 0
github.com/drallgood/audiobookshelf-hardcover-sync/internal/api/library.go:182.2,186.35 3 0
github.com/drallgood/audiobookshelf-hardcover-sync/internal/api/library.go:186.35,188.3 1 0
github.com/drallgood/audiobookshelf-hardcover-sync/internal/api/library.go:191.2,192.88 2 0
github.com/drallgood/audiobookshelf-hardcover-sync/internal/api/library.go:192.88,194.3 1 0
github.com/drallgood/audiobookshelf-hardcover-sync/internal/api/library.go:196.2,209.4 2 0
github.com/drallgood/audiobookshelf-hardcover-sync/internal/api/library.go:213.79,220.43 5 0
github.com/drallgood/audiobookshelf-hardcover-sync/internal/api/library.go:220.43,227.3 3 0
github.com/drallgood/audiobookshelf-hardcover-sync/internal/api/library.go:230.2,231.72 2 0
github.com/drallgood/audiobookshelf-hardcover-sync/internal/api/library.go:231.72,233.3 1 0
github.com/drallgood/audiobookshelf-hardcover-sync/internal/api/library.go:236.2,237.16 2 0
github.com/drallgood/audiobookshelf-hardcover-sync/internal/api/library.go:237.16,247.3 4 0
github.com/drallgood/audiobookshelf-hardcover-sync/internal/api/library.go:249.2,253.4 2 0
github.com/drallgood/audiobookshelf-hardcover-sync/internal/api/library.go:257.80,264.43 5 0
github.com/drallgood/audiobookshelf-hardcover-sync/internal/api/library.go:264.43,271.3 3 0
github.com/drallgood/audiobookshelf-hardcover-sync/internal/api/library.go:273.2,280.34 3 0
github.com/drallgood/audiobookshelf-hardcover-sync/internal/api/library.go:280.34,287.3 3 0
github.com/drallgood/audiobookshelf-hardcover-sync/internal/api/library.go:290.2,291.65 2 0
github.com/drallgood/audiobookshelf-hardcover-sync/internal/api/library.go:291.65,298.3 3 0
github.com/drallgood/audiobookshelf-hardcover-sync/internal/api/library.go:301.2,302.16 2 0
github.com/drallgood/audiobookshelf-hardcover-sync/internal/api/library.go:302.16,310.3 4 0
github.com/drallgood/audiobookshelf-hardcover-sync/internal/api/library.go:312.2,316.51 3 0
github.com/drallgood/audiobookshelf-hardcover-sync/internal/api/library.go:316.51,318.3 1 0
github.com/drallgood/audiobookshelf-hardcover-sync/internal/api/library.go:318.8,318.34 1 0
github.com/drallgood/audiobookshelf-hardcover-sync/internal/api/library.go:318.34,320.3 1 0
github.com/drallgood/audiobookshelf-hardcover-sync/internal/api/library.go:320.8,322.3 1 0
github.com/drallgood/audiobookshelf-hardcover-sync/internal/api/library.go:325.2,326.16 2 0
github.com/drallgood/audiobookshelf-hardcover-sync/internal/api/library.go:326.16,338.3 4 0
github.com/drallgood/audiobookshelf-hardcover-sync/internal/api/library.go:341.2,342.22 2 0
github.com/drallgood/audiobookshelf-hardcover-sync/internal/api/library.go:343.17,344.15 1 0
github.com/drallgood/audiobookshelf-hardcover-sync/internal/api/library.go:345.14,346.15 1 0
github.com/drallgood/audiobookshelf-hardcover-sync/internal/api/library.go:349.2,350.33 2 0
github.com/drallgood/audiobookshelf-hardcover-sync/internal/api/library.go:350.33,355.73 5 0
github.com/drallgood/audiobookshelf-hardcover-sync/internal/api/library.go:355.73,360.4 1 0
github.com/drallgood/audiobookshelf-hardcover-sync/internal/api/library.go:363.2,381.4 3 0
github.com/drallgood/audiobookshelf-hardcover-sync/internal/api/library.go:385.81,390.21 4 0
github.com/drallgood/audiobookshelf-hardcover-sync/internal/api/library.go:390.21,397.3 3 0
github.com/drallgood/audiobookshelf-hardcover-sync/internal/api/library.go:399.2,409.89 3 0
github.com/drallgood/audiobookshelf-hardcover-sync/internal/api/library.go:409.89,416.3 3 0
github.com/drallgood/audiobookshelf-hardcover-sync/internal/api/library.go:419.2,419.28 1 0
github.com/drallgood/audiobookshelf-hardcover-sync/internal/api/library.go:419.28,421.3 1 0
github.com/drallgood/audiobookshelf-hardcover-sync/internal/api/library.go:424.2,425.16 2 0
github.com/drallgood/audiobookshelf-hardcover-sync/internal/api/library.go:425.16,433.3 4 0
github.com/drallgood/audiobookshelf-hardcover-sync/internal/api/library.go:435.2,439.102 3 0
github.com/drallgood/audiobookshelf-hardcover-sync/internal/api/library.go:439.102,441.17 2 0
github.com/drallgood/audiobookshelf-hardcover-sync/internal/api/library.go:441.17,449.4 4 0
github.com/drallgood/audiobookshelf-hardcover-sync/internal/api/library.go:451.3,452.17 2 0
github.com/drallgood/audiobookshelf-hardcover-sync/internal/api/library.go:452.17,460.4 4 0
github.com/drallgood/audiobookshelf-hardcover-sync/internal/api/library.go:463.3,464.53 2 0
github.com/drallgood/audiobookshelf-hardcover-sync/internal/api/library.go:464.53,466.4 1 0
github.com/drallgood/audiobookshelf-hardcover-sync/internal/api/library.go:469.3,469.35 1 0
github.com/drallgood/audiobookshelf-hardcover-sync/internal/api/library.go:469.35,470.27 1 0
github.com/drallgood/audiobookshelf-hardcover-sync/internal/api/library.go:470.27,471.40 1 0
github.com/drallgood/audiobookshelf-hardcover-sync/internal/api/library.go:471.40,473.6 1 0
github.com/drallgood/audiobookshelf-hardcover-sync/internal/api/library.go:477.3,480.5 1 0
github.com/drallgood/audiobookshelf-hardcover-sync/internal/api/library.go:484.2,486.30 2 0
github.com/drallgood/audiobookshelf-hardcover-sync/internal/api/library.go:486.30,488.42 1 0
github.com/drallgood/audiobookshelf-hardcover-sync/internal/api/library.go:488.42,490.33 2 0
github.com/drallgood/audiobookshelf-hardcover-sync/internal/api/library.go:490.33,492.5 1 0
github.com/drallgood/audiobookshelf-hardcover-sync/internal/api/library.go:494.8,497.17 2 0
github.com/drallgood/audiobookshelf-hardcover-sync/internal/api/library.go:497.17,504.4 3 0
github.com/drallgood/audiobookshelf-hardcover-sync/internal/api/library.go:507.3,507.33 1 0
github.com/drallgood/audiobookshelf-hardcover-sync/internal/api/library.go:507.33,510.28 2 0
github.com/drallgood/audiobookshelf-hardcover-sync/internal/api/library.go:511.44,513.54 1 0
github.com/drallgood/audiobookshelf-hardcover-sync/internal/api/library.go:513.54,515.104 2 0
github.com/drallgood/audiobookshelf-hardcover-sync/internal/api/library.go:515.104,517.7 1 0
github.com/drallgood/audiobookshelf-hardcover-sync/internal/api/library.go:519.38,521.54 1 0
github.com/drallgood/audiobookshelf-hardcover-sync/internal/api/library.go:521.54,523.6 1 0
github.com/drallgood/audiobookshelf-hardcover-sync/internal/api/library.go:524.46,526.54 1 0
github.com/drallgood/audiobookshelf-hardcover-sync/internal/api/library.go:526.54,528.39 1 0
github.com/drallgood/audiobookshelf-hardcover-sync/internal/api/library.go:528.39,530.7 1 0
github.com/drallgood/audiobookshelf-hardcover-sync/internal/api/library.go:536.2,547.35 5 0
github.com/drallgood/audiobookshelf-hardcover-sync/internal/api/library.go:547.35,549.52 2 0
github.com/drallgood/audiobookshelf-hardcover-sync/internal/api/library.go:549.52,550.12 1 0
github.com/drallgood/audiobookshelf-hardcover-sync/internal/api/library.go:554.3,563.46 3 0
github.com/drallgood/audiobookshelf-hardcover-sync/internal/api/library.go:563.46,565.4 1 0
github.com/drallgood/audiobookshelf-hardcover-sync/internal/api/library.go:565.9,565.32 1 0
github.com/drallgood/audiobookshelf-hardcover-sync/internal/api/library.go:565.32,567.4 1 0
github.com/drallgood/audiobookshelf-hardcover-sync/internal/api/library.go:567.9,569.4 1 0
github.com/drallgood/audiobookshelf-hardcover-sync/internal/api/library.go:572.3,573.17 2 0
github.com/drallgood/audiobookshelf-hardcover-sync/internal/api/library.go:573.17,585.12 4 0
github.com/drallgood/audiobookshelf-hardcover-sync/internal/api/library.go:589.3,590.23 2 0
github.com/drallgood/audiobookshelf-hardcover-sync/internal/api/library.go:591.18,592.16 1 0
github.com/drallgood/audiobookshelf-hardcover-sync/internal/api/library.go:593.15,594.16 1 0
github.com/drallgood/audiobookshelf-hardcover-sync/internal/api/library.go:597.3,598.34 2 0
github.com/drallgood/audiobookshelf-hardcover-sync/internal/api/library.go:598.34,604.86 6 0
github.com/drallgood/audiobookshelf-hardcover-sync/internal/api/library.go:604.86,610.5 1 0
github.com/drallgood/audiobookshelf-hardcover-sync/internal/api/library.go:610.10,613.46 2 0
github.com/drallgood/audiobookshelf-hardcover-sync/internal/api/library.go:613.46,619.6 1 0
github.com/drallgood/audiobookshelf-hardcover-sync/internal/api/library.go:619.11,629.6 1 0
github.com/drallgood/audiobookshelf-hardcover-sync/internal/api/library.go:633.3,639.5 2 0
github.com/drallgood/audiobookshelf-hardcover-sync/internal/api/library.go:642.2,657.4 3 0
github.com/drallgood/audiobookshelf-hardcover-sync/internal/api/library.go:661.112,664.39 2 0
github.com/drallgood/audiobookshelf-hardcover-sync/internal/api/library.go:664.39,666.3 1 0
github.com/drallgood/audiobookshelf-hardcover-sync/internal/api/library.go:666.8,666.29 1 0
github.com/drallgood/audiobookshelf-hardcover-sync/internal/api/library.go:666.29,668.3 1 0
github.com/drallgood/audiobookshelf-hardcover-sync/internal/api/library.go:668.8,670.3 1 0
github.com/drallgood/audiobookshelf-hardcover-sync/internal/api/library.go:673.2,673.33 1 0
github.com/drallgood/audiobookshelf-hardcover-sync/internal/api/library.go:673.33,675.3 1 0
github.com/drallgood/audiobookshelf-hardcover-sync/internal/api/library.go:678.2,678.26 1 0
github.com/drallgood/audiobookshelf-hardcover-sync/internal/api/library.go:678.26,680.15 2 0
github.com/drallgood/audiobookshelf-hardcover-sync/internal/api/library.go:680.15,682.4 1 0
github.com/drallgood/audiobookshelf-hardcover-sync/internal/api/library.go:683.3,683.18 1 0
github.com/drallgood/audiobookshelf-hardcover-sync/internal/api/library.go:683.18,685.4 1 0
github.com/drallgood/audiobookshelf-hardcover-sync/internal/api/library.go:688.2,688.14 1 0
github.com/drallgood/audiobookshelf-hardcover-sync/internal/api/library.go:692.87,697.21 4 0
github.com/drallgood/audiobookshelf-hardcover-sync/internal/api/library.go:697.21,704.3 3 0
github.com/drallgood/audiobookshelf-hardcover-sync/internal/api/library.go:707.2,708.16 2 0
github.com/drallgood/audiobookshelf-hardcover-sync/internal/api/library.go:708.16,716.3 4 0
github.com/drallgood/audiobookshelf-hardcover-sync/internal/api/library.go:718.2,719.16 2 0
github.com/drallgood/audiobookshelf-hardcover-sync/internal/api/library.go:719.16,727.3 4 0
github.com/drallgood/audiobookshelf-hardcover-sync/internal/api/library.go:729.2,735.4 2 0
github.com/drallgood/audiobookshelf-hardcover-sync/internal/api/library.go:739.89,744.21 4 0
github.com/drallgood/audiobookshelf-hardcover-sync/internal/api/library.go:744.21,751.3 3 0
github.com/drallgood/audiobookshelf-hardcover-sync/internal/api/library.go:754.2,755.16 2 0
github.com/drallgood/audiobookshelf-hardcover-sync/internal/api/library.go:755.16,763.3 4 0
github.com/drallgood/audiobookshelf-hardcover-sync/internal/api/library.go:765.2,766.16 2 0
github.com/drallgood/audiobookshelf-hardcover-sync/internal/api/library.go:766.16,774.3 4 0
github.com/drallgood/audiobookshelf-hardcover-sync/internal/api/library.go:776.2,782.4 2 0
github.com/drallgood/audiobookshelf-hardcover-sync/internal/api/library.go:786.87,791.21 4 0
github.com/drallgood/audiobookshelf-hardcover-sync/internal/api/library.go:791.21,798.3 3 0
github.com/drallgood/audiobookshelf-hardcover-sync/internal/api/library.go:800.2,805.33 2 0
github.com/drallgood/audiobookshelf-hardcover-sync/internal/api/library.go:805.33,812.3 3 0
github.com/drallgood/audiobookshelf-hardcover-sync/internal/api/library.go:815.2,816.16 2 0
github.com/drallgood/audiobookshelf-hardcover-sync/internal/api/library.go:816.16,827.3 4 0
github.com/drallgood/audiobookshelf-hardcover-sync/internal/api/library.go:830.2,832.16 3 0
github.com/drallgood/audiobookshelf-hardcover-sync/internal/api/library.go:832.16,843.3 4 0
github.com/drallgood/audiobookshelf-hardcover-sync/internal/api/library.go:845.2,860.4 3 0
github.com/drallgood/audiobookshelf-hardcover-sync/internal/api/library.go:864.86,869.21 4 0
github.com/drallgood/audiobookshelf-hardcover-sync/internal/api/library.go:869.21,876.3 3 0
github.com/drallgood/audiobookshelf-hardcover-sync/internal/api/library.go:878.2,883.33 2 0
github.com/drallgood/audiobookshelf-hardcover-sync/internal/api/library.go:883.33,890.3 3 0
github.com/drallgood/audiobookshelf-hardcover-sync/internal/api/library.go:893.2,894.16 2 0
github.com/drallgood/audiobookshelf-hardcover-sync/internal/api/library.go:894.16,905.3 4 0
github.com/drallgood/audiobookshelf-hardcover-sync/internal/api/library.go:908.2,910.16 3 0
github.com/drallgood/audiobookshelf-hardcover-sync/internal/api/library.go:910.16,921.3 4 0
github.com/drallgood/audiobookshelf-hardcover-sync/internal/api/library.go:923.2,931.16 4 0
github.com/drallgood/audiobookshelf-hardcover-sync/internal/api/library.go:931.16,932.69 1 0
github.com/drallgood/audiobookshelf-hardcover-sync/internal/api/library.go:932.69,937.4 1 0
github.com/drallgood/audiobookshelf-hardcover-sync/internal/api/library.go:937.9,941.4 1 0
github.com/drallgood/audiobookshelf-hardcover-sync/internal/api/library.go:944.2,955.4 2 0
github.com/drallgood/audiobookshelf-hardcover-sync/internal/api/library.go:959.90,966.43 5 0
github.com/drallgood/audiobookshelf-hardcover-sync/internal/api/library.go:966.43,973.3 3 0
github.com/drallgood/audiobookshelf-hardcover-sync/internal/api/library.go:976.2,977.72 2 0
github.com/drallgood/audiobookshelf-hardcover-sync/internal/api/library.go:977.72,979.3 1 0
github.com/drallgood/audiobookshelf-hardcover-sync/internal/api/library.go:981.2,982.45 2 0
github.com/drallgood/audiobookshelf-hardcover-sync/internal/api/library.go:982.45,983.63 1 0
github.com/drallgood/audiobookshelf-hardcover-sync/internal/api/library.go:983.63,985.4 1 0
github.com/drallgood/audiobookshelf-hardcover-sync/internal/api/library.go:988.2,992.16 4 0
github.com/drallgood/audiobookshelf-hardcover-sync/internal/api/library.go:992.16,1002.3 4 0
github.com/drallgood/audiobookshelf-hardcover-sync/internal/api/library.go:1004.2,1020.4 4 0
github.com/drallgood/audiobookshelf-hardcover-sync/internal/api/library.go:1024.85,1029.21 4 0
github.com/drallgood/audiobookshelf-hardcover-sync/internal/api/library.go:1029.21,1036.3 3 0
github.com/drallgood/audiobookshelf-hardcover-sync/internal/api/library.go:1039.2,1041.60 3 0
github.com/drallgood/audiobookshelf-hardcover-sync/internal/api/library.go:1041.60,1042.60 1 0
github.com/drallgood/audiobookshelf-hardcover-sync/internal/api/library.go:1042.60,1044.4 1 0
github.com/drallgood/audiobookshelf-hardcover-sync/internal/api/library.go:1046.2,1046.63 1 0
github.com/drallgood/audiobookshelf-hardcover-sync/internal/api/library.go:1046.63,1047.62 1 0
github.com/drallgood/audiobookshelf-hardcover-sync/internal/api/library.go:1047.62,1049.4 1 0
github.com/drallgood/audiobookshelf-hardcover-sync/internal/api/library.go:1052.2,1053.16 2 0
github.com/drallgood/audiobookshelf-hardcover-sync/internal/api/library.go:1053.16,1063.3 4 0
github.com/drallgood/audiobookshelf-hardcover-sync/internal/api/library.go:1065.2,1074.4 2 0
github.com/drallgood/audiobookshelf-hardcover-sync/internal/api/library.go:1078.86,1083.21 4 0
github.com/drallgood/audiobookshelf-hardcover-sync/internal/api/library.go:1083.21,1090.3 3 0
github.com/drallgood/audiobookshelf-hardcover-sync/internal/api/library.go:1092.2,1093.16 2 0
github.com/drallgood/audiobookshelf-hardcover-sync/internal/api/library.go:1093.16,1103.3 4 0
github.com/drallgood/audiobookshelf-hardcover-sync/internal/api/library.go:1105.2,1109.4 2 0
github.com/drallgood/audiobookshelf-hardcover-sync/internal/api/library.go:1113.86,1118.21 4 0
github.com/drallgood/audiobookshelf-hardcover-sync/internal/api/library.go:1118.21,1125.3 3 0
github.com/drallgood/audiobookshelf-hardcover-sync/internal/api/library.go:1127.2,1132.33 2 0
github.com/drallgood/audiobookshelf-hardcover-sync/internal/api/library.go:1132.33,1139.3 3 0
github.com/drallgood/audiobookshelf-hardcover-sync/internal/api/library.go:1142.2,1143.16 2 0
github.com/drallgood/audiobookshelf-hardcover-sync/internal/api/library.go:1143.16,1154.3 4 0
github.com/drallgood/audiobookshelf-hardcover-sync/internal/api/library.go:1157.2,1158.65 2 0
github.com/drallgood/audiobookshelf-hardcover-sync/internal/api/library.go:1158.65,1169.3 4 0
github.com/drallgood/audiobookshelf-hardcover-sync/internal/api/library.go:1171.2,1181.4 3 0
github.com/drallgood/audiobookshelf-hardcover-sync/internal/api/library.go:1185.89,1192.43 5 0
github.com/drallgood/audiobookshelf-hardcover-sync/internal/api/library.go:1192.43,1199.3 3 0
github.com/drallgood/audiobookshelf-hardcover-sync/internal/api/library.go:1201.2,1212.4 3 0
github.com/drallgood/audiobookshelf-hardcover-sync/internal/api/library.go:1216.89,1223.43 5 0
github.com/drallgood/audiobookshelf-hardcover-sync/internal/api/library.go:1223.43,1230.3 3 0
github.com/drallgood/audiobookshelf-hardcover-sync/internal/api/library.go:1232.2,1243.4 3 0
github.com/drallgood/audiobookshelf-hardcover-sync/internal/api/library.go:1247.83,1254.40 5 0
github.com/drallgood/audiobookshelf-hardcover-sync/internal/api/library.go:1254.40,1261.3 3 0
github.com/drallgood/audiobookshelf-hardcover-sync/internal/api/library.go:1263.2,1264.16 2 0
github.com/drallgood/audiobookshelf-hardcover-sync/internal/api/library.go:1264.16,1271.3 3 0
github.com/drallgood/audiobookshelf-hardcover-sync/internal/api/library.go:1274.2,1275.16 2 0
github.com/drallgood/audiobookshelf-hardcover-sync/internal/api/library.go:1275.16,1283.3 4 0
github.com/drallgood/audiobookshelf-hardcover-sync/internal/api/library.go:1286.2,1287.16 2 0
github.com/drallgood/audiobookshelf-hardcover-sync/internal/api/library.go:1287.16,1295.3 4 0
github.com/drallgood/audiobookshelf-hardcover-sync/internal/api/library.go:1297.2,1306.4 3 0
github.com/drallgood/audiobookshelf-hardcover-sync/internal/api/library.go:1315.85,1322.43 5 0
github.com/drallgood/audiobookshelf-hardcover-sync/internal/api/library.go:1322.43,1329.3 3 0
github.com/drallgood/audiobookshelf-hardcover-sync/internal/api/library.go:1331.2,1332.16 2 0
github.com/drallgood/audiobookshelf-hardcover-sync/internal/api/library.go:1332.16,1335.41 2 0
github.com/drallgood/audiobookshelf-hardcover-sync/internal/api/library.go:1335.41,1342.4 3 0
github.com/drallgood/audiobookshelf-hardcover-sync/internal/api/library.go:1343.3,1343.33 1 0
github.com/drallgood/audiobookshelf-hardcover-sync/internal/api/library.go:1346.2,1347.61 2 0
github.com/drallgood/audiobookshelf-hardcover-sync/internal/api/library.go:1347.61,1354.3 3 0
github.com/drallgood/audiobookshelf-hardcover-sync/internal/api/library.go:1357.2,1358.34 2 0
github.com/drallgood/audiobookshelf-hardcover-sync/internal/api/library.go:1358.34,1365.3 3 0
github.com/drallgood/audiobookshelf-hardcover-sync/internal/api/library.go:1368.2,1373.67 5 0
github.com/drallgood/audiobookshelf-hardcover-sync/internal/api/library.go:1373.67,1381.3 4 0
github.com/drallgood/audiobookshelf-hardcover-sync/internal/api/library.go:1384.2,1384.33 1 0
github.com/drallgood/audiobookshelf-hardcover-sync/internal/api/library.go:1384.33,1386.34 2 0
github.com/drallgood/audiobookshelf-hardcover-sync/internal/api/library.go:1386.34,1388.74 2 0
github.com/drallgood/audiobookshelf-hardcover-sync/internal/api/library.go:1388.74,1390.5 1 0
github.com/drallgood/audiobookshelf-hardcover-sync/internal/api/library.go:1394.2,1407.4 3 0
github.com/drallgood/audiobookshelf-hardcover-sync/internal/api/library.go:1426.87,1433.40 5 0
github.com/drallgood/audiobookshelf-hardcover-sync/internal/api/library.go:1433.40,1440.3 3 0
github.com/drallgood/audiobookshelf-hardcover-sync/internal/api/library.go:1443.2,1444.34 2 0
github.com/drallgood/audiobookshelf-hardcover-sync/internal/api/library.go:1444.34,1451.3 3 0
github.com/drallgood/audiobookshelf-hardcover-sync/internal/api/library.go:1454.2,1455.16 2 0
github.com/drallgood/audiobookshelf-hardcover-sync/internal/api/library.go:1455.16,1463.3 4 0
github.com/drallgood/audiobookshelf-hardcover-sync/internal/api/library.go:1465.2,1469.24 3 0
github.com/drallgood/audiobookshelf-hardcover-sync/internal/api/library.go:1469.24,1471.32 2 0
github.com/drallgood/audiobookshelf-hardcover-sync/internal/api/library.go:1471.32,1478.4 2 0
github.com/drallgood/audiobookshelf-hardcover-sync/internal/api/library.go:1482.2,1482.45 1 0
github.com/drallgood/audiobookshelf-hardcover-sync/internal/api/library.go:1482.45,1484.32 2 0
github.com/drallgood/audiobookshelf-hardcover-sync/internal/api/library.go:1484.32,1491.4 2 0
github.com/drallgood/audiobookshelf-hardcover-sync/internal/api/library.go:1495.2,1495.46 1 0
github.com/drallgood/audiobookshelf-hardcover-sync/internal/api/library.go:1495.46,1497.35 2 0
github.com/drallgood/audiobookshelf-hardcover-sync/internal/api/library.go:1497.35,1498.31 1 0
github.com/drallgood/audiobookshelf-hardcover-sync/internal/api/library.go:1498.31,1505.5 2 0
github.com/drallgood/audiobookshelf-hardcover-sync/internal/api/library.go:1509.2,1520.4 3 0
github.com/drallgood/audiobookshelf-hardcover-sync/internal/api/library.go:1524.94,1531.21 5 0
github.com/drallgood/audiobookshelf-hardcover-sync/internal/api/library.go:1531.21,1538.3 3 0
github.com/drallgood/audiobookshelf-hardcover-sync/internal/api/library.go:1540.2,1540.17 1 0
github.com/drallgood/audiobookshelf-hardcover-sync/internal/api/library.go:1540.17,1547.3 3 0
github.com/drallgood/audiobookshelf-hardcover-sync/internal/api/library.go:1550.2,1551.16 2 0
github.com/drallgood/audiobookshelf-hardcover-sync/internal/api/library.go:1551.16,1559.3 4 0
github.com/drallgood/audiobookshelf-hardcover-sync/internal/api/library.go:1561.2,1566.16 4 0
github.com/drallgood/audiobookshelf-hardcover-sync/internal/api/library.go:1566.16,1574.3 4 0
github.com/drallgood/audiobookshelf-hardcover-sync/internal/api/library.go:1576.2,1576.29 1 0
github.com/drallgood/audiobookshelf-hardcover-sync/internal/api/library.go:1576.29,1583.3 2 0
github.com/drallgood/audiobookshelf-hardcover-sync/internal/api/library.go:1585.2,1595.4 3 0
github.com/drallgood/audiobookshelf-hardcover-sync/internal/api/library.go:1605.87,1612.43 5 0
github.com/drallgood/audiobookshelf-hardcover-sync/internal/api/library.go:1612.43,1619.3 3 0
github.com/drallgood/audiobookshelf-hardcover-sync/internal/api/library.go:1621.2,1622.61 2 0
github.com/drallgood/audiobookshelf-hardcover-sync/internal/api/library.go:1622.61,1629.3 3 0
github.com/drallgood/audiobookshelf-hardcover-sync/internal/api/library.go:1631.2,1631.43 1 0
github.com/drallgood/audiobookshelf-hardcover-sync/internal/api/library.go:1631.43,1638.3 3 0
github.com/drallgood/audiobookshelf-hardcover-sync/internal/api/library.go:1641.2,1642.34 2 0
github.com/drallgood/audiobookshelf-hardcover-sync/internal/api/library.go:1642.34,1649.3 3 0
github.com/drallgood/audiobookshelf-hardcover-sync/internal/api/library.go:1652.2,1653.16 2 0
github.com/drallgood/audiobookshelf-hardcover-sync/internal/api/library.go:1653.16,1661.3 4 0
github.com/drallgood/audiobookshelf-hardcover-sync/internal/api/library.go:1663.2,1668.16 4 0
github.com/drallgood/audiobookshelf-hardcover-sync/internal/api/library.go:1668.16,1679.3 4 0
github.com/drallgood/audiobookshelf-hardcover-sync/internal/api/library.go:1682.2,1683.16 2 0
github.com/drallgood/audiobookshelf-hardcover-sync/internal/api/library.go:1683.16,1686.3 2 0
github.com/drallgood/audiobookshelf-hardcover-sync/internal/api/library.go:1689.2,1701.66 3 0
github.com/drallgood/audiobookshelf-hardcover-sync/internal/api/library.go:1701.66,1709.3 4 0
github.com/drallgood/audiobookshelf-hardcover-sync/internal/api/library.go:1712.2,1727.75 2 0
github.com/drallgood/audiobookshelf-hardcover-sync/internal/api/library.go:1727.75,1733.3 1 0
github.com/drallgood/audiobookshelf-hardcover-sync/internal/api/library.go:1735.2,1752.4 3 0
github.com/drallgood/audiobookshelf-hardcover-sync/internal/api/audnex/client.go:44.47,47.31 2 0
github.com/drallgood/audiobookshelf-hardcover-sync/internal/api/audnex/client.go:48.21,50.28 1 0
github.com/drallgood/audiobookshelf-hardcover-sync/internal/api/audnex/client.go:50.28,51.30 1 0
github.com/drallgood/audiobookshelf-hardcover-sync/internal/api/audnex/client.go:52.16,53.33 1 0
github.com/drallgood/audiobookshelf-hardcover-sync/internal/api/audnex/client.go:54.32,55.43 1 0
github.com/drallgood/audiobookshelf-hardcover-sync/internal/api/audnex/client.go:55.43,57.6 1 0
github.com/drallgood/audiobookshelf-hardcover-sync/internal/api/audnex/client.go:60.30,62.41 1 0
github.com/drallgood/audiobookshelf-hardcover-sync/internal/api/audnex/client.go:62.41,64.4 1 0
github.com/drallgood/audiobookshelf-hardcover-sync/internal/api/audnex/client.go:65.14,67.31 1 0
github.com/drallgood/audiobookshelf-hardcover-sync/internal/api/audnex/client.go:70.2,70.16 1 0
github.com/drallgood/audiobookshelf-hardcover-sync/internal/api/audnex/client.go:74.49,77.33 2 0
github.com/drallgood/audiobookshelf-hardcover-sync/internal/api/audnex/client.go:78.21,80.30 1 0
github.com/drallgood/audiobookshelf-hardcover-sync/internal/api/audnex/client.go:80.30,81.32 1 0
github.com/drallgood/audiobookshelf-hardcover-sync/internal/api/audnex/client.go:82.16,83.37 1 0
github.com/drallgood/audiobookshelf-hardcover-sync/internal/api/audnex/client.go:84.32,85.43 1 0
github.com/drallgood/audiobookshelf-hardcover-sync/internal/api/audnex/client.go:85.43,87.6 1 0
github.com/drallgood/audiobookshelf-hardcover-sync/internal/api/audnex/client.go:90.30,92.41 1 0
github.com/drallgood/audiobookshelf-hardcover-sync/internal/api/audnex/client.go:92.41,94.4 1 0
github.com/drallgood/audiobookshelf-hardcover-sync/internal/api/audnex/client.go:95.14,97.35 1 0
github.com/drallgood/audiobookshelf-hardcover-sync/internal/api/audnex/client.go:100.2,100.18 1 0
github.com/drallgood/audiobookshelf-hardcover-sync/internal/api/audnex/client.go:104.47,112.2 1 0
github.com/drallgood/audiobookshelf-hardcover-sync/internal/api/audnex/client.go:115.89,116.16 1 2
github.com/drallgood/audiobookshelf-hardcover-sync/internal/api/audnex/client.go:116.16,118.3 1 0
github.com/drallgood/audiobookshelf-hardcover-sync/internal/api/audnex/client.go:120.2,121.18 2 2
github.com/drallgood/audiobookshelf-hardcover-sync/internal/api/audnex/client.go:121.18,123.3 1 0
github.com/drallgood/audiobookshelf-hardcover-sync/internal/api/audnex/client.go:125.2,138.52 5 2
github.com/drallgood/audiobookshelf-hardcover-sync/internal/api/audnex/client.go:138.52,140.18 1 2
github.com/drallgood/audiobookshelf-hardcover-sync/internal/api/audnex/client.go:140.18,151.11 3 0
github.com/drallgood/audiobookshelf-hardcover-sync/internal/api/audnex/client.go:152.22,153.26 1 0
github.com/drallgood/audiobookshelf-hardcover-sync/internal/api/audnex/client.go:154.31,154.31 0 0
github.com/drallgood/audiobookshelf-hardcover-sync/internal/api/audnex/client.go:160.3,161.17 2 2
github.com/drallgood/audiobookshelf-hardcover-sync/internal/api/audnex/client.go:161.17,163.4 1 0
github.com/drallgood/audiobookshelf-hardcover-sync/internal/api/audnex/client.go:165.3,166.17 2 2
github.com/drallgood/audiobookshelf-hardcover-sync/internal/api/audnex/client.go:166.17,168.12 2 0
github.com/drallgood/audiobookshelf-hardcover-sync/internal/api/audnex/client.go:172.3,175.54 2 2
github.com/drallgood/audiobookshelf-hardcover-sync/internal/api/audnex/client.go:175.54,184.12 3 0
github.com/drallgood/audiobookshelf-hardcover-sync/internal/api/audnex/client.go:188.3,188.54 1 2
github.com/drallgood/audiobookshelf-hardcover-sync/internal/api/audnex/client.go:188.54,196.4 2 1
github.com/drallgood/audiobookshelf-hardcover-sync/internal/api/audnex/client.go:199.3,199.39 1 1
github.com/drallgood/audiobookshelf-hardcover-sync/internal/api/audnex/client.go:199.39,201.67 2 1
github.com/drallgood/audiobookshelf-hardcover-sync/internal/api/audnex/client.go:201.67,203.5 1 0
github.com/drallgood/audiobookshelf-hardcover-sync/internal/api/audnex/client.go:206.4,206.19 1 1
github.com/drallgood/audiobookshelf-hardcover-sync/internal/api/audnex/client.go:206.19,211.5 1 0
github.com/drallgood/audiobookshelf-hardcover-sync/internal/api/audnex/client.go:213.4,213.21 1 1
github.com/drallgood/audiobookshelf-hardcover-sync/internal/api/audnex/client.go:217.3,223.78 2 0
github.com/drallgood/audiobookshelf-hardcover-sync/internal/api/audnex/client.go:227.2,233.76 2 0
github.com/drallgood/audiobookshelf-hardcover-sync/internal/cache/cache.go:38.74,43.2 1 0
github.com/drallgood/audiobookshelf-hardcover-sync/internal/cache/cache.go:46.68,51.13 4 0
github.com/drallgood/audiobookshelf-hardcover-sync/internal/cache/cache.go:51.13,53.3 1 0
github.com/drallgood/audiobookshelf-hardcover-sync/internal/cache/cache.go:53.8,55.3 1 0
github.com/drallgood/audiobookshelf-hardcover-sync/internal/cache/cache.go:57.2,65.4 2 0
github.com/drallgood/audiobookshelf-hardcover-sync/internal/cache/cache.go:69.50,74.12 4 0
github.com/drallgood/audiobookshelf-hardcover-sync/internal/cache/cache.go:74.12,77.3 2 0
github.com/drallgood/audiobookshelf-hardcover-sync/internal/cache/cache.go:80.2,80.66 1 0
github.com/drallgood/audiobookshelf-hardcover-sync/internal/cache/cache.go:80.66,86.3 3 0
github.com/drallgood/audiobookshelf-hardcover-sync/internal/cache/cache.go:88.2,92.25 2 0
github.com/drallgood/audiobookshelf-hardcover-sync/internal/cache/cache.go:96.43,106.2 4 0
github.com/drallgood/audiobookshelf-hardcover-sync/internal/cache/cache.go:109.37,116.2 4 0
github.com/drallgood/audiobookshelf-hardcover-sync/internal/cache/cache.go:119.85,124.2 1 0
github.com/drallgood/audiobookshelf-hardcover-sync/internal/cache/cache.go:131.65,133.2 1 0
github.com/drallgood/audiobookshelf-hardcover-sync/internal/cache/cache.go:135.49,137.2 1 0
github.com/drallgood/audiobookshelf-hardcover-sync/internal/cache/cache.go:139.42,141.2 1 0
github.com/drallgood/audiobookshelf-hardcover-sync/internal/cache/cache.go:143.36,145.2 1 0
github.com/drallgood/audiobookshelf-hardcover-sync/internal/auth/config_integration.go:37.65,38.23 1 0
github.com/drallgood/audiobookshelf-hardcover-sync/internal/auth/config_integration.go:38.23,40.3 1 0
github.com/drallgood/audiobookshelf-hardcover-sync/internal/auth/config_integration.go:42.2,55.33 2 0
github.com/drallgood/audiobookshelf-hardcover-sync/internal/auth/config_integration.go:55.33,57.3 1 0
github.com/drallgood/audiobookshelf-hardcover-sync/internal/auth/config_integration.go:60.2,63.20 2 0
github.com/drallgood/audiobookshelf-hardcover-sync/internal/auth/config_integration.go:63.20,75.3 2 0
github.com/drallgood/audiobookshelf-hardcover-sync/internal/auth/config_integration.go:78.2,78.33 1 0
github.com/drallgood/audiobookshelf-hardcover-sync/internal/auth/config_integration.go:78.33,93.3 2 0
github.com/drallgood/audiobookshelf-hardcover-sync/internal/auth/config_integration.go:96.2,96.35 1 0
github.com/drallgood/audiobookshelf-hardcover-sync/internal/auth/config_integration.go:96.35,99.3 2 0
github.com/drallgood/audiobookshelf-hardcover-sync/internal/auth/config_integration.go:100.2,100.42 1 0
github.com/drallgood/audiobookshelf-hardcover-sync/internal/auth/config_integration.go:100.42,102.3 1 0
github.com/drallgood/audiobookshelf-hardcover-sync/internal/auth/config_integration.go:103.2,103.39 1 0
github.com/drallgood/audiobookshelf-hardcover-sync/internal/auth/config_integration.go:103.39,105.3 1 0
github.com/drallgood/audiobookshelf-hardcover-sync/internal/auth/config_integration.go:106.2,106.43 1 0
github.com/drallgood/audiobookshelf-hardcover-sync/internal/auth/config_integration.go:106.43,107.69 1 0
github.com/drallgood/audiobookshelf-hardcover-sync/internal/auth/config_integration.go:107.69,109.4 1 0
github.com/drallgood/audiobookshelf-hardcover-sync/internal/auth/config_integration.go:111.2,111.42 1 0
github.com/drallgood/audiobookshelf-hardcover-sync/internal/auth/config_integration.go:111.42,113.3 1 0
github.com/drallgood/audiobookshelf-hardcover-sync/internal/auth/config_integration.go:114.2,114.45 1 0
github.com/drallgood/audiobookshelf-hardcover-sync/internal/auth/config_integration.go:114.45,116.3 1 0
github.com/drallgood/audiobookshelf-hardcover-sync/internal/auth/config_integration.go:117.2,117.45 1 0
github.com/drallgood/audiobookshelf-hardcover-sync/internal/auth/config_integration.go:117.45,119.3 1 0
github.com/drallgood/audiobookshelf-hardcover-sync/internal/auth/config_integration.go:122.2,122.70 1 0
github.com/drallgood/audiobookshelf-hardcover-sync/internal/auth/config_integration.go:122.70,123.51 1 0
github.com/drallgood/audiobookshelf-hardcover-sync/internal/auth/config_integration.go:123.51,125.4 1 0
github.com/drallgood/audiobookshelf-hardcover-sync/internal/auth/config_integration.go:126.3,126.48 1 0
github.com/drallgood/audiobookshelf-hardcover-sync/internal/auth/config_integration.go:126.48,128.4 1 0
github.com/drallgood/audiobookshelf-hardcover-sync/internal/auth/config_integration.go:129.3,129.51 1 0
github.com/drallgood/audiobookshelf-hardcover-sync/internal/auth/config_integration.go:129.51,131.4 1 0
github.com/drallgood/audiobookshelf-hardcover-sync/internal/auth/config_integration.go:135.2,135.44 1 0
github.com/drallgood/audiobookshelf-hardcover-sync/internal/auth/config_integration.go:135.44,136.61 1 0
github.com/drallgood/audiobookshelf-hardcover-sync/internal/auth/config_integration.go:136.61,137.41 1 0
github.com/drallgood/audiobookshelf-hardcover-sync/internal/auth/config_integration.go:137.41,139.5 1 0
github.com/drallgood/audiobookshelf-hardcover-sync/internal/auth/config_integration.go:140.4,140.40 1 0
github.com/drallgood/audiobookshelf-hardcover-sync/internal/auth/config_integration.go:140.40,142.5 1 0
github.com/drallgood/audiobookshelf-hardcover-sync/internal/auth/config_integration.go:143.4,143.43 1 0
github.com/drallgood/audiobookshelf-hardcover-sync/internal/auth/config_integration.go:143.43,145.5 1 0
github.com/drallgood/audiobookshelf-hardcover-sync/internal/auth/config_integration.go:146.4,146.47 1 0
github.com/drallgood/audiobookshelf-hardcover-sync/internal/auth/config_integration.go:146.47,148.5 1 0
github.com/drallgood/audiobookshelf-hardcover-sync/internal/auth/config_integration.go:149.4,149.46 1 0
github.com/drallgood/audiobookshelf-hardcover-sync/internal/auth/config_integration.go:149.46,151.5 1 0
github.com/drallgood/audiobookshelf-hardcover-sync/internal/auth/config_integration.go:152.4,152.40 1 0
github.com/drallgood/audiobookshelf-hardcover-sync/internal/auth/config_integration.go:152.40,154.5 1 0
github.com/drallgood/audiobookshelf-hardcover-sync/internal/auth/config_integration.go:155.4,155.44 1 0
github.com/drallgood/audiobookshelf-hardcover-sync/internal/auth/config_integration.go:155.44,157.5 1 0
github.com/drallgood/audiobookshelf-hardcover-sync/internal/auth/config_integration.go:161.2,161.15 1 0
github.com/drallgood/audiobookshelf-hardcover-sync/internal/auth/config_integration.go:165.40,168.35 2 0
github.com/drallgood/audiobookshelf-hardcover-sync/internal/auth/config_integration.go:168.35,170.3 1 0
github.com/drallgood/audiobookshelf-hardcover-sync/internal/auth/config_integration.go:172.2,172.15 1 0
github.com/drallgood/audiobookshelf-hardcover-sync/internal/auth/config_integration.go:176.59,177.17 1 0
github.com/drallgood/audiobookshelf-hardcover-sync/internal/auth/config_integration.go:177.17,179.3 1 0
github.com/drallgood/audiobookshelf-hardcover-sync/internal/auth/config_integration.go:180.2,180.17 1 0
github.com/drallgood/audiobookshelf-hardcover-sync/internal/auth/config_integration.go:183.50,184.15 1 0
github.com/drallgood/audiobookshelf-hardcover-sync/internal/auth/config_integration.go:184.15,186.3 1 0
github.com/drallgood/audiobookshelf-hardcover-sync/internal/auth/config_integration.go:187.2,187.17 1 0
github.com/drallgood/audiobookshelf-hardcover-sync/internal/auth/config_integration.go:190.53,193.2 1 0
github.com/drallgood/audiobookshelf-hardcover-sync/internal/auth/config_integration.go:196.37,197.46 1 0
github.com/drallgood/audiobookshelf-hardcover-sync/internal/auth/config_integration.go:197.46,199.3 1 0
github.com/drallgood/audiobookshelf-hardcover-sync/internal/auth/config_integration.go:200.2,200.14 1 0
github.com/drallgood/audiobookshelf-hardcover-sync/internal/auth/config_integration.go:203.50,204.42 1 0
github.com/drallgood/audiobookshelf-hardcover-sync/internal/auth/config_integration.go:204.42,205.48 1 0
github.com/drallgood/audiobookshelf-hardcover-sync/internal/auth/config_integration.go:205.48,207.4 1 0
github.com/drallgood/audiobookshelf-hardcover-sync/internal/auth/config_integration.go:209.2,209.17 1 0
github.com/drallgood/audiobookshelf-hardcover-sync/internal/auth/config_integration.go:212.53,213.42 1 0
github.com/drallgood/audiobookshelf-hardcover-sync/internal/auth/config_integration.go:213.42,215.3 1 0
github.com/drallgood/audiobookshelf-hardcover-sync/internal/auth/config_integration.go:216.2,216.17 1 0
github.com/drallgood/audiobookshelf-hardcover-sync/internal/auth/config_integration.go:220.29,222.25 2 0
github.com/drallgood/audiobookshelf-hardcover-sync/internal/auth/config_integration.go:222.25,223.33 1 0
github.com/drallgood/audiobookshelf-hardcover-sync/internal/auth/config_integration.go:223.33,225.4 1 0
github.com/drallgood/audiobookshelf-hardcover-sync/internal/auth/config_integration.go:225.9,227.4 1 0
github.com/drallgood/audiobookshelf-hardcover-sync/internal/auth/config_integration.go:229.2,229.15 1 0
github.com/drallgood/audiobookshelf-hardcover-sync/internal/auth/handlers.go:16.35,17.13 1 0
github.com/drallgood/audiobookshelf-hardcover-sync/internal/auth/handlers.go:17.13,19.3 1 0
github.com/drallgood/audiobookshelf-hardcover-sync/internal/auth/handlers.go:20.2,20.56 1 0
github.com/drallgood/audiobookshelf-hardcover-sync/internal/auth/handlers.go:30.78,35.2 1 0
github.com/drallgood/audiobookshelf-hardcover-sync/internal/auth/handlers.go:55.76,56.28 1 0
github.com/drallgood/audiobookshelf-hardcover-sync/internal/auth/handlers.go:56.28,59.3 2 0
github.com/drallgood/audiobookshelf-hardcover-sync/internal/auth/handlers.go:61.2,61.18 1 0
github.com/drallgood/audiobookshelf-hardcover-sync/internal/auth/handlers.go:62.22,63.26 1 0
github.com/drallgood/audiobookshelf-hardcover-sync/internal/auth/handlers.go:64.23,65.28 1 0
github.com/drallgood/audiobookshelf-hardcover-sync/internal/auth/handlers.go:66.10,67.67 1 0
github.com/drallgood/audiobookshelf-hardcover-sync/internal/auth/handlers.go:72.80,80.2 3 0
github.com/drallgood/audiobookshelf-hardcover-sync/internal/auth/handlers.go:83.82,89.19 4 0
github.com/drallgood/audiobookshelf-hardcover-sync/internal/auth/handlers.go:89.19,90.62 1 0
github.com/drallgood/audiobookshelf-hardcover-sync/internal/auth/handlers.go:90.62,92.85 1 0
github.com/drallgood/audiobookshelf-hardcover-sync/internal/auth/handlers.go:92.85,95.5 2 0
github.com/drallgood/audiobookshelf-hardcover-sync/internal/auth/handlers.go:96.4,97.10 2 0
github.com/drallgood/audiobookshelf-hardcover-sync/internal/auth/handlers.go:99.8,101.39 1 0
github.com/drallgood/audiobookshelf-hardcover-sync/internal/auth/handlers.go:101.39,102.68 1 0
github.com/drallgood/audiobookshelf-hardcover-sync/internal/auth/handlers.go:102.68,105.5 2 0
github.com/drallgood/audiobookshelf-hardcover-sync/internal/auth/handlers.go:106.4,107.10 2 0
github.com/drallgood/audiobookshelf-hardcover-sync/internal/auth/handlers.go:110.3,114.29 4 0
github.com/drallgood/audiobookshelf-hardcover-sync/internal/auth/handlers.go:114.29,116.4 1 0
github.com/drallgood/audiobookshelf-hardcover-sync/internal/auth/handlers.go:117.3,118.45 2 0
github.com/drallgood/audiobookshelf-hardcover-sync/internal/auth/handlers.go:122.2,122.70 1 0
github.com/drallgood/audiobookshelf-hardcover-sync/internal/auth/handlers.go:122.70,124.3 1 0
github.com/drallgood/audiobookshelf-hardcover-sync/internal/auth/handlers.go:126.2,126.24 1 0
github.com/drallgood/audiobookshelf-hardcover-sync/internal/auth/handlers.go:126.24,127.84 1 0
github.com/drallgood/audiobookshelf-hardcover-sync/internal/auth/handlers.go:127.84,130.4 2 0
github.com/drallgood/audiobookshelf-hardcover-sync/internal/auth/handlers.go:132.3,133.9 2 0
github.com/drallgood/audiobookshelf-hardcover-sync/internal/auth/handlers.go:137.2,138.16 2 0
github.com/drallgood/audiobookshelf-hardcover-sync/internal/auth/handlers.go:138.16,144.84 2 0
github.com/drallgood/audiobookshelf-hardcover-sync/internal/auth/handlers.go:144.84,147.4 2 0
github.com/drallgood/audiobookshelf-hardcover-sync/internal/auth/handlers.go:149.3,150.21 2 0
github.com/drallgood/audiobookshelf-hardcover-sync/internal/auth/handlers.go:150.21,152.4 1 0
github.com/drallgood/audiobookshelf-hardcover-sync/internal/auth/handlers.go:153.3,154.9 2 0
github.com/drallgood/audiobookshelf-hardcover-sync/internal/auth/handlers.go:157.2,157.21 1 0
github.com/drallgood/audiobookshelf-hardcover-sync/internal/auth/handlers.go:157.21,158.84 1 0
github.com/drallgood/audiobookshelf-hardcover-sync/internal/auth/handlers.go:158.84,161.4 2 0
github.com/drallgood/audiobookshelf-hardcover-sync/internal/auth/handlers.go:163.3,164.21 2 0
github.com/drallgood/audiobookshelf-hardcover-sync/internal/auth/handlers.go:164.21,166.4 1 0
github.com/drallgood/audiobookshelf-hardcover-sync/internal/auth/handlers.go:167.3,168.9 2 0
github.com/drallgood/audiobookshelf-hardcover-sync/internal/auth/handlers.go:172.2,183.83 4 0
github.com/drallgood/audiobookshelf-hardcover-sync/internal/auth/handlers.go:183.83,190.3 2 0
github.com/drallgood/audiobookshelf-hardcover-sync/internal/auth/handlers.go:190.8,193.24 2 0
github.com/drallgood/audiobookshelf-hardcover-sync/internal/auth/handlers.go:193.24,195.4 1 0
github.com/drallgood/audiobookshelf-hardcover-sync/internal/auth/handlers.go:196.3,196.53 1 0
github.com/drallgood/audiobookshelf-hardcover-sync/internal/auth/handlers.go:201.77,202.28 1 0
github.com/drallgood/audiobookshelf-hardcover-sync/internal/auth/handlers.go:202.28,205.3 2 0
github.com/drallgood/audiobookshelf-hardcover-sync/internal/auth/handlers.go:208.2,211.17 3 0
github.com/drallgood/audiobookshelf-hardcover-sync/internal/auth/handlers.go:211.17,213.62 1 0
github.com/drallgood/audiobookshelf-hardcover-sync/internal/auth/handlers.go:213.62,217.4 1 0
github.com/drallgood/audiobookshelf-hardcover-sync/internal/auth/handlers.go:221.2,224.66 2 0
github.com/drallgood/audiobookshelf-hardcover-sync/internal/auth/handlers.go:224.66,226.3 1 0
github.com/drallgood/audiobookshelf-hardcover-sync/internal/auth/handlers.go:226.8,228.3 1 0
github.com/drallgood/audiobookshelf-hardcover-sync/internal/auth/handlers.go:232.84,233.28 1 0
github.com/drallgood/audiobookshelf-hardcover-sync/internal/auth/handlers.go:233.28,236.3 2 0
github.com/drallgood/audiobookshelf-hardcover-sync/internal/auth/handlers.go:239.2,240.24 2 0
github.com/drallgood/audiobookshelf-hardcover-sync/internal/auth/handlers.go:240.24,243.3 2 0
github.com/drallgood/audiobookshelf-hardcover-sync/internal/auth/handlers.go:245.2,249.16 3 0
github.com/drallgood/audiobookshelf-hardcover-sync/internal/auth/handlers.go:249.16,256.3 3 0
github.com/drallgood/audiobookshelf-hardcover-sync/internal/auth/handlers.go:258.2,258.21 1 0
github.com/drallgood/audiobookshelf-hardcover-sync/internal/auth/handlers.go:258.21,265.3 3 0
github.com/drallgood/audiobookshelf-hardcover-sync/internal/auth/handlers.go:268.2,281.17 6 0
github.com/drallgood/audiobookshelf-hardcover-sync/internal/auth/handlers.go:281.17,283.59 1 0
github.com/drallgood/audiobookshelf-hardcover-sync/internal/auth/handlers.go:283.59,285.4 1 0
github.com/drallgood/audiobookshelf-hardcover-sync/internal/auth/handlers.go:288.2,288.52 1 0
github.com/drallgood/audiobookshelf-hardcover-sync/internal/auth/handlers.go:292.81,293.28 1 0
github.com/drallgood/audiobookshelf-hardcover-sync/internal/auth/handlers.go:293.28,296.3 2 0
github.com/drallgood/audiobookshelf-hardcover-sync/internal/auth/handlers.go:299.2,300.24 2 0
github.com/drallgood/audiobookshelf-hardcover-sync/internal/auth/handlers.go:300.24,303.3 2 0
github.com/drallgood/audiobookshelf-hardcover-sync/internal/auth/handlers.go:305.2,309.23 3 0
github.com/drallgood/audiobookshelf-hardcover-sync/internal/auth/handlers.go:309.23,311.3 1 0
github.com/drallgood/audiobookshelf-hardcover-sync/internal/auth/handlers.go:314.2,318.16 3 0
github.com/drallgood/audiobookshelf-hardcover-sync/internal/auth/handlers.go:318.16,325.3 3 0
github.com/drallgood/audiobookshelf-hardcover-sync/internal/auth/handlers.go:328.2,328.48 1 0
github.com/drallgood/audiobookshelf-hardcover-sync/internal/auth/handlers.go:332.115,335.33 2 0
github.com/drallgood/audiobookshelf-hardcover-sync/internal/auth/handlers.go:335.33,336.52 1 0
github.com/drallgood/audiobookshelf-hardcover-sync/internal/auth/handlers.go:336.52,338.18 2 0
github.com/drallgood/audiobookshelf-hardcover-sync/internal/auth/handlers.go:343.5,469.64 3 0
github.com/drallgood/audiobookshelf-hardcover-sync/internal/auth/handlers.go:469.64,470.21 1 0
github.com/drallgood/audiobookshelf-hardcover-sync/internal/auth/handlers.go:471.26,472.82 1 0
github.com/drallgood/audiobookshelf-hardcover-sync/internal/auth/handlers.go:473.22,474.95 1 0
github.com/drallgood/audiobookshelf-hardcover-sync/internal/auth/handlers.go:475.26,476.76 1 0
github.com/drallgood/audiobookshelf-hardcover-sync/internal/auth/handlers.go:477.27,478.83 1 0
github.com/drallgood/audiobookshelf-hardcover-sync/internal/auth/handlers.go:479.23,480.95 1 0
github.com/drallgood/audiobookshelf-hardcover-sync/internal/auth/handlers.go:481.11,482.73 1 0
github.com/drallgood/audiobookshelf-hardcover-sync/internal/auth/handlers.go:488.6,490.43 2 0
github.com/drallgood/audiobookshelf-hardcover-sync/internal/auth/handlers.go:490.43,491.42 1 0
github.com/drallgood/audiobookshelf-hardcover-sync/internal/auth/handlers.go:491.42,493.34 2 0
github.com/drallgood/audiobookshelf-hardcover-sync/internal/auth/handlers.go:493.34,495.14 1 0
github.com/drallgood/audiobookshelf-hardcover-sync/internal/auth/handlers.go:496.13,497.119 2 0
github.com/drallgood/audiobookshelf-hardcover-sync/internal/auth/handlers.go:501.2,502.23 2 0
github.com/drallgood/audiobookshelf-hardcover-sync/internal/auth/handlers.go:502.23,504.3 1 0
github.com/drallgood/audiobookshelf-hardcover-sync/internal/auth/handlers.go:507.2,511.17 3 0
github.com/drallgood/audiobookshelf-hardcover-sync/internal/auth/handlers.go:511.17,527.6 1 0
github.com/drallgood/audiobookshelf-hardcover-sync/internal/auth/handlers.go:530.5,537.57 7 0
github.com/drallgood/audiobookshelf-hardcover-sync/internal/auth/handlers.go:537.57,541.3 1 0
github.com/drallgood/audiobookshelf-hardcover-sync/internal/auth/handlers.go:545.75,547.56 2 0
github.com/drallgood/audiobookshelf-hardcover-sync/internal/auth/handlers.go:547.56,551.3 1 0
github.com/drallgood/audiobookshelf-hardcover-sync/internal/auth/handlers.go:555.92,566.60 4 0
github.com/drallgood/audiobookshelf-hardcover-sync/internal/auth/handlers.go:566.60,570.3 1 0
github.com/drallgood/audiobookshelf-hardcover-sync/internal/auth/local.go:23.133,32.16 2 0
github.com/drallgood/audiobookshelf-hardcover-sync/internal/auth/local.go:32.16,37.3 1 0
github.com/drallgood/audiobookshelf-hardcover-sync/internal/auth/local.go:39.2,39.17 1 0
github.com/drallgood/audiobookshelf-hardcover-sync/internal/auth/local.go:43.46,45.2 1 0
github.com/drallgood/audiobookshelf-hardcover-sync/internal/auth/local.go:48.46,50.2 1 0
github.com/drallgood/audiobookshelf-hardcover-sync/internal/auth/local.go:53.46,55.2 1 0
github.com/drallgood/audiobookshelf-hardcover-sync/internal/auth/local.go:58.113,59.21 1 0
github.com/drallgood/audiobookshelf-hardcover-sync/internal/auth/local.go:59.21,64.3 1 0
github.com/drallgood/audiobookshelf-hardcover-sync/internal/auth/local.go:66.2,67.27 2 0
github.com/drallgood/audiobookshelf-hardcover-sync/internal/auth/local.go:67.27,68.22 1 0
github.com/drallgood/audiobookshelf-hardcover-sync/internal/auth/local.go:68.22,72.4 1 0
github.com/drallgood/audiobookshelf-hardcover-sync/internal/auth/local.go:73.3,73.49 1 0
github.com/drallgood/audiobookshelf-hardcover-sync/internal/auth/local.go:76.2,77.27 2 0
github.com/drallgood/audiobookshelf-hardcover-sync/internal/auth/local.go:77.27,78.22 1 0
github.com/drallgood/audiobookshelf-hardcover-sync/internal/auth/local.go:78.22,83.4 1 0
github.com/drallgood/audiobookshelf-hardcover-sync/internal/auth/local.go:84.3,84.49 1 0
github.com/drallgood/audiobookshelf-hardcover-sync/internal/auth/local.go:87.2,87.21 1 0
github.com/drallgood/audiobookshelf-hardcover-sync/internal/auth/local.go:87.21,92.3 1 0
github.com/drallgood/audiobookshelf-hardcover-sync/internal/auth/local.go:95.2,96.16 2 0
github.com/drallgood/audiobookshelf-hardcover-sync/internal/auth/local.go:96.16,97.22 1 0
github.com/drallgood/audiobookshelf-hardcover-sync/internal/auth/local.go:97.22,103.4 1 0
github.com/drallgood/audiobookshelf-hardcover-sync/internal/auth/local.go:104.3,104.57 1 0
github.com/drallgood/audiobookshelf-hardcover-sync/internal/auth/local.go:108.2,108.18 1 0
github.com/drallgood/audiobookshelf-hardcover-sync/internal/auth/local.go:108.18,109.22 1 0
github.com/drallgood/audiobookshelf-hardcover-sync/internal/auth/local.go:109.22,115.4 1 0
github.com/drallgood/audiobookshelf-hardcover-sync/internal/auth/local.go:116.3,116.53 1 0
github.com/drallgood/audiobookshelf-hardcover-sync/internal/auth/local.go:120.2,120.30 1 0
github.com/drallgood/audiobookshelf-hardcover-sync/internal/auth/local.go:120.30,121.22 1 0
github.com/drallgood/audiobookshelf-hardcover-sync/internal/auth/local.go:121.22,128.4 1 0
github.com/drallgood/audiobookshelf-hardcover-sync/internal/auth/local.go:129.3,129.76 1 0
github.com/drallgood/audiobookshelf-hardcover-sync/internal/auth/local.go:133.2,133.68 1 0
github.com/drallgood/audiobookshelf-hardcover-sync/internal/auth/local.go:133.68,134.22 1 0
github.com/drallgood/audiobookshelf-hardcover-sync/internal/auth/local.go:134.22,140.4 1 0
github.com/drallgood/audiobookshelf-hardcover-sync/internal/auth/local.go:141.3,141.57 1 0
github.com/drallgood/audiobookshelf-hardcover-sync/internal/auth/local.go:145.2,147.59 3 0
github.com/drallgood/audiobookshelf-hardcover-sync/internal/auth/local.go:147.59,148.22 1 0
github.com/drallgood/audiobookshelf-hardcover-sync/internal/auth/local.go:148.22,155.4 1 0
github.com/drallgood/audiobookshelf-hardcover-sync/internal/auth/local.go:159.2,159.21 1 0
github.com/drallgood/audiobookshelf-hardcover-sync/internal/auth/local.go:159.21,166.3 1 0
github.com/drallgood/audiobookshelf-hardcover-sync/internal/auth/local.go:168.2,168.18 1 0
github.com/drallgood/audiobookshelf-hardcover-sync/internal/auth/local.go:172.101,174.2 1 0
github.com/drallgood/audiobookshelf-hardcover-sync/internal/auth/local.go:177.70,179.2 1 0
github.com/drallgood/audiobookshelf-hardcover-sync/internal/auth/local.go:182.97,184.2 1 0
github.com/drallgood/audiobookshelf-hardcover-sync/internal/auth/local.go:187.52,189.16 2 0
github.com/drallgood/audiobookshelf-hardcover-sync/internal/auth/local.go:189.16,191.3 1 0
github.com/drallgood/audiobookshelf-hardcover-sync/internal/auth/local.go:192.2,192.27 1 0
github.com/drallgood/audiobookshelf-hardcover-sync/internal/auth/local.go:196.50,198.16 2 0
github.com/drallgood/audiobookshelf-hardcover-sync/internal/auth/local.go:198.16,200.3 1 0
github.com/drallgood/audiobookshelf-hardcover-sync/internal/auth/local.go:201.2,201.12 1 0
github.com/drallgood/audiobookshelf-hardcover-sync/internal/auth/local.go:205.90,206.20 1 0
github.com/drallgood/audiobookshelf-hardcover-sync/internal/auth/local.go:206.20,208.3 1 0
github.com/drallgood/audiobookshelf-hardcover-sync/internal/auth/local.go:210.2,210.20 1 0
github.com/drallgood/audiobookshelf-hardcover-sync/internal/auth/local.go:210.20,212.3 1 0
github.com/drallgood/audiobookshelf-hardcover-sync/internal/auth/local.go:214.2,214.21 1 0
github.com/drallgood/audiobookshelf-hardcover-sync/internal/auth/local.go:214.21,216.3 1 0
github.com/drallgood/audiobookshelf-hardcover-sync/internal/auth/local.go:218.2,219.16 2 0
github.com/drallgood/audiobookshelf-hardcover-sync/internal/auth/local.go:219.16,221.3 1 0
github.com/drallgood/audiobookshelf-hardcover-sync/internal/auth/local.go:223.2,233.18 2 0
github.com/drallgood/audiobookshelf-hardcover-sync/internal/auth/middleware.go:26.90,32.2 1 0
github.com/drallgood/audiobookshelf-hardcover-sync/internal/auth/middleware.go:35.71,36.71 1 0
github.com/drallgood/audiobookshelf-hardcover-sync/internal/auth/middleware.go:36.71,45.18 2 0
github.com/drallgood/audiobookshelf-hardcover-sync/internal/auth/middleware.go:45.18,52.4 3 0
github.com/drallgood/audiobookshelf-hardcover-sync/internal/auth/middleware.go:54.3,55.17 2 0
github.com/drallgood/audiobookshelf-hardcover-sync/internal/auth/middleware.go:55.17,62.4 3 0
github.com/drallgood/audiobookshelf-hardcover-sync/internal/auth/middleware.go:64.3,72.40 3 0
github.com/drallgood/audiobookshelf-hardcover-sync/internal/auth/middleware.go:77.86,78.46 1 0
github.com/drallgood/audiobookshelf-hardcover-sync/internal/auth/middleware.go:78.46,79.72 1 0
github.com/drallgood/audiobookshelf-hardcover-sync/internal/auth/middleware.go:79.72,80.19 1 0
github.com/drallgood/audiobookshelf-hardcover-sync/internal/auth/middleware.go:80.19,84.5 2 0
github.com/drallgood/audiobookshelf-hardcover-sync/internal/auth/middleware.go:86.4,87.18 2 0
github.com/drallgood/audiobookshelf-hardcover-sync/internal/auth/middleware.go:87.18,90.5 2 0
github.com/drallgood/audiobookshelf-hardcover-sync/internal/auth/middleware.go:92.4,93.49 2 0
github.com/drallgood/audiobookshelf-hardcover-sync/internal/auth/middleware.go:93.49,96.5 2 0
github.com/drallgood/audiobookshelf-hardcover-sync/internal/auth/middleware.go:99.4,100.41 2 0
github.com/drallgood/audiobookshelf-hardcover-sync/internal/auth/middleware.go:106.72,108.2 1 0
github.com/drallgood/audiobookshelf-hardcover-sync/internal/auth/middleware.go:111.72,112.71 1 0
github.com/drallgood/audiobookshelf-hardcover-sync/internal/auth/middleware.go:112.71,113.18 1 0
github.com/drallgood/audiobookshelf-hardcover-sync/internal/auth/middleware.go:113.18,116.4 2 0
github.com/drallgood/audiobookshelf-hardcover-sync/internal/auth/middleware.go:118.3,119.18 2 0
github.com/drallgood/audiobookshelf-hardcover-sync/internal/auth/middleware.go:119.18,122.4 2 0
github.com/drallgood/audiobookshelf-hardcover-sync/internal/auth/middleware.go:124.3,124.23 1 0
github.com/drallgood/audiobookshelf-hardcover-sync/internal/auth/middleware.go:129.83,132.17 2 0
github.com/drallgood/audiobookshelf-hardcover-sync/internal/auth/middleware.go:132.17,134.3 1 0
github.com/drallgood/audiobookshelf-hardcover-sync/internal/auth/middleware.go:137.2,138.16 2 0
github.com/drallgood/audiobookshelf-hardcover-sync/internal/auth/middleware.go:138.16,140.3 1 0
github.com/drallgood/audiobookshelf-hardcover-sync/internal/auth/middleware.go:142.2,142.18 1 0
github.com/drallgood/audiobookshelf-hardcover-sync/internal/auth/middleware.go:146.71,148.93 1 0
github.com/drallgood/audiobookshelf-hardcover-sync/internal/auth/middleware.go:148.93,150.3 1 0
github.com/drallgood/audiobookshelf-hardcover-sync/internal/auth/middleware.go:153.2,153.55 1 0
github.com/drallgood/audiobookshelf-hardcover-sync/internal/auth/middleware.go:153.55,154.41 1 0
github.com/drallgood/audiobookshelf-hardcover-sync/internal/auth/middleware.go:154.41,156.4 1 0
github.com/drallgood/audiobookshelf-hardcover-sync/internal/auth/middleware.go:159.2,159.11 1 0
github.com/drallgood/audiobookshelf-hardcover-sync/internal/auth/middleware.go:163.94,165.24 1 0
github.com/drallgood/audiobookshelf-hardcover-sync/internal/auth/middleware.go:165.24,172.3 3 0
github.com/drallgood/audiobookshelf-hardcover-sync/internal/auth/middleware.go:175.2,178.87 2 0
github.com/drallgood/audiobookshelf-hardcover-sync/internal/auth/middleware.go:182.83,183.24 1 0
github.com/drallgood/audiobookshelf-hardcover-sync/internal/auth/middleware.go:183.24,186.3 2 0
github.com/drallgood/audiobookshelf-hardcover-sync/internal/auth/middleware.go:189.2,189.50 1 0
github.com/drallgood/audiobookshelf-hardcover-sync/internal/auth/middleware.go:193.62,197.2 1 0
github.com/drallgood/audiobookshelf-hardcover-sync/internal/auth/middleware.go:200.99,211.60 4 0
github.com/drallgood/audiobookshelf-hardcover-sync/internal/auth/middleware.go:211.60,216.3 1 0
github.com/drallgood/audiobookshelf-hardcover-sync/internal/auth/middleware.go:220.64,223.2 2 0
github.com/drallgood/audiobookshelf-hardcover-sync/internal/auth/middleware.go:226.60,228.2 1 0
github.com/drallgood/audiobookshelf-hardcover-sync/internal/auth/middleware.go:236.36,238.2 1 0
github.com/drallgood/audiobookshelf-hardcover-sync/internal/auth/middleware.go:241.74,242.71 1 0
github.com/drallgood/audiobookshelf-hardcover-sync/internal/auth/middleware.go:242.71,243.18 1 0
github.com/drallgood/audiobookshelf-hardcover-sync/internal/auth/middleware.go:243.18,246.4 2 0
github.com/drallgood/audiobookshelf-hardcover-sync/internal/auth/middleware.go:249.3,249.71 1 0
github.com/drallgood/audiobookshelf-hardcover-sync/internal/auth/middleware.go:249.71,252.4 2 0
github.com/drallgood/audiobookshelf-hardcover-sync/internal/auth/middleware.go:255.3,256.18 2 0
github.com/drallgood/audiobookshelf-hardcover-sync/internal/auth/middleware.go:256.18,258.4 1 0
github.com/drallgood/audiobookshelf-hardcover-sync/internal/auth/middleware.go:260.3,260.18 1 0
github.com/drallgood/audiobookshelf-hardcover-sync/internal/auth/middleware.go:260.18,261.26 1 0
github.com/drallgood/audiobookshelf-hardcover-sync/internal/auth/middleware.go:261.26,263.5 1 0
github.com/drallgood/audiobookshelf-hardcover-sync/internal/auth/middleware.go:263.10,265.5 1 0
github.com/drallgood/audiobookshelf-hardcover-sync/internal/auth/middleware.go:266.4,266.10 1 0
github.com/drallgood/audiobookshelf-hardcover-sync/internal/auth/middleware.go:272.3,272.23 1 0
github.com/drallgood/audiobookshelf-hardcover-sync/internal/auth/middleware.go:277.74,278.71 1 0
github.com/drallgood/audiobookshelf-hardcover-sync/internal/auth/middleware.go:278.71,286.28 5 0
github.com/drallgood/audiobookshelf-hardcover-sync/internal/auth/middleware.go:286.28,289.4 2 0
github.com/drallgood/audiobookshelf-hardcover-sync/internal/auth/middleware.go:291.3,291.23 1 0
github.com/drallgood/audiobookshelf-hardcover-sync/internal/auth/models.go:62.34,63.11 1 0
github.com/drallgood/audiobookshelf-hardcover-sync/internal/auth/models.go:64.39,65.14 1 0
github.com/drallgood/audiobookshelf-hardcover-sync/internal/auth/models.go:66.10,67.15 1 0
github.com/drallgood/audiobookshelf-hardcover-sync/internal/auth/models.go:72.61,73.11 1 0
github.com/drallgood/audiobookshelf-hardcover-sync/internal/auth/models.go:74.17,75.14 1 0
github.com/drallgood/audiobookshelf-hardcover-sync/internal/auth/models.go:76.16,77.77 1 0
github.com/drallgood/audiobookshelf-hardcover-sync/internal/auth/models.go:78.18,79.41 1 0
github.com/drallgood/audiobookshelf-hardcover-sync/internal/auth/models.go:80.10,81.15 1 0
github.com/drallgood/audiobookshelf-hardcover-sync/internal/auth/models.go:97.52,98.26 1 0
github.com/drallgood/audiobookshelf-hardcover-sync/internal/auth/models.go:98.26,100.3 1 0
github.com/drallgood/audiobookshelf-hardcover-sync/internal/auth/models.go:101.2,101.26 1 0
github.com/drallgood/audiobookshelf-hardcover-sync/internal/auth/models.go:101.26,103.3 1 0
github.com/drallgood/audiobookshelf-hardcover-sync/internal/auth/models.go:104.2,104.12 1 0
github.com/drallgood/audiobookshelf-hardcover-sync/internal/auth/models.go:108.52,111.2 2 0
github.com/drallgood/audiobookshelf-hardcover-sync/internal/auth/models.go:114.55,115.26 1 0
github.com/drallgood/audiobookshelf-hardcover-sync/internal/auth/models.go:115.26,117.3 1 0
github.com/drallgood/audiobookshelf-hardcover-sync/internal/auth/models.go:118.2,118.26 1 0
github.com/drallgood/audiobookshelf-hardcover-sync/internal/auth/models.go:118.26,120.3 1 0
github.com/drallgood/audiobookshelf-hardcover-sync/internal/auth/models.go:121.2,121.12 1 0
github.com/drallgood/audiobookshelf-hardcover-sync/internal/auth/models.go:125.55,128.2 2 0
github.com/drallgood/audiobookshelf-hardcover-sync/internal/auth/oidc.go:61.104,62.16 1 0
github.com/drallgood/audiobookshelf-hardcover-sync/internal/auth/oidc.go:62.16,67.3 1 0
github.com/drallgood/audiobookshelf-hardcover-sync/internal/auth/oidc.go:70.2,75.16 5 0
github.com/drallgood/audiobookshelf-hardcover-sync/internal/auth/oidc.go:75.16,83.3 1 0
github.com/drallgood/audiobookshelf-hardcover-sync/internal/auth/oidc.go:85.2,85.79 1 0
github.com/drallgood/audiobookshelf-hardcover-sync/internal/auth/oidc.go:85.79,86.17 1 0
github.com/drallgood/audiobookshelf-hardcover-sync/internal/auth/oidc.go:86.17,94.4 1 0
github.com/drallgood/audiobookshelf-hardcover-sync/internal/auth/oidc.go:95.3,95.112 1 0
github.com/drallgood/audiobookshelf-hardcover-sync/internal/auth/oidc.go:99.2,100.21 2 0
github.com/drallgood/audiobookshelf-hardcover-sync/internal/auth/oidc.go:100.21,102.3 1 0
github.com/drallgood/audiobookshelf-hardcover-sync/internal/auth/oidc.go:103.2,107.21 3 0
github.com/drallgood/audiobookshelf-hardcover-sync/internal/auth/oidc.go:107.21,109.3 1 0
github.com/drallgood/audiobookshelf-hardcover-sync/internal/auth/oidc.go:112.2,114.16 2 0
github.com/drallgood/audiobookshelf-hardcover-sync/internal/auth/oidc.go:114.16,119.3 1 0
github.com/drallgood/audiobookshelf-hardcover-sync/internal/auth/oidc.go:121.2,122.16 2 0
github.com/drallgood/audiobookshelf-hardcover-sync/internal/auth/oidc.go:122.16,123.17 1 0
github.com/drallgood/audiobookshelf-hardcover-sync/internal/auth/oidc.go:123.17,129.4 1 0
github.com/drallgood/audiobookshelf-hardcover-sync/internal/auth/oidc.go:130.3,130.83 1 0
github.com/drallgood/audiobookshelf-hardcover-sync/internal/auth/oidc.go:133.2,133.16 1 0
github.com/drallgood/audiobookshelf-hardcover-sync/internal/auth/oidc.go:133.16,140.3 1 0
github.com/drallgood/audiobookshelf-hardcover-sync/internal/auth/oidc.go:143.2,173.16 4 0
github.com/drallgood/audiobookshelf-hardcover-sync/internal/auth/oidc.go:173.16,182.3 1 0
github.com/drallgood/audiobookshelf-hardcover-sync/internal/auth/oidc.go:184.2,184.26 1 0
github.com/drallgood/audiobookshelf-hardcover-sync/internal/auth/oidc.go:188.41,190.2 1 0
github.com/drallgood/audiobookshelf-hardcover-sync/internal/auth/oidc.go:193.41,195.2 1 0
github.com/drallgood/audiobookshelf-hardcover-sync/internal/auth/oidc.go:198.41,200.2 1 0
github.com/drallgood/audiobookshelf-hardcover-sync/internal/auth/oidc.go:203.108,205.2 1 0
github.com/drallgood/audiobookshelf-hardcover-sync/internal/auth/oidc.go:208.65,209.16 1 0
github.com/drallgood/audiobookshelf-hardcover-sync/internal/auth/oidc.go:209.16,210.22 1 0
github.com/drallgood/audiobookshelf-hardcover-sync/internal/auth/oidc.go:210.22,215.4 1 0
github.com/drallgood/audiobookshelf-hardcover-sync/internal/auth/oidc.go:216.3,216.59 1 0
github.com/drallgood/audiobookshelf-hardcover-sync/internal/auth/oidc.go:219.2,219.21 1 0
github.com/drallgood/audiobookshelf-hardcover-sync/internal/auth/oidc.go:219.21,225.3 1 0
github.com/drallgood/audiobookshelf-hardcover-sync/internal/auth/oidc.go:228.2,231.21 3 0
github.com/drallgood/audiobookshelf-hardcover-sync/internal/auth/oidc.go:231.21,238.3 1 0
github.com/drallgood/audiobookshelf-hardcover-sync/internal/auth/oidc.go:241.2,251.21 5 0
github.com/drallgood/audiobookshelf-hardcover-sync/internal/auth/oidc.go:251.21,257.3 1 0
github.com/drallgood/audiobookshelf-hardcover-sync/internal/auth/oidc.go:259.2,259.21 1 0
github.com/drallgood/audiobookshelf-hardcover-sync/internal/auth/oidc.go:263.96,264.16 1 0
github.com/drallgood/audiobookshelf-hardcover-sync/internal/auth/oidc.go:264.16,265.22 1 0
github.com/drallgood/audiobookshelf-hardcover-sync/internal/auth/oidc.go:265.22,269.4 1 0
github.com/drallgood/audiobookshelf-hardcover-sync/internal/auth/oidc.go:270.3,270.60 1 0
github.com/drallgood/audiobookshelf-hardcover-sync/internal/auth/oidc.go:273.2,273.21 1 0
github.com/drallgood/audiobookshelf-hardcover-sync/internal/auth/oidc.go:273.21,278.3 1 0
github.com/drallgood/audiobookshelf-hardcover-sync/internal/auth/oidc.go:281.2,286.22 5 0
github.com/drallgood/audiobookshelf-hardcover-sync/internal/auth/oidc.go:286.22,287.22 1 0
github.com/drallgood/audiobookshelf-hardcover-sync/internal/auth/oidc.go:287.22,293.4 1 0
github.com/drallgood/audiobookshelf-hardcover-sync/internal/auth/oidc.go:294.3,294.73 1 0
github.com/drallgood/audiobookshelf-hardcover-sync/internal/auth/oidc.go:297.2,297.16 1 0
github.com/drallgood/audiobookshelf-hardcover-sync/internal/auth/oidc.go:297.16,298.22 1 0
github.com/drallgood/audiobookshelf-hardcover-sync/internal/auth/oidc.go:298.22,303.4 1 0
github.com/drallgood/audiobookshelf-hardcover-sync/internal/auth/oidc.go:304.3,304.57 1 0
github.com/drallgood/audiobookshelf-hardcover-sync/internal/auth/oidc.go:306.2,306.17 1 0
github.com/drallgood/audiobookshelf-hardcover-sync/internal/auth/oidc.go:306.17,307.22 1 0
github.com/drallgood/audiobookshelf-hardcover-sync/internal/auth/oidc.go:307.22,312.4 1 0
github.com/drallgood/audiobookshelf-hardcover-sync/internal/auth/oidc.go:313.3,313.54 1 0
github.com/drallgood/audiobookshelf-hardcover-sync/internal/auth/oidc.go:316.2,316.21 1 0
github.com/drallgood/audiobookshelf-hardcover-sync/internal/auth/oidc.go:316.21,322.3 1 0
github.com/drallgood/audiobookshelf-hardcover-sync/internal/auth/oidc.go:325.2,329.13 4 0
github.com/drallgood/audiobookshelf-hardcover-sync/internal/auth/oidc.go:329.13,330.22 1 0
github.com/drallgood/audiobookshelf-hardcover-sync/internal/auth/oidc.go:330.22,335.4 1 0
github.com/drallgood/audiobookshelf-hardcover-sync/internal/auth/oidc.go:336.3,336.63 1 0
github.com/drallgood/audiobookshelf-hardcover-sync/internal/auth/oidc.go:339.2,339.21 1 0
github.com/drallgood/audiobookshelf-hardcover-sync/internal/auth/oidc.go:339.21,345.3 1 0
github.com/drallgood/audiobookshelf-hardcover-sync/internal/auth/oidc.go:348.2,353.21 4 0
github.com/drallgood/audiobookshelf-hardcover-sync/internal/auth/oidc.go:353.21,358.3 1 0
github.com/drallgood/audiobookshelf-hardcover-sync/internal/auth/oidc.go:360.2,363.16 2 0
github.com/drallgood/audiobookshelf-hardcover-sync/internal/auth/oidc.go:363.16,364.22 1 0
github.com/drallgood/audiobookshelf-hardcover-sync/internal/auth/oidc.go:364.22,370.4 1 0
github.com/drallgood/audiobookshelf-hardcover-sync/internal/auth/oidc.go:371.3,371.71 1 0
github.com/drallgood/audiobookshelf-hardcover-sync/internal/auth/oidc.go:374.2,374.21 1 0
github.com/drallgood/audiobookshelf-hardcover-sync/internal/auth/oidc.go:374.21,382.3 1 0
github.com/drallgood/audiobookshelf-hardcover-sync/internal/auth/oidc.go:385.2,386.9 2 0
github.com/drallgood/audiobookshelf-hardcover-sync/internal/auth/oidc.go:386.9,387.22 1 0
github.com/drallgood/audiobookshelf-hardcover-sync/internal/auth/oidc.go:387.22,392.4 1 0
github.com/drallgood/audiobookshelf-hardcover-sync/internal/auth/oidc.go:393.3,393.58 1 0
github.com/drallgood/audiobookshelf-hardcover-sync/internal/auth/oidc.go:396.2,396.21 1 0
github.com/drallgood/audiobookshelf-hardcover-sync/internal/auth/oidc.go:396.21,402.3 1 0
github.com/drallgood/audiobookshelf-hardcover-sync/internal/auth/oidc.go:405.2,406.16 2 0
github.com/drallgood/audiobookshelf-hardcover-sync/internal/auth/oidc.go:406.16,407.22 1 0
github.com/drallgood/audiobookshelf-hardcover-sync/internal/auth/oidc.go:407.22,413.4 1 0
github.com/drallgood/audiobookshelf-hardcover-sync/internal/auth/oidc.go:414.3,414.63 1 0
github.com/drallgood/audiobookshelf-hardcover-sync/internal/auth/oidc.go:417.2,417.21 1 0
github.com/drallgood/audiobookshelf-hardcover-sync/internal/auth/oidc.go:417.21,426.3 1 0
github.com/drallgood/audiobookshelf-hardcover-sync/internal/auth/oidc.go:429.2,430.48 2 0
github.com/drallgood/audiobookshelf-hardcover-sync/internal/auth/oidc.go:430.48,431.22 1 0
github.com/drallgood/audiobookshelf-hardcover-sync/internal/auth/oidc.go:431.22,437.4 1 0
github.com/drallgood/audiobookshelf-hardcover-sync/internal/auth/oidc.go:438.3,438.69 1 0
github.com/drallgood/audiobookshelf-hardcover-sync/internal/auth/oidc.go:441.2,441.21 1 0
github.com/drallgood/audiobookshelf-hardcover-sync/internal/auth/oidc.go:441.21,453.3 1 0
github.com/drallgood/audiobookshelf-hardcover-sync/internal/auth/oidc.go:456.2,458.21 2 0
github.com/drallgood/audiobookshelf-hardcover-sync/internal/auth/oidc.go:458.21,467.3 1 0
github.com/drallgood/audiobookshelf-hardcover-sync/internal/auth/oidc.go:469.2,469.18 1 0
github.com/drallgood/audiobookshelf-hardcover-sync/internal/auth/oidc.go:473.92,474.16 1 0
github.com/drallgood/audiobookshelf-hardcover-sync/internal/auth/oidc.go:474.16,476.3 1 0
github.com/drallgood/audiobookshelf-hardcover-sync/internal/auth/oidc.go:479.2,480.16 2 0
github.com/drallgood/audiobookshelf-hardcover-sync/internal/auth/oidc.go:480.16,482.3 1 0
github.com/drallgood/audiobookshelf-hardcover-sync/internal/auth/oidc.go:485.2,486.48 2 0
github.com/drallgood/audiobookshelf-hardcover-sync/internal/auth/oidc.go:486.48,488.3 1 0
github.com/drallgood/audiobookshelf-hardcover-sync/internal/auth/oidc.go:490.2,490.40 1 0
github.com/drallgood/audiobookshelf-hardcover-sync/internal/auth/oidc.go:494.70,496.20 2 0
github.com/drallgood/audiobookshelf-hardcover-sync/internal/auth/oidc.go:496.20,498.3 1 0
github.com/drallgood/audiobookshelf-hardcover-sync/internal/auth/oidc.go:499.2,499.20 1 0
github.com/drallgood/audiobookshelf-hardcover-sync/internal/auth/oidc.go:499.20,501.3 1 0
github.com/drallgood/audiobookshelf-hardcover-sync/internal/auth/oidc.go:504.2,514.3 2 0
github.com/drallgood/audiobookshelf-hardcover-sync/internal/auth/oidc.go:518.75,520.64 1 0
github.com/drallgood/audiobookshelf-hardcover-sync/internal/auth/oidc.go:520.64,522.3 1 0
github.com/drallgood/audiobookshelf-hardcover-sync/internal/auth/oidc.go:525.2,525.41 1 0
github.com/drallgood/audiobookshelf-hardcover-sync/internal/auth/oidc.go:525.41,527.3 1 0
github.com/drallgood/audiobookshelf-hardcover-sync/internal/auth/oidc.go:530.2,530.17 1 0
github.com/drallgood/audiobookshelf-hardcover-sync/internal/auth/oidc.go:534.74,536.40 1 0
github.com/drallgood/audiobookshelf-hardcover-sync/internal/auth/oidc.go:536.40,537.35 1 0
github.com/drallgood/audiobookshelf-hardcover-sync/internal/auth/oidc.go:537.35,538.46 1 0
github.com/drallgood/audiobookshelf-hardcover-sync/internal/auth/oidc.go:538.46,540.5 1 0
github.com/drallgood/audiobookshelf-hardcover-sync/internal/auth/oidc.go:545.2,545.72 1 0
github.com/drallgood/audiobookshelf-hardcover-sync/internal/auth/oidc.go:545.72,546.45 1 0
github.com/drallgood/audiobookshelf-hardcover-sync/internal/auth/oidc.go:546.45,547.49 1 0
github.com/drallgood/audiobookshelf-hardcover-sync/internal/auth/oidc.go:547.49,548.37 1 0
github.com/drallgood/audiobookshelf-hardcover-sync/internal/auth/oidc.go:548.37,549.47 1 0
github.com/drallgood/audiobookshelf-hardcover-sync/internal/auth/oidc.go:549.47,551.7 1 0
github.com/drallgood/audiobookshelf-hardcover-sync/internal/auth/oidc.go:558.2,558.38 1 0
github.com/drallgood/audiobookshelf-hardcover-sync/internal/auth/oidc.go:558.38,559.35 1 0
github.com/drallgood/audiobookshelf-hardcover-sync/internal/auth/oidc.go:559.35,560.43 1 0
github.com/drallgood/audiobookshelf-hardcover-sync/internal/auth/oidc.go:560.43,562.5 1 0
github.com/drallgood/audiobookshelf-hardcover-sync/internal/auth/oidc.go:566.2,566.14 1 0
github.com/drallgood/audiobookshelf-hardcover-sync/internal/auth/oidc.go:570.36,572.44 2 0
github.com/drallgood/audiobookshelf-hardcover-sync/internal/auth/oidc.go:572.44,574.65 1 0
github.com/drallgood/audiobookshelf-hardcover-sync/internal/auth/oidc.go:576.2,576.52 1 0
github.com/drallgood/audiobookshelf-hardcover-sync/internal/auth/oidc.go:580.52,583.2 2 0
github.com/drallgood/audiobookshelf-hardcover-sync/internal/auth/provider.go:97.37,122.2 1 0
github.com/drallgood/audiobookshelf-hardcover-sync/internal/auth/provider.go:125.37,127.50 2 0
github.com/drallgood/audiobookshelf-hardcover-sync/internal/auth/provider.go:127.50,130.3 1 0
github.com/drallgood/audiobookshelf-hardcover-sync/internal/auth/provider.go:131.2,131.34 1 0
github.com/drallgood/audiobookshelf-hardcover-sync/internal/auth/provider.go:135.36,137.50 2 0
github.com/drallgood/audiobookshelf-hardcover-sync/internal/auth/provider.go:137.50,141.3 2 0
github.com/drallgood/audiobookshelf-hardcover-sync/internal/auth/provider.go:142.2,142.34 1 0
github.com/drallgood/audiobookshelf-hardcover-sync/internal/auth/provider.go:146.30,148.50 2 0
github.com/drallgood/audiobookshelf-hardcover-sync/internal/auth/provider.go:148.50,152.3 2 0
github.com/drallgood/audiobookshelf-hardcover-sync/internal/auth/provider.go:153.2,153.34 1 0
github.com/drallgood/audiobookshelf-hardcover-sync/internal/auth/repository.go:17.53,19.2 1 0
github.com/drallgood/audiobookshelf-hardcover-sync/internal/auth/repository.go:24.80,26.65 2 0
github.com/drallgood/audiobookshelf-hardcover-sync/internal/auth/repository.go:26.65,28.3 1 0
github.com/drallgood/audiobookshelf-hardcover-sync/internal/auth/repository.go:29.2,29.12 1 0
github.com/drallgood/audiobookshelf-hardcover-sync/internal/auth/repository.go:33.89,36.16 3 0
github.com/drallgood/audiobookshelf-hardcover-sync/internal/auth/repository.go:36.16,37.36 1 0
github.com/drallgood/audiobookshelf-hardcover-sync/internal/auth/repository.go:37.36,39.4 1 0
github.com/drallgood/audiobookshelf-hardcover-sync/internal/auth/repository.go:40.3,40.56 1 0
github.com/drallgood/audiobookshelf-hardcover-sync/internal/auth/repository.go:42.2,42.19 1 0
github.com/drallgood/audiobookshelf-hardcover-sync/internal/auth/repository.go:46.101,49.16 3 0
github.com/drallgood/audiobookshelf-hardcover-sync/internal/auth/repository.go:49.16,50.36 1 0
github.com/drallgood/audiobookshelf-hardcover-sync/internal/auth/repository.go:50.36,52.4 1 0
github.com/drallgood/audiobookshelf-hardcover-sync/internal/auth/repository.go:53.3,53.56 1 0
github.com/drallgood/audiobookshelf-hardcover-sync/internal/auth/repository.go:55.2,55.19 1 0
github.com/drallgood/audiobookshelf-hardcover-sync/internal/auth/repository.go:59.95,62.16 3 0
github.com/drallgood/audiobookshelf-hardcover-sync/internal/auth/repository.go:62.16,63.36 1 0
github.com/drallgood/audiobookshelf-hardcover-sync/internal/auth/repository.go:63.36,65.4 1 0
github.com/drallgood/audiobookshelf-hardcover-sync/internal/auth/repository.go:66.3,66.56 1 0
github.com/drallgood/audiobookshelf-hardcover-sync/internal/auth/repository.go:68.2,68.19 1 0
github.com/drallgood/audiobookshelf-hardcover-sync/internal/auth/repository.go:72.115,77.16 3 0
github.com/drallgood/audiobookshelf-hardcover-sync/internal/auth/repository.go:77.16,78.36 1 0
github.com/drallgood/audiobookshelf-hardcover-sync/internal/auth/repository.go:78.36,80.4 1 0
github.com/drallgood/audiobookshelf-hardcover-sync/internal/auth/repository.go:81.3,81.56 1 0
github.com/drallgood/audiobookshelf-hardcover-sync/internal/auth/repository.go:83.2,83.19 1 0
github.com/drallgood/audiobookshelf-hardcover-sync/internal/auth/repository.go:87.80,88.63 1 0
github.com/drallgood/audiobookshelf-hardcover-sync/internal/auth/repository.go:88.63,90.3 1 0
github.com/drallgood/audiobookshelf-hardcover-sync/internal/auth/repository.go:91.2,91.12 1 0
github.com/drallgood/audiobookshelf-hardcover-sync/internal/auth/repository.go:95.75,97.25 2 0
github.com/drallgood/audiobookshelf-hardcover-sync/internal/auth/repository.go:97.25,99.3 1 0
github.com/drallgood/audiobookshelf-hardcover-sync/internal/auth/repository.go:100.2,100.30 1 0
github.com/drallgood/audiobookshelf-hardcover-sync/internal/auth/repository.go:100.30,102.3 1 0
github.com/drallgood/audiobookshelf-hardcover-sync/internal/auth/repository.go:103.2,103.12 1 0
github.com/drallgood/audiobookshelf-hardcover-sync/internal/auth/repository.go:107.77,110.16 3 0
github.com/drallgood/audiobookshelf-hardcover-sync/internal/auth/repository.go:110.16,112.3 1 0
github.com/drallgood/audiobookshelf-hardcover-sync/internal/auth/repository.go:113.2,113.19 1 0
github.com/drallgood/audiobookshelf-hardcover-sync/internal/auth/repository.go:119.89,121.68 2 0
github.com/drallgood/audiobookshelf-hardcover-sync/internal/auth/repository.go:121.68,123.3 1 0
github.com/drallgood/audiobookshelf-hardcover-sync/internal/auth/repository.go:124.2,124.12 1 0
github.com/drallgood/audiobookshelf-hardcover-sync/internal/auth/repository.go:128.101,133.16 3 0
github.com/drallgood/audiobookshelf-hardcover-sync/internal/auth/repository.go:133.16,134.36 1 0
github.com/drallgood/audiobookshelf-hardcover-sync/internal/auth/repository.go:134.36,136.4 1 0
github.com/drallgood/audiobookshelf-hardcover-sync/internal/auth/repository.go:137.3,137.59 1 0
github.com/drallgood/audiobookshelf-hardcover-sync/internal/auth/repository.go:139.2,139.22 1 0
github.com/drallgood/audiobookshelf-hardcover-sync/internal/auth/repository.go:143.89,144.66 1 0
github.com/drallgood/audiobookshelf-hardcover-sync/internal/auth/repository.go:144.66,146.3 1 0
github.com/drallgood/audiobookshelf-hardcover-sync/internal/auth/repository.go:147.2,147.12 1 0
github.com/drallgood/audiobookshelf-hardcover-sync/internal/auth/repository.go:151.82,156.25 2 0
github.com/drallgood/audiobookshelf-hardcover-sync/internal/auth/repository.go:156.25,158.3 1 0
github.com/drallgood/audiobookshelf-hardcover-sync/internal/auth/repository.go:159.2,159.30 1 0
github.com/drallgood/audiobookshelf-hardcover-sync/internal/auth/repository.go:159.30,161.3 1 0
github.com/drallgood/audiobookshelf-hardcover-sync/internal/auth/repository.go:162.2,162.12 1 0
github.com/drallgood/audiobookshelf-hardcover-sync/internal/auth/repository.go:166.88,171.25 2 0
github.com/drallgood/audiobookshelf-hardcover-sync/internal/auth/repository.go:171.25,173.3 1 0
github.com/drallgood/audiobookshelf-hardcover-sync/internal/auth/repository.go:174.2,174.12 1 0
github.com/drallgood/audiobookshelf-hardcover-sync/internal/auth/repository.go:178.76,185.25 2 0
github.com/drallgood/audiobookshelf-hardcover-sync/internal/auth/repository.go:185.25,187.3 1 0
github.com/drallgood/audiobookshelf-hardcover-sync/internal/auth/repository.go:188.2,188.12 1 0
github.com/drallgood/audiobookshelf-hardcover-sync/internal/auth/repository.go:192.101,198.16 3 0
github.com/drallgood/audiobookshelf-hardcover-sync/internal/auth/repository.go:198.16,200.3 1 0
github.com/drallgood/audiobookshelf-hardcover-sync/internal/auth/repository.go:201.2,201.22 1 0
github.com/drallgood/audiobookshelf-hardcover-sync/internal/auth/repository.go:207.92,209.69 2 0
github.com/drallgood/audiobookshelf-hardcover-sync/internal/auth/repository.go:209.69,211.3 1 0
github.com/drallgood/audiobookshelf-hardcover-sync/internal/auth/repository.go:212.2,212.12 1 0
github.com/drallgood/audiobookshelf-hardcover-sync/internal/auth/repository.go:216.101,219.16 3 0
github.com/drallgood/audiobookshelf-hardcover-sync/internal/auth/repository.go:219.16,220.36 1 0
github.com/drallgood/audiobookshelf-hardcover-sync/internal/auth/repository.go:220.36,222.4 1 0
github.com/drallgood/audiobookshelf-hardcover-sync/internal/auth/repository.go:223.3,223.60 1 0
github.com/drallgood/audiobookshelf-hardcover-sync/internal/auth/repository.go:225.2,225.23 1 0
github.com/drallgood/audiobookshelf-hardcover-sync/internal/auth/repository.go:229.85,232.16 3 0
github.com/drallgood/audiobookshelf-hardcover-sync/internal/auth/repository.go:232.16,234.3 1 0
github.com/drallgood/audiobookshelf-hardcover-sync/internal/auth/repository.go:235.2,235.23 1 0
github.com/drallgood/audiobookshelf-hardcover-sync/internal/auth/repository.go:239.92,242.16 3 0
github.com/drallgood/audiobookshelf-hardcover-sync/internal/auth/repository.go:242.16,244.3 1 0
github.com/drallgood/audiobookshelf-hardcover-sync/internal/auth/repository.go:245.2,245.23 1 0
github.com/drallgood/audiobookshelf-hardcover-sync/internal/auth/repository.go:249.92,250.67 1 0
github.com/drallgood/audiobookshelf-hardcover-sync/internal/auth/repository.go:250.67,252.3 1 0
github.com/drallgood/audiobookshelf-hardcover-sync/internal/auth/repository.go:253.2,253.12 1 0
github.com/drallgood/audiobookshelf-hardcover-sync/internal/auth/repository.go:257.79,259.25 2 0
github.com/drallgood/audiobookshelf-hardcover-sync/internal/auth/repository.go:259.25,261.3 1 0
github.com/drallgood/audiobookshelf-hardcover-sync/internal/auth/repository.go:262.2,262.30 1 0
github.com/drallgood/audiobookshelf-hardcover-sync/internal/auth/repository.go:262.30,264.3 1 0
github.com/drallgood/audiobookshelf-hardcover-sync/internal/auth/repository.go:265.2,265.12 1 0
github.com/drallgood/audiobookshelf-hardcover-sync/internal/auth/repository.go:271.96,277.16 3 0
github.com/drallgood/audiobookshelf-hardcover-sync/internal/auth/repository.go:277.16,279.3 1 0
github.com/drallgood/audiobookshelf-hardcover-sync/internal/auth/repository.go:280.2,280.23 1 0
github.com/drallgood/audiobookshelf-hardcover-sync/internal/auth/repository.go:284.75,287.16 3 0
github.com/drallgood/audiobookshelf-hardcover-sync/internal/auth/repository.go:287.16,289.3 1 0
github.com/drallgood/audiobookshelf-hardcover-sync/internal/auth/repository.go:290.2,290.19 1 0
github.com/drallgood/audiobookshelf-hardcover-sync/internal/auth/repository.go:294.110,297.19 2 0
github.com/drallgood/audiobookshelf-hardcover-sync/internal/auth/repository.go:297.19,299.6 1 0
github.com/drallgood/audiobookshelf-hardcover-sync/internal/auth/repository.go:301.5,301.18 1 0
github.com/drallgood/audiobookshelf-hardcover-sync/internal/auth/repository.go:301.18,305.23 3 0
github.com/drallgood/audiobookshelf-hardcover-sync/internal/auth/repository.go:305.23,308.27 2 0
github.com/drallgood/audiobookshelf-hardcover-sync/internal/auth/repository.go:308.27,310.14 1 0
github.com/drallgood/audiobookshelf-hardcover-sync/internal/auth/repository.go:311.13,312.83 2 0
github.com/drallgood/audiobookshelf-hardcover-sync/internal/auth/repository.go:312.83,314.14 1 0
github.com/drallgood/audiobookshelf-hardcover-sync/internal/auth/repository.go:315.13,315.23 1 0
github.com/drallgood/audiobookshelf-hardcover-sync/internal/auth/repository.go:318.9,319.23 2 0
github.com/drallgood/audiobookshelf-hardcover-sync/internal/auth/repository.go:319.23,321.10 1 0
github.com/drallgood/audiobookshelf-hardcover-sync/internal/auth/repository.go:322.9,322.72 1 0
github.com/drallgood/audiobookshelf-hardcover-sync/internal/auth/repository.go:322.72,324.10 1 0
github.com/drallgood/audiobookshelf-hardcover-sync/internal/auth/repository.go:325.9,325.19 1 0
github.com/drallgood/audiobookshelf-hardcover-sync/internal/auth/repository.go:329.5,330.19 2 0
github.com/drallgood/audiobookshelf-hardcover-sync/internal/auth/repository.go:330.19,332.6 1 0
github.com/drallgood/audiobookshelf-hardcover-sync/internal/auth/repository.go:334.5,334.35 1 0
github.com/drallgood/audiobookshelf-hardcover-sync/internal/auth/service.go:26.95,27.16 1 0
github.com/drallgood/audiobookshelf-hardcover-sync/internal/auth/service.go:27.16,33.3 1 0
github.com/drallgood/audiobookshelf-hardcover-sync/internal/auth/service.go:36.2,37.16 2 0
github.com/drallgood/audiobookshelf-hardcover-sync/internal/auth/service.go:37.16,39.3 1 0
github.com/drallgood/audiobookshelf-hardcover-sync/internal/auth/service.go:42.2,43.16 2 0
github.com/drallgood/audiobookshelf-hardcover-sync/internal/auth/service.go:43.16,45.3 1 0
github.com/drallgood/audiobookshelf-hardcover-sync/internal/auth/service.go:48.2,50.16 2 0
github.com/drallgood/audiobookshelf-hardcover-sync/internal/auth/service.go:50.16,58.45 2 0
github.com/drallgood/audiobookshelf-hardcover-sync/internal/auth/service.go:58.45,65.4 1 0
github.com/drallgood/audiobookshelf-hardcover-sync/internal/auth/service.go:68.2,79.54 2 0
github.com/drallgood/audiobookshelf-hardcover-sync/internal/auth/service.go:79.54,81.3 1 0
github.com/drallgood/audiobookshelf-hardcover-sync/internal/auth/service.go:84.2,84.76 1 0
github.com/drallgood/audiobookshelf-hardcover-sync/internal/auth/service.go:84.76,85.17 1 0
github.com/drallgood/audiobookshelf-hardcover-sync/internal/auth/service.go:85.17,89.4 1 0
github.com/drallgood/audiobookshelf-hardcover-sync/internal/auth/service.go:92.2,92.21 1 0
github.com/drallgood/audiobookshelf-hardcover-sync/internal/auth/service.go:96.51,97.21 1 0
github.com/drallgood/audiobookshelf-hardcover-sync/internal/auth/service.go:97.21,101.3 1 0
github.com/drallgood/audiobookshelf-hardcover-sync/internal/auth/service.go:103.2,103.52 1 0
github.com/drallgood/audiobookshelf-hardcover-sync/internal/auth/service.go:103.52,104.22 1 0
github.com/drallgood/audiobookshelf-hardcover-sync/internal/auth/service.go:104.22,111.4 1 0
github.com/drallgood/audiobookshelf-hardcover-sync/internal/auth/service.go:113.3,113.30 1 0
github.com/drallgood/audiobookshelf-hardcover-sync/internal/auth/service.go:113.30,114.23 1 0
github.com/drallgood/audiobookshelf-hardcover-sync/internal/auth/service.go:114.23,119.5 1 0
github.com/drallgood/audiobookshelf-hardcover-sync/internal/auth/service.go:120.4,120.12 1 0
github.com/drallgood/audiobookshelf-hardcover-sync/internal/auth/service.go:123.3,126.22 3 0
github.com/drallgood/audiobookshelf-hardcover-sync/internal/auth/service.go:126.22,131.4 1 0
github.com/drallgood/audiobookshelf-hardcover-sync/internal/auth/service.go:133.3,133.30 1 0
github.com/drallgood/audiobookshelf-hardcover-sync/internal/auth/service.go:134.16,136.23 2 0
github.com/drallgood/audiobookshelf-hardcover-sync/internal/auth/service.go:136.23,140.5 1 0
github.com/drallgood/audiobookshelf-hardcover-sync/internal/auth/service.go:141.15,142.23 1 0
github.com/drallgood/audiobookshelf-hardcover-sync/internal/auth/service.go:142.23,146.5 1 0
github.com/drallgood/audiobookshelf-hardcover-sync/internal/auth/service.go:147.4,148.18 2 0
github.com/drallgood/audiobookshelf-hardcover-sync/internal/auth/service.go:148.18,149.24 1 0
github.com/drallgood/audiobookshelf-hardcover-sync/internal/auth/service.go:149.24,154.6 1 0
github.com/drallgood/audiobookshelf-hardcover-sync/internal/auth/service.go:155.5,155.89 1 0
github.com/drallgood/audiobookshelf-hardcover-sync/internal/auth/service.go:157.4,157.23 1 0
github.com/drallgood/audiobookshelf-hardcover-sync/internal/auth/service.go:157.23,161.5 1 0
github.com/drallgood/audiobookshelf-hardcover-sync/internal/auth/service.go:162.11,163.23 1 0
github.com/drallgood/audiobookshelf-hardcover-sync/internal/auth/service.go:163.23,168.5 1 0
github.com/drallgood/audiobookshelf-hardcover-sync/internal/auth/service.go:169.4,169.75 1 0
github.com/drallgood/audiobookshelf-hardcover-sync/internal/auth/service.go:172.3,173.22 2 0
github.com/drallgood/audiobookshelf-hardcover-sync/internal/auth/service.go:173.22,178.4 1 0
github.com/drallgood/audiobookshelf-hardcover-sync/internal/auth/service.go:181.2,181.21 1 0
github.com/drallgood/audiobookshelf-hardcover-sync/internal/auth/service.go:181.21,185.3 1 0
github.com/drallgood/audiobookshelf-hardcover-sync/internal/auth/service.go:187.2,187.12 1 0
github.com/drallgood/audiobookshelf-hardcover-sync/internal/auth/service.go:191.40,193.2 1 0
github.com/drallgood/audiobookshelf-hardcover-sync/internal/auth/service.go:196.140,197.21 1 0
github.com/drallgood/audiobookshelf-hardcover-sync/internal/auth/service.go:197.21,203.3 1 0
github.com/drallgood/audiobookshelf-hardcover-sync/internal/auth/service.go:205.2,205.16 1 0
github.com/drallgood/audiobookshelf-hardcover-sync/internal/auth/service.go:205.16,206.22 1 0
github.com/drallgood/audiobookshelf-hardcover-sync/internal/auth/service.go:206.22,210.4 1 0
github.com/drallgood/audiobookshelf-hardcover-sync/internal/auth/service.go:211.3,211.55 1 0
github.com/drallgood/audiobookshelf-hardcover-sync/internal/auth/service.go:214.2,215.13 2 0
github.com/drallgood/audiobookshelf-hardcover-sync/internal/auth/service.go:215.13,216.22 1 0
github.com/drallgood/audiobookshelf-hardcover-sync/internal/auth/service.go:216.22,218.34 2 0
github.com/drallgood/audiobookshelf-hardcover-sync/internal/auth/service.go:218.34,220.5 1 0
github.com/drallgood/audiobookshelf-hardcover-sync/internal/auth/service.go:221.4,224.6 1 0
github.com/drallgood/audiobookshelf-hardcover-sync/internal/auth/service.go:226.3,226.64 1 0
github.com/drallgood/audiobookshelf-hardcover-sync/internal/auth/service.go:229.2,229.27 1 0
github.com/drallgood/audiobookshelf-hardcover-sync/internal/auth/service.go:229.27,230.22 1 0
github.com/drallgood/audiobookshelf-hardcover-sync/internal/auth/service.go:230.22,235.4 1 0
github.com/drallgood/audiobookshelf-hardcover-sync/internal/auth/service.go:236.3,236.66 1 0
github.com/drallgood/audiobookshelf-hardcover-sync/internal/auth/service.go:240.2,240.35 1 0
github.com/drallgood/audiobookshelf-hardcover-sync/internal/auth/service.go:240.35,242.3 1 0
github.com/drallgood/audiobookshelf-hardcover-sync/internal/auth/service.go:245.2,246.16 2 0
github.com/drallgood/audiobookshelf-hardcover-sync/internal/auth/service.go:246.16,251.3 1 0
github.com/drallgood/audiobookshelf-hardcover-sync/internal/auth/service.go:254.2,255.16 2 0
github.com/drallgood/audiobookshelf-hardcover-sync/internal/auth/service.go:255.16,260.3 1 0
github.com/drallgood/audiobookshelf-hardcover-sync/internal/auth/service.go:263.2,264.16 2 0
github.com/drallgood/audiobookshelf-hardcover-sync/internal/auth/service.go:264.16,269.3 1 0
github.com/drallgood/audiobookshelf-hardcover-sync/internal/auth/service.go:271.2,275.8 1 0
github.com/drallgood/audiobookshelf-hardcover-sync/internal/auth/service.go:279.130,281.27 2 0
github.com/drallgood/audiobookshelf-hardcover-sync/internal/auth/service.go:281.27,286.3 1 0
github.com/drallgood/audiobookshelf-hardcover-sync/internal/auth/service.go:288.2,289.27 2 0
github.com/drallgood/audiobookshelf-hardcover-sync/internal/auth/service.go:289.27,294.3 1 0
github.com/drallgood/audiobookshelf-hardcover-sync/internal/auth/service.go:297.2,298.16 2 0
github.com/drallgood/audiobookshelf-hardcover-sync/internal/auth/service.go:298.16,303.3 1 0
github.com/drallgood/audiobookshelf-hardcover-sync/internal/auth/service.go:306.2,306.68 1 0
github.com/drallgood/audiobookshelf-hardcover-sync/internal/auth/service.go:306.68,311.3 1 0
github.com/drallgood/audiobookshelf-hardcover-sync/internal/auth/service.go:314.2,314.18 1 0
github.com/drallgood/audiobookshelf-hardcover-sync/internal/auth/service.go:314.18,319.3 1 0
github.com/drallgood/audiobookshelf-hardcover-sync/internal/auth/service.go:322.2,323.16 2 0
github.com/drallgood/audiobookshelf-hardcover-sync/internal/auth/service.go:323.16,328.3 1 0
github.com/drallgood/audiobookshelf-hardcover-sync/internal/auth/service.go:330.2,334.8 1 0
github.com/drallgood/audiobookshelf-hardcover-sync/internal/auth/service.go:338.71,339.16 1 0
github.com/drallgood/audiobookshelf-hardcover-sync/internal/auth/service.go:339.16,341.3 1 0
github.com/drallgood/audiobookshelf-hardcover-sync/internal/auth/service.go:343.2,343.52 1 0
github.com/drallgood/audiobookshelf-hardcover-sync/internal/auth/service.go:347.93,348.16 1 0
github.com/drallgood/audiobookshelf-hardcover-sync/internal/auth/service.go:348.16,350.3 1 0
github.com/drallgood/audiobookshelf-hardcover-sync/internal/auth/service.go:352.2,352.53 1 0
github.com/drallgood/audiobookshelf-hardcover-sync/internal/auth/service.go:356.140,357.16 1 0
github.com/drallgood/audiobookshelf-hardcover-sync/internal/auth/service.go:357.16,359.3 1 0
github.com/drallgood/audiobookshelf-hardcover-sync/internal/auth/service.go:362.2,363.16 2 0
github.com/drallgood/audiobookshelf-hardcover-sync/internal/auth/service.go:363.16,365.3 1 0
github.com/drallgood/audiobookshelf-hardcover-sync/internal/auth/service.go:367.2,367.12 1 0
github.com/drallgood/audiobookshelf-hardcover-sync/internal/auth/service.go:367.12,369.3 1 0
github.com/drallgood/audiobookshelf-hardcover-sync/internal/auth/service.go:371.2,373.25 2 0
github.com/drallgood/audiobookshelf-hardcover-sync/internal/auth/service.go:373.25,375.17 2 0
github.com/drallgood/audiobookshelf-hardcover-sync/internal/auth/service.go:375.17,377.4 1 0
github.com/drallgood/audiobookshelf-hardcover-sync/internal/auth/service.go:378.8,388.3 1 0
github.com/drallgood/audiobookshelf-hardcover-sync/internal/auth/service.go:390.2,390.59 1 0
github.com/drallgood/audiobookshelf-hardcover-sync/internal/auth/service.go:390.59,392.3 1 0
github.com/drallgood/audiobookshelf-hardcover-sync/internal/auth/service.go:394.2,394.18 1 0
github.com/drallgood/audiobookshelf-hardcover-sync/internal/auth/service.go:398.98,400.27 1 0
github.com/drallgood/audiobookshelf-hardcover-sync/internal/auth/service.go:400.27,402.17 2 0
github.com/drallgood/audiobookshelf-hardcover-sync/internal/auth/service.go:402.17,407.69 4 0
github.com/drallgood/audiobookshelf-hardcover-sync/internal/auth/service.go:407.69,409.5 1 0
github.com/drallgood/audiobookshelf-hardcover-sync/internal/auth/service.go:410.4,410.28 1 0
github.com/drallgood/audiobookshelf-hardcover-sync/internal/auth/service.go:415.2,415.22 1 0
github.com/drallgood/audiobookshelf-hardcover-sync/internal/auth/service.go:415.22,417.17 2 0
github.com/drallgood/audiobookshelf-hardcover-sync/internal/auth/service.go:417.17,422.69 4 0
github.com/drallgood/audiobookshelf-hardcover-sync/internal/auth/service.go:422.69,424.5 1 0
github.com/drallgood/audiobookshelf-hardcover-sync/internal/auth/service.go:425.4,425.28 1 0
github.com/drallgood/audiobookshelf-hardcover-sync/internal/auth/service.go:430.2,430.59 1 0
github.com/drallgood/audiobookshelf-hardcover-sync/internal/auth/service.go:430.59,432.3 1 0
github.com/drallgood/audiobookshelf-hardcover-sync/internal/auth/service.go:434.2,434.18 1 0
github.com/drallgood/audiobookshelf-hardcover-sync/internal/auth/service.go:438.78,439.16 1 0
github.com/drallgood/audiobookshelf-hardcover-sync/internal/auth/service.go:439.16,441.3 1 0
github.com/drallgood/audiobookshelf-hardcover-sync/internal/auth/service.go:443.2,444.13 2 0
github.com/drallgood/audiobookshelf-hardcover-sync/internal/auth/service.go:444.13,446.3 1 0
github.com/drallgood/audiobookshelf-hardcover-sync/internal/auth/service.go:448.2,448.35 1 0
github.com/drallgood/audiobookshelf-hardcover-sync/internal/auth/service.go:452.118,453.16 1 0
github.com/drallgood/audiobookshelf-hardcover-sync/internal/auth/service.go:453.16,455.3 1 0
github.com/drallgood/audiobookshelf-hardcover-sync/internal/auth/service.go:457.2,458.13 2 0
github.com/drallgood/audiobookshelf-hardcover-sync/internal/auth/service.go:458.13,460.3 1 0
github.com/drallgood/audiobookshelf-hardcover-sync/internal/auth/service.go:462.2,463.16 2 0
github.com/drallgood/audiobookshelf-hardcover-sync/internal/auth/service.go:463.16,468.3 1 0
github.com/drallgood/audiobookshelf-hardcover-sync/internal/auth/service.go:471.2,472.16 2 0
github.com/drallgood/audiobookshelf-hardcover-sync/internal/auth/service.go:472.16,477.3 1 0
github.com/drallgood/audiobookshelf-hardcover-sync/internal/auth/service.go:480.2,481.16 2 0
github.com/drallgood/audiobookshelf-hardcover-sync/internal/auth/service.go:481.16,486.3 1 0
github.com/drallgood/audiobookshelf-hardcover-sync/internal/auth/service.go:488.2,492.8 1 0
github.com/drallgood/audiobookshelf-hardcover-sync/internal/auth/service.go:496.63,497.16 1 0
github.com/drallgood/audiobookshelf-hardcover-sync/internal/auth/service.go:497.16,499.3 1 0
github.com/drallgood/audiobookshelf-hardcover-sync/internal/auth/service.go:501.2,502.42 2 0
github.com/drallgood/audiobookshelf-hardcover-sync/internal/auth/service.go:502.42,503.27 1 0
github.com/drallgood/audiobookshelf-hardcover-sync/internal/auth/service.go:503.27,505.4 1 0
github.com/drallgood/audiobookshelf-hardcover-sync/internal/auth/service.go:507.2,507.16 1 0
github.com/drallgood/audiobookshelf-hardcover-sync/internal/auth/service.go:510.72,511.16 1 0
github.com/drallgood/audiobookshelf-hardcover-sync/internal/auth/service.go:511.16,513.3 1 0
github.com/drallgood/audiobookshelf-hardcover-sync/internal/auth/service.go:516.2,517.16 2 0
github.com/drallgood/audiobookshelf-hardcover-sync/internal/auth/service.go:517.16,519.3 1 0
github.com/drallgood/audiobookshelf-hardcover-sync/internal/auth/service.go:525.2,526.39 2 0
github.com/drallgood/audiobookshelf-hardcover-sync/internal/auth/service.go:526.39,527.37 1 0
github.com/drallgood/audiobookshelf-hardcover-sync/internal/auth/service.go:527.37,529.9 2 0
github.com/drallgood/audiobookshelf-hardcover-sync/internal/auth/service.go:534.2,535.20 2 0
github.com/drallgood/audiobookshelf-hardcover-sync/internal/auth/service.go:535.20,537.43 1 0
github.com/drallgood/audiobookshelf-hardcover-sync/internal/auth/service.go:537.43,539.4 1 0
github.com/drallgood/audiobookshelf-hardcover-sync/internal/auth/service.go:539.9,539.90 1 0
github.com/drallgood/audiobookshelf-hardcover-sync/internal/auth/service.go:539.90,541.4 1 0
github.com/drallgood/audiobookshelf-hardcover-sync/internal/auth/service.go:544.2,545.17 2 0
github.com/drallgood/audiobookshelf-hardcover-sync/internal/auth/service.go:545.17,547.40 1 0
github.com/drallgood/audiobookshelf-hardcover-sync/internal/auth/service.go:547.40,549.4 1 0
github.com/drallgood/audiobookshelf-hardcover-sync/internal/auth/service.go:549.9,549.87 1 0
github.com/drallgood/audiobookshelf-hardcover-sync/internal/auth/service.go:549.87,551.4 1 0
github.com/drallgood/audiobookshelf-hardcover-sync/internal/auth/service.go:554.2,555.20 2 0
github.com/drallgood/audiobookshelf-hardcover-sync/internal/auth/service.go:555.20,557.43 1 0
github.com/drallgood/audiobookshelf-hardcover-sync/internal/auth/service.go:557.43,559.4 1 0
github.com/drallgood/audiobookshelf-hardcover-sync/internal/auth/service.go:559.9,559.90 1 0
github.com/drallgood/audiobookshelf-hardcover-sync/internal/auth/service.go:559.90,561.4 1 0
github.com/drallgood/audiobookshelf-hardcover-sync/internal/auth/service.go:565.2,565.20 1 0
github.com/drallgood/audiobookshelf-hardcover-sync/internal/auth/service.go:565.20,567.3 1 0
github.com/drallgood/audiobookshelf-hardcover-sync/internal/auth/service.go:568.2,568.17 1 0
github.com/drallgood/audiobookshelf-hardcover-sync/internal/auth/service.go:568.17,570.3 1 0
github.com/drallgood/audiobookshelf-hardcover-sync/internal/auth/service.go:571.2,571.20 1 0
github.com/drallgood/audiobookshelf-hardcover-sync/internal/auth/service.go:571.20,573.3 1 0
github.com/drallgood/audiobookshelf-hardcover-sync/internal/auth/service.go:575.2,575.21 1 0
github.com/drallgood/audiobookshelf-hardcover-sync/internal/auth/service.go:575.21,577.16 2 0
github.com/drallgood/audiobookshelf-hardcover-sync/internal/auth/service.go:577.16,579.4 1 0
github.com/drallgood/audiobookshelf-hardcover-sync/internal/auth/service.go:580.3,584.5 1 0
github.com/drallgood/audiobookshelf-hardcover-sync/internal/auth/service.go:588.2,589.16 2 0
github.com/drallgood/audiobookshelf-hardcover-sync/internal/auth/service.go:589.16,591.3 1 0
github.com/drallgood/audiobookshelf-hardcover-sync/internal/auth/service.go:593.2,593.21 1 0
github.com/drallgood/audiobookshelf-hardcover-sync/internal/auth/service.go:593.21,598.3 1 0
github.com/drallgood/audiobookshelf-hardcover-sync/internal/auth/service.go:600.2,600.12 1 0
github.com/drallgood/audiobookshelf-hardcover-sync/internal/auth/service.go:604.58,606.2 1 0
github.com/drallgood/audiobookshelf-hardcover-sync/internal/auth/service.go:609.55,611.2 1 0
github.com/drallgood/audiobookshelf-hardcover-sync/internal/auth/service.go:614.37,618.57 2 0
github.com/drallgood/audiobookshelf-hardcover-sync/internal/auth/service.go:618.57,620.3 1 0
github.com/drallgood/audiobookshelf-hardcover-sync/internal/auth/service.go:623.2,623.62 1 0
github.com/drallgood/audiobookshelf-hardcover-sync/internal/auth/service.go:623.62,625.3 1 0
github.com/drallgood/audiobookshelf-hardcover-sync/internal/auth/service.go:627.2,627.67 1 0
github.com/drallgood/audiobookshelf-hardcover-sync/internal/auth/service.go:627.67,629.3 1 0
github.com/drallgood/audiobookshelf-hardcover-sync/internal/auth/service.go:632.2,632.58 1 0
github.com/drallgood/audiobookshelf-hardcover-sync/internal/auth/service.go:632.58,649.45 3 0
github.com/drallgood/audiobookshelf-hardcover-sync/internal/auth/service.go:649.45,650.31 1 0
github.com/drallgood/audiobookshelf-hardcover-sync/internal/auth/service.go:650.31,653.10 3 0
github.com/drallgood/audiobookshelf-hardcover-sync/internal/auth/service.go:656.3,656.13 1 0
github.com/drallgood/audiobookshelf-hardcover-sync/internal/auth/service.go:656.13,658.4 1 0
github.com/drallgood/audiobookshelf-hardcover-sync/internal/auth/service.go:661.2,661.15 1 0
github.com/drallgood/audiobookshelf-hardcover-sync/internal/auth/session.go:19.82,24.2 1 0
github.com/drallgood/audiobookshelf-hardcover-sync/internal/auth/session.go:27.123,49.69 6 0
github.com/drallgood/audiobookshelf-hardcover-sync/internal/auth/session.go:49.69,51.3 1 0
github.com/drallgood/audiobookshelf-hardcover-sync/internal/auth/session.go:53.2,53.21 1 0
github.com/drallgood/audiobookshelf-hardcover-sync/internal/auth/session.go:57.102,63.16 3 0
github.com/drallgood/audiobookshelf-hardcover-sync/internal/auth/session.go:63.16,64.36 1 0
github.com/drallgood/audiobookshelf-hardcover-sync/internal/auth/session.go:64.36,66.4 1 0
github.com/drallgood/audiobookshelf-hardcover-sync/internal/auth/session.go:67.3,67.59 1 0
github.com/drallgood/audiobookshelf-hardcover-sync/internal/auth/session.go:70.2,70.22 1 0
github.com/drallgood/audiobookshelf-hardcover-sync/internal/auth/session.go:74.104,77.16 2 0
github.com/drallgood/audiobookshelf-hardcover-sync/internal/auth/session.go:77.16,79.3 1 0
github.com/drallgood/audiobookshelf-hardcover-sync/internal/auth/session.go:82.2,87.16 3 0
github.com/drallgood/audiobookshelf-hardcover-sync/internal/auth/session.go:87.16,88.36 1 0
github.com/drallgood/audiobookshelf-hardcover-sync/internal/auth/session.go:88.36,90.4 1 0
github.com/drallgood/audiobookshelf-hardcover-sync/internal/auth/session.go:91.3,91.56 1 0
github.com/drallgood/audiobookshelf-hardcover-sync/internal/auth/session.go:95.2,98.19 3 0
github.com/drallgood/audiobookshelf-hardcover-sync/internal/auth/session.go:102.90,108.25 2 0
github.com/drallgood/audiobookshelf-hardcover-sync/internal/auth/session.go:108.25,110.3 1 0
github.com/drallgood/audiobookshelf-hardcover-sync/internal/auth/session.go:112.2,112.30 1 0
github.com/drallgood/audiobookshelf-hardcover-sync/internal/auth/session.go:112.30,114.3 1 0
github.com/drallgood/audiobookshelf-hardcover-sync/internal/auth/session.go:116.2,116.12 1 0
github.com/drallgood/audiobookshelf-hardcover-sync/internal/auth/session.go:120.84,128.25 2 0
github.com/drallgood/audiobookshelf-hardcover-sync/internal/auth/session.go:128.25,130.3 1 0
github.com/drallgood/audiobookshelf-hardcover-sync/internal/auth/session.go:132.2,132.12 1 0
github.com/drallgood/audiobookshelf-hardcover-sync/internal/auth/session.go:136.96,142.25 2 0
github.com/drallgood/audiobookshelf-hardcover-sync/internal/auth/session.go:142.25,144.3 1 0
github.com/drallgood/audiobookshelf-hardcover-sync/internal/auth/session.go:146.2,146.12 1 0
github.com/drallgood/audiobookshelf-hardcover-sync/internal/auth/session.go:150.109,157.16 3 0
github.com/drallgood/audiobookshelf-hardcover-sync/internal/auth/session.go:157.16,159.3 1 0
github.com/drallgood/audiobookshelf-hardcover-sync/internal/auth/session.go:161.2,161.22 1 0
github.com/drallgood/audiobookshelf-hardcover-sync/internal/auth/session.go:165.42,167.55 1 0
github.com/drallgood/audiobookshelf-hardcover-sync/internal/auth/session.go:167.55,169.31 1 0
github.com/drallgood/audiobookshelf-hardcover-sync/internal/auth/session.go:169.31,170.37 1 0
github.com/drallgood/audiobookshelf-hardcover-sync/internal/auth/session.go:170.37,171.27 1 0
github.com/drallgood/audiobookshelf-hardcover-sync/internal/auth/session.go:171.27,172.18 1 0
github.com/drallgood/audiobookshelf-hardcover-sync/internal/auth/session.go:172.18,174.12 2 0
github.com/drallgood/audiobookshelf-hardcover-sync/internal/auth/session.go:177.5,177.21 1 0
github.com/drallgood/audiobookshelf-hardcover-sync/internal/auth/session.go:177.21,179.6 1 0
github.com/drallgood/audiobookshelf-hardcover-sync/internal/auth/session.go:181.4,181.14 1 0
github.com/drallgood/audiobookshelf-hardcover-sync/internal/auth/session.go:186.2,186.49 1 0
github.com/drallgood/audiobookshelf-hardcover-sync/internal/auth/session.go:186.49,188.3 1 0
github.com/drallgood/audiobookshelf-hardcover-sync/internal/auth/session.go:191.2,191.21 1 0
github.com/drallgood/audiobookshelf-hardcover-sync/internal/auth/session.go:195.88,206.28 2 0
github.com/drallgood/audiobookshelf-hardcover-sync/internal/auth/session.go:207.16,208.44 1 0
github.com/drallgood/audiobookshelf-hardcover-sync/internal/auth/session.go:209.13,210.41 1 0
github.com/drallgood/audiobookshelf-hardcover-sync/internal/auth/session.go:211.14,212.42 1 0
github.com/drallgood/audiobookshelf-hardcover-sync/internal/auth/session.go:213.10,214.41 1 0
github.com/drallgood/audiobookshelf-hardcover-sync/internal/auth/session.go:217.2,217.27 1 0
github.com/drallgood/audiobookshelf-hardcover-sync/internal/auth/session.go:221.76,232.2 2 0
github.com/drallgood/audiobookshelf-hardcover-sync/internal/auth/session.go:235.80,237.63 1 0
github.com/drallgood/audiobookshelf-hardcover-sync/internal/auth/session.go:237.63,239.3 1 0
github.com/drallgood/audiobookshelf-hardcover-sync/internal/auth/session.go:242.2,242.55 1 0
github.com/drallgood/audiobookshelf-hardcover-sync/internal/auth/session.go:242.55,243.45 1 0
github.com/drallgood/audiobookshelf-hardcover-sync/internal/auth/session.go:243.45,245.4 1 0
github.com/drallgood/audiobookshelf-hardcover-sync/internal/auth/session.go:248.2,248.11 1 0
github.com/drallgood/audiobookshelf-hardcover-sync/internal/crypto/encryption.go:29.75,31.2 1 0
github.com/drallgood/audiobookshelf-hardcover-sync/internal/crypto/encryption.go:34.102,36.16 2 0
github.com/drallgood/audiobookshelf-hardcover-sync/internal/crypto/encryption.go:36.16,38.3 1 0
github.com/drallgood/audiobookshelf-hardcover-sync/internal/crypto/encryption.go:40.2,43.8 1 0
github.com/drallgood/audiobookshelf-hardcover-sync/internal/crypto/encryption.go:47.72,48.21 1 0
github.com/drallgood/audiobookshelf-hardcover-sync/internal/crypto/encryption.go:48.21,50.3 1 0
github.com/drallgood/audiobookshelf-hardcover-sync/internal/crypto/encryption.go:52.2,53.16 2 0
github.com/drallgood/audiobookshelf-hardcover-sync/internal/crypto/encryption.go:53.16,58.3 2 0
github.com/drallgood/audiobookshelf-hardcover-sync/internal/crypto/encryption.go:60.2,61.16 2 0
github.com/drallgood/audiobookshelf-hardcover-sync/internal/crypto/encryption.go:61.16,66.3 2 0
github.com/drallgood/audiobookshelf-hardcover-sync/internal/crypto/encryption.go:68.2,69.59 2 0
github.com/drallgood/audiobookshelf-hardcover-sync/internal/crypto/encryption.go:69.59,74.3 2 0
github.com/drallgood/audiobookshelf-hardcover-sync/internal/crypto/encryption.go:76.2,84.21 4 0
github.com/drallgood/audiobookshelf-hardcover-sync/internal/crypto/encryption.go:88.73,89.22 1 0
github.com/drallgood/audiobookshelf-hardcover-sync/internal/crypto/encryption.go:89.22,91.3 1 0
github.com/drallgood/audiobookshelf-hardcover-sync/internal/crypto/encryption.go:93.2,94.16 2 0
github.com/drallgood/audiobookshelf-hardcover-sync/internal/crypto/encryption.go:94.16,99.3 2 0
github.com/drallgood/audiobookshelf-hardcover-sync/internal/crypto/encryption.go:101.2,102.16 2 0
github.com/drallgood/audiobookshelf-hardcover-sync/internal/crypto/encryption.go:102.16,107.3 2 0
github.com/drallgood/audiobookshelf-hardcover-sync/internal/crypto/encryption.go:109.2,110.16 2 0
github.com/drallgood/audiobookshelf-hardcover-sync/internal/crypto/encryption.go:110.16,115.3 2 0
github.com/drallgood/audiobookshelf-hardcover-sync/internal/crypto/encryption.go:117.2,118.27 2 0
github.com/drallgood/audiobookshelf-hardcover-sync/internal/crypto/encryption.go:118.27,124.3 2 0
github.com/drallgood/audiobookshelf-hardcover-sync/internal/crypto/encryption.go:126.2,128.16 3 0
github.com/drallgood/audiobookshelf-hardcover-sync/internal/crypto/encryption.go:128.16,133.3 2 0
github.com/drallgood/audiobookshelf-hardcover-sync/internal/crypto/encryption.go:135.2,140.31 2 0
github.com/drallgood/audiobookshelf-hardcover-sync/internal/crypto/encryption.go:144.74,146.57 1 0
github.com/drallgood/audiobookshelf-hardcover-sync/internal/crypto/encryption.go:146.57,148.17 2 0
github.com/drallgood/audiobookshelf-hardcover-sync/internal/crypto/encryption.go:148.17,150.4 1 0
github.com/drallgood/audiobookshelf-hardcover-sync/internal/crypto/encryption.go:151.3,151.21 1 0
github.com/drallgood/audiobookshelf-hardcover-sync/internal/crypto/encryption.go:151.21,153.4 1 0
github.com/drallgood/audiobookshelf-hardcover-sync/internal/crypto/encryption.go:155.3,160.18 2 0
github.com/drallgood/audiobookshelf-hardcover-sync/internal/crypto/encryption.go:164.2,165.19 2 0
github.com/drallgood/audiobookshelf-hardcover-sync/internal/crypto/encryption.go:165.19,167.3 1 0
github.com/drallgood/audiobookshelf-hardcover-sync/internal/crypto/encryption.go:167.8,169.3 1 0
github.com/drallgood/audiobookshelf-hardcover-sync/internal/crypto/encryption.go:170.2,170.51 1 0
github.com/drallgood/audiobookshelf-hardcover-sync/internal/crypto/encryption.go:170.51,172.17 2 0
github.com/drallgood/audiobookshelf-hardcover-sync/internal/crypto/encryption.go:172.17,174.4 1 0
github.com/drallgood/audiobookshelf-hardcover-sync/internal/crypto/encryption.go:175.3,175.21 1 0
github.com/drallgood/audiobookshelf-hardcover-sync/internal/crypto/encryption.go:175.21,177.4 1 0
github.com/drallgood/audiobookshelf-hardcover-sync/internal/crypto/encryption.go:179.3,184.18 2 0
github.com/drallgood/audiobookshelf-hardcover-sync/internal/crypto/encryption.go:188.2,189.42 2 0
github.com/drallgood/audiobookshelf-hardcover-sync/internal/crypto/encryption.go:189.42,191.3 1 0
github.com/drallgood/audiobookshelf-hardcover-sync/internal/crypto/encryption.go:194.2,195.69 2 0
github.com/drallgood/audiobookshelf-hardcover-sync/internal/crypto/encryption.go:195.69,197.3 1 0
github.com/drallgood/audiobookshelf-hardcover-sync/internal/crypto/encryption.go:199.2,204.17 2 0
github.com/drallgood/audiobookshelf-hardcover-sync/internal/crypto/encryption.go:209.30,211.19 2 0
github.com/drallgood/audiobookshelf-hardcover-sync/internal/crypto/encryption.go:211.19,214.45 1 0
github.com/drallgood/audiobookshelf-hardcover-sync/internal/crypto/encryption.go:214.45,216.4 1 0
github.com/drallgood/audiobookshelf-hardcover-sync/internal/crypto/encryption.go:216.9,216.56 1 0
github.com/drallgood/audiobookshelf-hardcover-sync/internal/crypto/encryption.go:216.56,218.4 1 0
github.com/drallgood/audiobookshelf-hardcover-sync/internal/crypto/encryption.go:218.9,221.4 1 0
github.com/drallgood/audiobookshelf-hardcover-sync/internal/crypto/encryption.go:225.2,225.51 1 0
github.com/drallgood/audiobookshelf-hardcover-sync/internal/crypto/encryption.go:225.51,231.3 1 0
github.com/drallgood/audiobookshelf-hardcover-sync/internal/crypto/encryption.go:233.2,233.50 1 0
github.com/drallgood/audiobookshelf-hardcover-sync/internal/crypto/encryption.go:237.54,238.19 1 0
github.com/drallgood/audiobookshelf-hardcover-sync/internal/crypto/encryption.go:238.19,241.3 1 0
github.com/drallgood/audiobookshelf-hardcover-sync/internal/crypto/encryption.go:244.2,244.51 1 0
github.com/drallgood/audiobookshelf-hardcover-sync/internal/crypto/encryption.go:244.51,250.3 1 0
github.com/drallgood/audiobookshelf-hardcover-sync/internal/crypto/encryption.go:252.2,252.50 1 0
github.com/drallgood/audiobookshelf-hardcover-sync/internal/crypto/encryption.go:257.52,260.2 2 0
github.com/drallgood/audiobookshelf-hardcover-sync/internal/crypto/encryption.go:264.94,265.20 1 0
github.com/drallgood/audiobookshelf-hardcover-sync/internal/crypto/encryption.go:265.20,267.3 1 0
github.com/drallgood/audiobookshelf-hardcover-sync/internal/crypto/encryption.go:269.2,272.8 1 0
github.com/drallgood/audiobookshelf-hardcover-sync/internal/database/config.go:37.49,44.56 2 0
github.com/drallgood/audiobookshelf-hardcover-sync/internal/database/config.go:44.56,45.34 1 0
github.com/drallgood/audiobookshelf-hardcover-sync/internal/database/config.go:46.33,47.40 1 0
github.com/drallgood/audiobookshelf-hardcover-sync/internal/database/config.go:48.16,49.35 1 0
github.com/drallgood/audiobookshelf-hardcover-sync/internal/database/config.go:50.18,51.37 1 0
github.com/drallgood/audiobookshelf-hardcover-sync/internal/database/config.go:52.17,53.36 1 0
github.com/drallgood/audiobookshelf-hardcover-sync/internal/database/config.go:54.11,56.36 1 0
github.com/drallgood/audiobookshelf-hardcover-sync/internal/database/config.go:61.2,61.39 1 0
github.com/drallgood/audiobookshelf-hardcover-sync/internal/database/config.go:61.39,69.22 6 0
github.com/drallgood/audiobookshelf-hardcover-sync/internal/database/config.go:70.31,71.61 1 0
github.com/drallgood/audiobookshelf-hardcover-sync/internal/database/config.go:72.47,73.61 1 0
github.com/drallgood/audiobookshelf-hardcover-sync/internal/database/config.go:77.3,79.82 3 0
github.com/drallgood/audiobookshelf-hardcover-sync/internal/database/config.go:83.2,83.39 1 0
github.com/drallgood/audiobookshelf-hardcover-sync/internal/database/config.go:83.39,84.57 1 0
github.com/drallgood/audiobookshelf-hardcover-sync/internal/database/config.go:84.57,86.4 1 0
github.com/drallgood/audiobookshelf-hardcover-sync/internal/database/config.go:89.2,89.15 1 0
github.com/drallgood/audiobookshelf-hardcover-sync/internal/database/config.go:93.43,94.16 1 0
github.com/drallgood/audiobookshelf-hardcover-sync/internal/database/config.go:95.26,96.19 1 0
github.com/drallgood/audiobookshelf-hardcover-sync/internal/database/config.go:96.19,98.4 1 0
github.com/drallgood/audiobookshelf-hardcover-sync/internal/database/config.go:99.70,100.19 1 0
github.com/drallgood/audiobookshelf-hardcover-sync/internal/database/config.go:100.19,102.4 1 0
github.com/drallgood/audiobookshelf-hardcover-sync/internal/database/config.go:103.3,103.23 1 0
github.com/drallgood/audiobookshelf-hardcover-sync/internal/database/config.go:103.23,105.4 1 0
github.com/drallgood/audiobookshelf-hardcover-sync/internal/database/config.go:106.3,106.18 1 0
github.com/drallgood/audiobookshelf-hardcover-sync/internal/database/config.go:106.18,108.4 1 0
github.com/drallgood/audiobookshelf-hardcover-sync/internal/database/config.go:109.10,110.61 1 0
github.com/drallgood/audiobookshelf-hardcover-sync/internal/database/config.go:112.2,112.12 1 0
github.com/drallgood/audiobookshelf-hardcover-sync/internal/database/config.go:116.42,117.16 1 0
github.com/drallgood/audiobookshelf-hardcover-sync/internal/database/config.go:118.26,119.16 1 0
github.com/drallgood/audiobookshelf-hardcover-sync/internal/database/config.go:120.30,123.23 2 0
github.com/drallgood/audiobookshelf-hardcover-sync/internal/database/config.go:123.23,125.4 1 0
github.com/drallgood/audiobookshelf-hardcover-sync/internal/database/config.go:126.3,126.23 1 0
github.com/drallgood/audiobookshelf-hardcover-sync/internal/database/config.go:126.23,128.4 1 0
github.com/drallgood/audiobookshelf-hardcover-sync/internal/database/config.go:129.3,129.13 1 0
github.com/drallgood/audiobookshelf-hardcover-sync/internal/database/config.go:130.46,133.13 2 0
github.com/drallgood/audiobookshelf-hardcover-sync/internal/database/config.go:134.10,135.12 1 0
github.com/drallgood/audiobookshelf-hardcover-sync/internal/database/config.go:140.57,141.42 1 0
github.com/drallgood/audiobookshelf-hardcover-sync/internal/database/config.go:141.42,143.3 1 0
github.com/drallgood/audiobookshelf-hardcover-sync/internal/database/config.go:144.2,144.21 1 0
github.com/drallgood/audiobookshelf-hardcover-sync/internal/database/config.go:148.61,149.42 1 0
github.com/drallgood/audiobookshelf-hardcover-sync/internal/database/config.go:149.42,150.48 1 0
github.com/drallgood/audiobookshelf-hardcover-sync/internal/database/config.go:150.48,152.4 1 0
github.com/drallgood/audiobookshelf-hardcover-sync/internal/database/config.go:154.2,154.21 1 0
github.com/drallgood/audiobookshelf-hardcover-sync/internal/database/config.go:158.29,160.25 2 0
github.com/drallgood/audiobookshelf-hardcover-sync/internal/database/config.go:160.25,161.33 1 0
github.com/drallgood/audiobookshelf-hardcover-sync/internal/database/config.go:161.33,163.4 1 0
github.com/drallgood/audiobookshelf-hardcover-sync/internal/database/config.go:163.9,165.4 1 0
github.com/drallgood/audiobookshelf-hardcover-sync/internal/database/config.go:167.2,167.15 1 0
github.com/drallgood/audiobookshelf-hardcover-sync/internal/database/config.go:172.73,175.22 1 0
github.com/drallgood/audiobookshelf-hardcover-sync/internal/database/config.go:175.22,177.3 1 0
github.com/drallgood/audiobookshelf-hardcover-sync/internal/database/config.go:181.2,181.61 1 0
github.com/drallgood/audiobookshelf-hardcover-sync/internal/database/config.go:181.61,182.56 1 0
github.com/drallgood/audiobookshelf-hardcover-sync/internal/database/config.go:182.56,184.4 1 0
github.com/drallgood/audiobookshelf-hardcover-sync/internal/database/config.go:188.2,188.35 1 0
github.com/drallgood/audiobookshelf-hardcover-sync/internal/database/config.go:192.80,194.9 2 0
github.com/drallgood/audiobookshelf-hardcover-sync/internal/database/config.go:194.9,196.3 1 0
github.com/drallgood/audiobookshelf-hardcover-sync/internal/database/config.go:198.2,204.62 2 0
github.com/drallgood/audiobookshelf-hardcover-sync/internal/database/config.go:204.62,205.34 1 0
github.com/drallgood/audiobookshelf-hardcover-sync/internal/database/config.go:206.33,207.40 1 0
github.com/drallgood/audiobookshelf-hardcover-sync/internal/database/config.go:208.16,209.35 1 0
github.com/drallgood/audiobookshelf-hardcover-sync/internal/database/config.go:210.18,211.37 1 0
github.com/drallgood/audiobookshelf-hardcover-sync/internal/database/config.go:212.17,213.36 1 0
github.com/drallgood/audiobookshelf-hardcover-sync/internal/database/config.go:218.2,218.39 1 0
github.com/drallgood/audiobookshelf-hardcover-sync/internal/database/config.go:218.39,219.45 1 0
github.com/drallgood/audiobookshelf-hardcover-sync/internal/database/config.go:219.45,221.4 1 0
github.com/drallgood/audiobookshelf-hardcover-sync/internal/database/config.go:222.3,222.42 1 0
github.com/drallgood/audiobookshelf-hardcover-sync/internal/database/config.go:222.42,224.4 1 0
github.com/drallgood/audiobookshelf-hardcover-sync/internal/database/config.go:225.3,225.45 1 0
github.com/drallgood/audiobookshelf-hardcover-sync/internal/database/config.go:225.45,227.4 1 0
github.com/drallgood/audiobookshelf-hardcover-sync/internal/database/config.go:228.3,228.45 1 0
github.com/drallgood/audiobookshelf-hardcover-sync/internal/database/config.go:228.45,230.4 1 0
github.com/drallgood/audiobookshelf-hardcover-sync/internal/database/config.go:231.3,231.53 1 0
github.com/drallgood/audiobookshelf-hardcover-sync/internal/database/config.go:231.53,233.4 1 0
github.com/drallgood/audiobookshelf-hardcover-sync/internal/database/config.go:234.3,234.52 1 0
github.com/drallgood/audiobookshelf-hardcover-sync/internal/database/config.go:234.52,236.4 1 0
github.com/drallgood/audiobookshelf-hardcover-sync/internal/database/config.go:239.3,239.78 1 0
github.com/drallgood/audiobookshelf-hardcover-sync/internal/database/config.go:239.78,240.61 1 0
github.com/drallgood/audiobookshelf-hardcover-sync/internal/database/config.go:240.61,242.5 1 0
github.com/drallgood/audiobookshelf-hardcover-sync/internal/database/config.go:243.4,243.61 1 0
github.com/drallgood/audiobookshelf-hardcover-sync/internal/database/config.go:243.61,245.5 1 0
github.com/drallgood/audiobookshelf-hardcover-sync/internal/database/config.go:246.4,246.65 1 0
github.com/drallgood/audiobookshelf-hardcover-sync/internal/database/config.go:246.65,248.5 1 0
github.com/drallgood/audiobookshelf-hardcover-sync/internal/database/config.go:252.3,252.31 1 0
github.com/drallgood/audiobookshelf-hardcover-sync/internal/database/config.go:252.31,254.4 1 0
github.com/drallgood/audiobookshelf-hardcover-sync/internal/database/config.go:255.3,255.31 1 0
github.com/drallgood/audiobookshelf-hardcover-sync/internal/database/config.go:255.31,257.4 1 0
github.com/drallgood/audiobookshelf-hardcover-sync/internal/database/config.go:258.3,258.34 1 0
github.com/drallgood/audiobookshelf-hardcover-sync/internal/database/config.go:258.34,260.4 1 0
github.com/drallgood/audiobookshelf-hardcover-sync/internal/database/config.go:261.3,261.27 1 0
github.com/drallgood/audiobookshelf-hardcover-sync/internal/database/config.go:261.27,263.4 1 0
github.com/drallgood/audiobookshelf-hardcover-sync/internal/database/config.go:267.2,267.39 1 0
github.com/drallgood/audiobookshelf-hardcover-sync/internal/database/config.go:267.39,268.59 1 0
github.com/drallgood/audiobookshelf-hardcover-sync/internal/database/config.go:268.59,270.4 1 0
github.com/drallgood/audiobookshelf-hardcover-sync/internal/database/config.go:274.2,275.38 2 0
github.com/drallgood/audiobookshelf-hardcover-sync/internal/database/config.go:275.38,277.3 1 0
github.com/drallgood/audiobookshelf-hardcover-sync/internal/database/config.go:278.2,278.38 1 0
github.com/drallgood/audiobookshelf-hardcover-sync/internal/database/config.go:278.38,280.3 1 0
github.com/drallgood/audiobookshelf-hardcover-sync/internal/database/config.go:281.2,281.38 1 0
github.com/drallgood/audiobookshelf-hardcover-sync/internal/database/config.go:281.38,283.3 1 0
github.com/drallgood/audiobookshelf-hardcover-sync/internal/database/config.go:284.2,284.38 1 0
github.com/drallgood/audiobookshelf-hardcover-sync/internal/database/config.go:284.38,286.3 1 0
github.com/drallgood/audiobookshelf-hardcover-sync/internal/database/config.go:287.2,287.38 1 0
github.com/drallgood/audiobookshelf-hardcover-sync/internal/database/config.go:287.38,289.3 1 0
github.com/drallgood/audiobookshelf-hardcover-sync/internal/database/config.go:290.2,290.42 1 0
github.com/drallgood/audiobookshelf-hardcover-sync/internal/database/config.go:290.42,292.3 1 0
github.com/drallgood/audiobookshelf-hardcover-sync/internal/database/config.go:293.2,293.38 1 0
github.com/drallgood/audiobookshelf-hardcover-sync/internal/database/config.go:293.38,295.3 1 0
github.com/drallgood/audiobookshelf-hardcover-sync/internal/database/config.go:296.2,296.42 1 0
github.com/drallgood/audiobookshelf-hardcover-sync/internal/database/config.go:296.42,298.3 1 0
github.com/drallgood/audiobookshelf-hardcover-sync/internal/database/config.go:300.2,300.15 1 0
github.com/drallgood/audiobookshelf-hardcover-sync/internal/database/config_integration.go:28.76,29.21 1 0
github.com/drallgood/audiobookshelf-hardcover-sync/internal/database/config_integration.go:29.21,31.3 1 0
github.com/drallgood/audiobookshelf-hardcover-sync/internal/database/config_integration.go:33.2,39.25 2 0
github.com/drallgood/audiobookshelf-hardcover-sync/internal/database/config_integration.go:39.25,40.41 1 0
github.com/drallgood/audiobookshelf-hardcover-sync/internal/database/config_integration.go:41.33,42.40 1 0
github.com/drallgood/audiobookshelf-hardcover-sync/internal/database/config_integration.go:43.16,44.35 1 0
github.com/drallgood/audiobookshelf-hardcover-sync/internal/database/config_integration.go:45.18,46.37 1 0
github.com/drallgood/audiobookshelf-hardcover-sync/internal/database/config_integration.go:47.17,48.36 1 0
github.com/drallgood/audiobookshelf-hardcover-sync/internal/database/config_integration.go:53.2,53.39 1 0
github.com/drallgood/audiobookshelf-hardcover-sync/internal/database/config_integration.go:53.39,62.24 6 0
github.com/drallgood/audiobookshelf-hardcover-sync/internal/database/config_integration.go:62.24,64.4 1 0
github.com/drallgood/audiobookshelf-hardcover-sync/internal/database/config_integration.go:64.9,65.23 1 0
github.com/drallgood/audiobookshelf-hardcover-sync/internal/database/config_integration.go:66.32,67.23 1 0
github.com/drallgood/audiobookshelf-hardcover-sync/internal/database/config_integration.go:68.48,69.23 1 0
github.com/drallgood/audiobookshelf-hardcover-sync/internal/database/config_integration.go:74.3,76.91 3 0
github.com/drallgood/audiobookshelf-hardcover-sync/internal/database/config_integration.go:77.8,79.26 1 0
github.com/drallgood/audiobookshelf-hardcover-sync/internal/database/config_integration.go:79.26,81.4 1 0
github.com/drallgood/audiobookshelf-hardcover-sync/internal/database/config_integration.go:85.2,88.71 2 0
github.com/drallgood/audiobookshelf-hardcover-sync/internal/database/config_integration.go:88.71,90.3 1 0
github.com/drallgood/audiobookshelf-hardcover-sync/internal/database/config_integration.go:91.2,91.31 1 0
github.com/drallgood/audiobookshelf-hardcover-sync/internal/database/config_integration.go:91.31,93.3 1 0
github.com/drallgood/audiobookshelf-hardcover-sync/internal/database/config_integration.go:94.2,94.31 1 0
github.com/drallgood/audiobookshelf-hardcover-sync/internal/database/config_integration.go:94.31,96.3 1 0
github.com/drallgood/audiobookshelf-hardcover-sync/internal/database/config_integration.go:97.2,97.31 1 0
github.com/drallgood/audiobookshelf-hardcover-sync/internal/database/config_integration.go:97.31,99.3 1 0
github.com/drallgood/audiobookshelf-hardcover-sync/internal/database/config_integration.go:100.2,100.31 1 0
github.com/drallgood/audiobookshelf-hardcover-sync/internal/database/config_integration.go:100.31,102.3 1 0
github.com/drallgood/audiobookshelf-hardcover-sync/internal/database/config_integration.go:103.2,103.35 1 0
github.com/drallgood/audiobookshelf-hardcover-sync/internal/database/config_integration.go:103.35,105.3 1 0
github.com/drallgood/audiobookshelf-hardcover-sync/internal/database/config_integration.go:106.2,106.31 1 0
github.com/drallgood/audiobookshelf-hardcover-sync/internal/database/config_integration.go:106.31,108.3 1 0
github.com/drallgood/audiobookshelf-hardcover-sync/internal/database/config_integration.go:109.2,109.35 1 0
github.com/drallgood/audiobookshelf-hardcover-sync/internal/database/config_integration.go:109.35,111.3 1 0
github.com/drallgood/audiobookshelf-hardcover-sync/internal/database/config_integration.go:112.2,112.41 1 0
github.com/drallgood/audiobookshelf-hardcover-sync/internal/database/config_integration.go:112.41,114.3 1 0
github.com/drallgood/audiobookshelf-hardcover-sync/internal/database/config_integration.go:115.2,115.41 1 0
github.com/drallgood/audiobookshelf-hardcover-sync/internal/database/config_integration.go:115.41,117.3 1 0
github.com/drallgood/audiobookshelf-hardcover-sync/internal/database/config_integration.go:118.2,118.44 1 0
github.com/drallgood/audiobookshelf-hardcover-sync/internal/database/config_integration.go:118.44,120.3 1 0
github.com/drallgood/audiobookshelf-hardcover-sync/internal/database/config_integration.go:122.2,122.15 1 0
github.com/drallgood/audiobookshelf-hardcover-sync/internal/database/config_integration.go:126.59,127.17 1 0
github.com/drallgood/audiobookshelf-hardcover-sync/internal/database/config_integration.go:127.17,129.3 1 0
github.com/drallgood/audiobookshelf-hardcover-sync/internal/database/config_integration.go:130.2,130.17 1 0
github.com/drallgood/audiobookshelf-hardcover-sync/internal/database/config_integration.go:133.50,134.15 1 0
github.com/drallgood/audiobookshelf-hardcover-sync/internal/database/config_integration.go:134.15,136.3 1 0
github.com/drallgood/audiobookshelf-hardcover-sync/internal/database/config_integration.go:137.2,137.17 1 0
github.com/drallgood/audiobookshelf-hardcover-sync/internal/database/config_integration.go:140.32,143.2 2 0
github.com/drallgood/audiobookshelf-hardcover-sync/internal/database/database.go:22.84,23.19 1 0
github.com/drallgood/audiobookshelf-hardcover-sync/internal/database/database.go:23.19,26.3 1 0
github.com/drallgood/audiobookshelf-hardcover-sync/internal/database/database.go:29.2,30.16 2 0
github.com/drallgood/audiobookshelf-hardcover-sync/internal/database/database.go:30.16,32.3 1 0
github.com/drallgood/audiobookshelf-hardcover-sync/internal/database/database.go:35.2,42.43 2 0
github.com/drallgood/audiobookshelf-hardcover-sync/internal/database/database.go:42.43,44.3 1 0
github.com/drallgood/audiobookshelf-hardcover-sync/internal/database/database.go:46.2,46.16 1 0
github.com/drallgood/audiobookshelf-hardcover-sync/internal/database/database.go:46.16,52.3 1 0
github.com/drallgood/audiobookshelf-hardcover-sync/internal/database/database.go:54.2,54.22 1 0
github.com/drallgood/audiobookshelf-hardcover-sync/internal/database/database.go:58.36,59.21 1 0
github.com/drallgood/audiobookshelf-hardcover-sync/internal/database/database.go:59.21,61.3 1 0
github.com/drallgood/audiobookshelf-hardcover-sync/internal/database/database.go:64.2,80.16 2 0
github.com/drallgood/audiobookshelf-hardcover-sync/internal/database/database.go:80.16,82.3 1 0
github.com/drallgood/audiobookshelf-hardcover-sync/internal/database/database.go:84.2,84.21 1 0
github.com/drallgood/audiobookshelf-hardcover-sync/internal/database/database.go:84.21,86.3 1 0
github.com/drallgood/audiobookshelf-hardcover-sync/internal/database/database.go:88.2,88.12 1 0
github.com/drallgood/audiobookshelf-hardcover-sync/internal/database/database.go:92.34,94.16 2 0
github.com/drallgood/audiobookshelf-hardcover-sync/internal/database/database.go:94.16,96.3 1 0
github.com/drallgood/audiobookshelf-hardcover-sync/internal/database/database.go:98.2,98.38 1 0
github.com/drallgood/audiobookshelf-hardcover-sync/internal/database/database.go:98.38,100.3 1 0
github.com/drallgood/audiobookshelf-hardcover-sync/internal/database/database.go:102.2,102.21 1 0
github.com/drallgood/audiobookshelf-hardcover-sync/internal/database/database.go:102.21,104.3 1 0
github.com/drallgood/audiobookshelf-hardcover-sync/internal/database/database.go:106.2,106.12 1 0
github.com/drallgood/audiobookshelf-hardcover-sync/internal/database/database.go:110.37,112.2 1 0
github.com/drallgood/audiobookshelf-hardcover-sync/internal/database/database.go:115.35,117.16 2 0
github.com/drallgood/audiobookshelf-hardcover-sync/internal/database/database.go:117.16,119.3 1 0
github.com/drallgood/audiobookshelf-hardcover-sync/internal/database/database.go:121.2,121.37 1 0
github.com/drallgood/audiobookshelf-hardcover-sync/internal/database/database.go:121.37,123.3 1 0
github.com/drallgood/audiobookshelf-hardcover-sync/internal/database/database.go:125.2,125.12 1 0
github.com/drallgood/audiobookshelf-hardcover-sync/internal/database/database.go:129.38,131.56 1 0
github.com/drallgood/audiobookshelf-hardcover-sync/internal/database/database.go:131.56,133.3 1 0
github.com/drallgood/audiobookshelf-hardcover-sync/internal/database/database.go:136.2,137.19 2 0
github.com/drallgood/audiobookshelf-hardcover-sync/internal/database/database.go:137.19,139.45 1 0
github.com/drallgood/audiobookshelf-hardcover-sync/internal/database/database.go:139.45,141.4 1 0
github.com/drallgood/audiobookshelf-hardcover-sync/internal/database/database.go:141.9,141.56 1 0
github.com/drallgood/audiobookshelf-hardcover-sync/internal/database/database.go:141.56,143.4 1 0
github.com/drallgood/audiobookshelf-hardcover-sync/internal/database/database.go:143.9,145.4 1 0
github.com/drallgood/audiobookshelf-hardcover-sync/internal/database/database.go:149.2,150.49 2 0
github.com/drallgood/audiobookshelf-hardcover-sync/internal/database/database.go:150.49,153.3 1 0
github.com/drallgood/audiobookshelf-hardcover-sync/internal/database/database.go:155.2,155.65 1 0
github.com/drallgood/audiobookshelf-hardcover-sync/internal/database/driver.go:20.37,22.56 1 0
github.com/drallgood/audiobookshelf-hardcover-sync/internal/database/driver.go:22.56,24.3 1 0
github.com/drallgood/audiobookshelf-hardcover-sync/internal/database/driver.go:27.2,28.19 2 0
github.com/drallgood/audiobookshelf-hardcover-sync/internal/database/driver.go:28.19,30.45 1 0
github.com/drallgood/audiobookshelf-hardcover-sync/internal/database/driver.go:30.45,32.4 1 0
github.com/drallgood/audiobookshelf-hardcover-sync/internal/database/driver.go:32.9,32.56 1 0
github.com/drallgood/audiobookshelf-hardcover-sync/internal/database/driver.go:32.56,34.4 1 0
github.com/drallgood/audiobookshelf-hardcover-sync/internal/database/driver.go:34.9,36.4 1 0
github.com/drallgood/audiobookshelf-hardcover-sync/internal/database/driver.go:40.2,41.49 2 0
github.com/drallgood/audiobookshelf-hardcover-sync/internal/database/driver.go:41.49,43.3 1 0
github.com/drallgood/audiobookshelf-hardcover-sync/internal/database/driver.go:46.2,46.16 1 0
github.com/drallgood/audiobookshelf-hardcover-sync/internal/database/driver.go:60.97,62.50 1 0
github.com/drallgood/audiobookshelf-hardcover-sync/internal/database/driver.go:62.50,64.3 1 0
github.com/drallgood/audiobookshelf-hardcover-sync/internal/database/driver.go:67.2,68.16 2 0
github.com/drallgood/audiobookshelf-hardcover-sync/internal/database/driver.go:68.16,71.3 1 0
github.com/drallgood/audiobookshelf-hardcover-sync/internal/database/driver.go:74.2,77.16 2 0
github.com/drallgood/audiobookshelf-hardcover-sync/internal/database/driver.go:77.16,79.3 1 0
github.com/drallgood/audiobookshelf-hardcover-sync/internal/database/driver.go:82.2,83.16 2 0
github.com/drallgood/audiobookshelf-hardcover-sync/internal/database/driver.go:83.16,85.3 1 0
github.com/drallgood/audiobookshelf-hardcover-sync/internal/database/driver.go:88.2,92.16 4 0
github.com/drallgood/audiobookshelf-hardcover-sync/internal/database/driver.go:95.76,97.2 1 0
github.com/drallgood/audiobookshelf-hardcover-sync/internal/database/driver.go:99.70,102.47 2 0
github.com/drallgood/audiobookshelf-hardcover-sync/internal/database/driver.go:102.47,104.3 1 0
github.com/drallgood/audiobookshelf-hardcover-sync/internal/database/driver.go:105.2,105.12 1 0
github.com/drallgood/audiobookshelf-hardcover-sync/internal/database/driver.go:108.59,110.2 1 0
github.com/drallgood/audiobookshelf-hardcover-sync/internal/database/driver.go:115.101,118.16 2 0
github.com/drallgood/audiobookshelf-hardcover-sync/internal/database/driver.go:118.16,120.3 1 0
github.com/drallgood/audiobookshelf-hardcover-sync/internal/database/driver.go:123.2,126.16 2 0
github.com/drallgood/audiobookshelf-hardcover-sync/internal/database/driver.go:126.16,128.3 1 0
github.com/drallgood/audiobookshelf-hardcover-sync/internal/database/driver.go:131.2,132.16 2 0
github.com/drallgood/audiobookshelf-hardcover-sync/internal/database/driver.go:132.16,134.3 1 0
github.com/drallgood/audiobookshelf-hardcover-sync/internal/database/driver.go:137.2,141.16 4 0
github.com/drallgood/audiobookshelf-hardcover-sync/internal/database/driver.go:144.80,146.2 1 0
github.com/drallgood/audiobookshelf-hardcover-sync/internal/database/driver.go:148.74,152.2 1 0
github.com/drallgood/audiobookshelf-hardcover-sync/internal/database/driver.go:154.63,156.2 1 0
github.com/drallgood/audiobookshelf-hardcover-sync/internal/database/driver.go:161.96,164.16 2 0
github.com/drallgood/audiobookshelf-hardcover-sync/internal/database/driver.go:164.16,166.3 1 0
github.com/drallgood/audiobookshelf-hardcover-sync/internal/database/driver.go:169.2,172.16 2 0
github.com/drallgood/audiobookshelf-hardcover-sync/internal/database/driver.go:172.16,174.3 1 0
github.com/drallgood/audiobookshelf-hardcover-sync/internal/database/driver.go:177.2,178.16 2 0
github.com/drallgood/audiobookshelf-hardcover-sync/internal/database/driver.go:178.16,180.3 1 0
github.com/drallgood/audiobookshelf-hardcover-sync/internal/database/driver.go:183.2,187.16 4 0
github.com/drallgood/audiobookshelf-hardcover-sync/internal/database/driver.go:190.75,192.2 1 0
github.com/drallgood/audiobookshelf-hardcover-sync/internal/database/driver.go:194.69,198.2 1 0
github.com/drallgood/audiobookshelf-hardcover-sync/internal/database/driver.go:200.58,202.2 1 0
github.com/drallgood/audiobookshelf-hardcover-sync/internal/database/driver.go:205.69,206.16 1 0
github.com/drallgood/audiobookshelf-hardcover-sync/internal/database/driver.go:207.26,208.34 1 0
github.com/drallgood/audiobookshelf-hardcover-sync/internal/database/driver.go:209.30,210.34 1 0
github.com/drallgood/audiobookshelf-hardcover-sync/internal/database/driver.go:211.46,212.29 1 0
github.com/drallgood/audiobookshelf-hardcover-sync/internal/database/driver.go:213.10,214.66 1 0
github.com/drallgood/audiobookshelf-hardcover-sync/internal/database/driver.go:220.108,222.42 1 0
github.com/drallgood/audiobookshelf-hardcover-sync/internal/database/driver.go:222.42,223.17 1 0
github.com/drallgood/audiobookshelf-hardcover-sync/internal/database/driver.go:223.17,228.4 1 0
github.com/drallgood/audiobookshelf-hardcover-sync/internal/database/driver.go:229.3,229.36 1 0
github.com/drallgood/audiobookshelf-hardcover-sync/internal/database/driver.go:233.2,234.16 2 0
github.com/drallgood/audiobookshelf-hardcover-sync/internal/database/driver.go:234.16,235.17 1 0
github.com/drallgood/audiobookshelf-hardcover-sync/internal/database/driver.go:235.17,240.4 1 0
github.com/drallgood/audiobookshelf-hardcover-sync/internal/database/driver.go:241.3,241.40 1 0
github.com/drallgood/audiobookshelf-hardcover-sync/internal/database/driver.go:244.2,245.16 2 0
github.com/drallgood/audiobookshelf-hardcover-sync/internal/database/driver.go:245.16,246.17 1 0
github.com/drallgood/audiobookshelf-hardcover-sync/internal/database/driver.go:246.17,252.4 1 0
github.com/drallgood/audiobookshelf-hardcover-sync/internal/database/driver.go:253.3,253.40 1 0
github.com/drallgood/audiobookshelf-hardcover-sync/internal/database/driver.go:256.2,256.16 1 0
github.com/drallgood/audiobookshelf-hardcover-sync/internal/database/driver.go:256.16,261.3 1 0
github.com/drallgood/audiobookshelf-hardcover-sync/internal/database/driver.go:263.2,263.24 1 0
github.com/drallgood/audiobookshelf-hardcover-sync/internal/database/driver.go:267.86,279.16 6 0
github.com/drallgood/audiobookshelf-hardcover-sync/internal/database/driver.go:279.16,281.3 1 0
github.com/drallgood/audiobookshelf-hardcover-sync/internal/database/driver.go:283.2,283.16 1 0
github.com/drallgood/audiobookshelf-hardcover-sync/internal/database/driver.go:283.16,287.3 1 0
github.com/drallgood/audiobookshelf-hardcover-sync/internal/database/driver.go:289.2,289.32 1 0
github.com/drallgood/audiobookshelf-hardcover-sync/internal/database/driver.go:293.90,304.16 5 0
github.com/drallgood/audiobookshelf-hardcover-sync/internal/database/driver.go:304.16,306.3 1 0
github.com/drallgood/audiobookshelf-hardcover-sync/internal/database/driver.go:308.2,308.16 1 0
github.com/drallgood/audiobookshelf-hardcover-sync/internal/database/driver.go:308.16,312.3 1 0
github.com/drallgood/audiobookshelf-hardcover-sync/internal/database/driver.go:314.2,314.32 1 0
github.com/drallgood/audiobookshelf-hardcover-sync/internal/database/migration.go:21.82,26.2 1 0
github.com/drallgood/audiobookshelf-hardcover-sync/internal/database/migration.go:29.81,31.55 1 0
github.com/drallgood/audiobookshelf-hardcover-sync/internal/database/migration.go:31.55,36.3 2 0
github.com/drallgood/audiobookshelf-hardcover-sync/internal/database/migration.go:39.2,40.16 2 0
github.com/drallgood/audiobookshelf-hardcover-sync/internal/database/migration.go:40.16,42.3 1 0
github.com/drallgood/audiobookshelf-hardcover-sync/internal/database/migration.go:45.2,46.16 2 0
github.com/drallgood/audiobookshelf-hardcover-sync/internal/database/migration.go:46.16,48.3 1 0
github.com/drallgood/audiobookshelf-hardcover-sync/internal/database/migration.go:51.2,51.23 1 0
github.com/drallgood/audiobookshelf-hardcover-sync/internal/database/migration.go:51.23,53.36 1 0
github.com/drallgood/audiobookshelf-hardcover-sync/internal/database/migration.go:53.36,55.63 2 0
github.com/drallgood/audiobookshelf-hardcover-sync/internal/database/migration.go:55.63,61.78 2 0
github.com/drallgood/audiobookshelf-hardcover-sync/internal/database/migration.go:61.78,66.6 1 0
github.com/drallgood/audiobookshelf-hardcover-sync/internal/database/migration.go:67.5,67.10 1 0
github.com/drallgood/audiobookshelf-hardcover-sync/internal/database/migration.go:72.3,75.13 2 0
github.com/drallgood/audiobookshelf-hardcover-sync/internal/database/migration.go:78.2,118.16 6 0
github.com/drallgood/audiobookshelf-hardcover-sync/internal/database/migration.go:118.16,120.3 1 0
github.com/drallgood/audiobookshelf-hardcover-sync/internal/database/migration.go:123.2,124.57 2 0
github.com/drallgood/audiobookshelf-hardcover-sync/internal/database/migration.go:124.57,130.3 1 0
github.com/drallgood/audiobookshelf-hardcover-sync/internal/database/migration.go:130.8,135.3 1 0
github.com/drallgood/audiobookshelf-hardcover-sync/internal/database/migration.go:137.2,144.12 2 0
github.com/drallgood/audiobookshelf-hardcover-sync/internal/database/migration.go:148.82,150.55 1 0
github.com/drallgood/audiobookshelf-hardcover-sync/internal/database/migration.go:150.55,152.3 1 0
github.com/drallgood/audiobookshelf-hardcover-sync/internal/database/migration.go:155.2,156.16 2 0
github.com/drallgood/audiobookshelf-hardcover-sync/internal/database/migration.go:156.16,158.3 1 0
github.com/drallgood/audiobookshelf-hardcover-sync/internal/database/migration.go:162.2,162.32 1 0
github.com/drallgood/audiobookshelf-hardcover-sync/internal/database/migration.go:167.105,168.21 1 0
github.com/drallgood/audiobookshelf-hardcover-sync/internal/database/migration.go:168.21,170.3 1 0
github.com/drallgood/audiobookshelf-hardcover-sync/internal/database/migration.go:172.2,179.16 3 0
github.com/drallgood/audiobookshelf-hardcover-sync/internal/database/migration.go:179.16,181.3 1 0
github.com/drallgood/audiobookshelf-hardcover-sync/internal/database/migration.go:182.2,187.110 3 0
github.com/drallgood/audiobookshelf-hardcover-sync/internal/database/migration.go:187.110,189.3 1 0
github.com/drallgood/audiobookshelf-hardcover-sync/internal/database/migration.go:192.2,193.16 2 0
github.com/drallgood/audiobookshelf-hardcover-sync/internal/database/migration.go:193.16,195.3 1 0
github.com/drallgood/audiobookshelf-hardcover-sync/internal/database/migration.go:198.2,205.16 4 0
github.com/drallgood/audiobookshelf-hardcover-sync/internal/database/migration.go:205.16,207.3 1 0
github.com/drallgood/audiobookshelf-hardcover-sync/internal/database/migration.go:209.2,209.13 1 0
github.com/drallgood/audiobookshelf-hardcover-sync/internal/database/migration.go:209.13,212.3 2 0
github.com/drallgood/audiobookshelf-hardcover-sync/internal/database/migration.go:215.2,215.81 1 0
github.com/drallgood/audiobookshelf-hardcover-sync/internal/database/migration.go:215.81,217.3 1 0
github.com/drallgood/audiobookshelf-hardcover-sync/internal/database/migration.go:219.2,219.12 1 0
github.com/drallgood/audiobookshelf-hardcover-sync/internal/database/migration.go:223.38,225.61 1 0
github.com/drallgood/audiobookshelf-hardcover-sync/internal/database/migration.go:225.61,227.3 1 0
github.com/drallgood/audiobookshelf-hardcover-sync/internal/database/migration.go:230.2,231.16 2 0
github.com/drallgood/audiobookshelf-hardcover-sync/internal/database/migration.go:231.16,233.3 1 0
github.com/drallgood/audiobookshelf-hardcover-sync/internal/database/migration.go:236.2,236.54 1 0
github.com/drallgood/audiobookshelf-hardcover-sync/internal/database/migration.go:236.54,238.3 1 0
github.com/drallgood/audiobookshelf-hardcover-sync/internal/database/migration.go:240.2,240.12 1 0
github.com/drallgood/audiobookshelf-hardcover-sync/internal/database/migration.go:244.36,253.34 2 0
github.com/drallgood/audiobookshelf-hardcover-sync/internal/database/migration.go:253.34,254.42 1 0
github.com/drallgood/audiobookshelf-hardcover-sync/internal/database/migration.go:254.42,256.4 1 0
github.com/drallgood/audiobookshelf-hardcover-sync/internal/database/migration.go:260.2,260.22 1 0
github.com/drallgood/audiobookshelf-hardcover-sync/internal/database/models.go:101.40,122.2 1 0
github.com/drallgood/audiobookshelf-hardcover-sync/internal/database/models.go:125.55,127.26 2 0
github.com/drallgood/audiobookshelf-hardcover-sync/internal/database/models.go:127.26,129.3 1 0
github.com/drallgood/audiobookshelf-hardcover-sync/internal/database/models.go:130.2,130.26 1 0
github.com/drallgood/audiobookshelf-hardcover-sync/internal/database/models.go:130.26,132.3 1 0
github.com/drallgood/audiobookshelf-hardcover-sync/internal/database/models.go:133.2,133.12 1 0
github.com/drallgood/audiobookshelf-hardcover-sync/internal/database/models.go:137.55,140.2 2 0
github.com/drallgood/audiobookshelf-hardcover-sync/internal/database/models.go:143.61,145.26 2 0
github.com/drallgood/audiobookshelf-hardcover-sync/internal/database/models.go:145.26,147.3 1 0
github.com/drallgood/audiobookshelf-hardcover-sync/internal/database/models.go:148.2,148.26 1 0
github.com/drallgood/audiobookshelf-hardcover-sync/internal/database/models.go:148.26,150.3 1 0
github.com/drallgood/audiobookshelf-hardcover-sync/internal/database/models.go:151.2,151.12 1 0
github.com/drallgood/audiobookshelf-hardcover-sync/internal/database/models.go:155.61,158.2 2 0
github.com/drallgood/audiobookshelf-hardcover-sync/internal/database/models.go:161.60,163.26 2 0
github.com/drallgood/audiobookshelf-hardcover-sync/internal/database/models.go:163.26,165.3 1 0
github.com/drallgood/audiobookshelf-hardcover-sync/internal/database/models.go:166.2,166.26 1 0
github.com/drallgood/audiobookshelf-hardcover-sync/internal/database/models.go:166.26,168.3 1 0
github.com/drallgood/audiobookshelf-hardcover-sync/internal/database/models.go:169.2,169.12 1 0
github.com/drallgood/audiobookshelf-hardcover-sync/internal/database/models.go:173.60,176.2 2 0
github.com/drallgood/audiobookshelf-hardcover-sync/internal/database/models.go:201.55,203.26 2 0
github.com/drallgood/audiobookshelf-hardcover-sync/internal/database/models.go:203.26,205.3 1 0
github.com/drallgood/audiobookshelf-hardcover-sync/internal/database/models.go:206.2,206.26 1 0
github.com/drallgood/audiobookshelf-hardcover-sync/internal/database/models.go:206.26,208.3 1 0
github.com/drallgood/audiobookshelf-hardcover-sync/internal/database/models.go:209.2,209.12 1 0
github.com/drallgood/audiobookshelf-hardcover-sync/internal/database/models.go:213.55,216.2 2 0
github.com/drallgood/audiobookshelf-hardcover-sync/internal/database/models.go:255.51,257.26 2 0
github.com/drallgood/audiobookshelf-hardcover-sync/internal/database/models.go:257.26,259.3 1 0
github.com/drallgood/audiobookshelf-hardcover-sync/internal/database/models.go:260.2,260.26 1 0
github.com/drallgood/audiobookshelf-hardcover-sync/internal/database/models.go:260.26,262.3 1 0
github.com/drallgood/audiobookshelf-hardcover-sync/internal/database/models.go:263.2,263.30 1 0
github.com/drallgood/audiobookshelf-hardcover-sync/internal/database/models.go:263.30,265.3 1 0
github.com/drallgood/audiobookshelf-hardcover-sync/internal/database/models.go:266.2,266.12 1 0
github.com/drallgood/audiobookshelf-hardcover-sync/internal/database/models.go:270.51,273.2 2 0
github.com/drallgood/audiobookshelf-hardcover-sync/internal/database/models.go:305.61,307.26 2 0
github.com/drallgood/audiobookshelf-hardcover-sync/internal/database/models.go:307.26,309.3 1 0
github.com/drallgood/audiobookshelf-hardcover-sync/internal/database/models.go:310.2,310.26 1 0
github.com/drallgood/audiobookshelf-hardcover-sync/internal/database/models.go:310.26,312.3 1 0
github.com/drallgood/audiobookshelf-hardcover-sync/internal/database/models.go:313.2,313.30 1 0
github.com/drallgood/audiobookshelf-hardcover-sync/internal/database/models.go:313.30,315.3 1 0
github.com/drallgood/audiobookshelf-hardcover-sync/internal/database/models.go:316.2,316.12 1 0
github.com/drallgood/audiobookshelf-hardcover-sync/internal/database/models.go:320.61,323.2 2 0
github.com/drallgood/audiobookshelf-hardcover-sync/internal/database/models.go:358.55,360.26 2 0
github.com/drallgood/audiobookshelf-hardcover-sync/internal/database/models.go:360.26,362.3 1 0
github.com/drallgood/audiobookshelf-hardcover-sync/internal/database/models.go:363.2,363.26 1 0
github.com/drallgood/audiobookshelf-hardcover-sync/internal/database/models.go:363.26,365.3 1 0
github.com/drallgood/audiobookshelf-hardcover-sync/internal/database/models.go:366.2,366.12 1 0
github.com/drallgood/audiobookshelf-hardcover-sync/internal/database/models.go:370.55,373.2 2 0
github.com/drallgood/audiobookshelf-hardcover-sync/internal/database/models.go:403.59,405.26 2 0
github.com/drallgood/audiobookshelf-hardcover-sync/internal/database/models.go:405.26,407.3 1 0
github.com/drallgood/audiobookshelf-hardcover-sync/internal/database/models.go:408.2,408.27 1 0
github.com/drallgood/audiobookshelf-hardcover-sync/internal/database/models.go:408.27,410.3 1 0
github.com/drallgood/audiobookshelf-hardcover-sync/internal/database/models.go:411.2,411.12 1 0
github.com/drallgood/audiobookshelf-hardcover-sync/internal/database/models.go:458.53,459.26 1 0
github.com/drallgood/audiobookshelf-hardcover-sync/internal/database/models.go:459.26,461.3 1 0
github.com/drallgood/audiobookshelf-hardcover-sync/internal/database/models.go:462.2,462.12 1 0
github.com/drallgood/audiobookshelf-hardcover-sync/internal/database/models.go:492.58,494.26 2 0
github.com/drallgood/audiobookshelf-hardcover-sync/internal/database/models.go:494.26,496.3 1 0
github.com/drallgood/audiobookshelf-hardcover-sync/internal/database/models.go:497.2,497.26 1 0
github.com/drallgood/audiobookshelf-hardcover-sync/internal/database/models.go:497.26,499.3 1 0
github.com/drallgood/audiobookshelf-hardcover-sync/internal/database/models.go:500.2,500.12 1 0
github.com/drallgood/audiobookshelf-hardcover-sync/internal/database/models.go:504.58,507.2 2 0
github.com/drallgood/audiobookshelf-hardcover-sync/internal/database/repository.go:26.103,32.2 1 0
github.com/drallgood/audiobookshelf-hardcover-sync/internal/database/repository.go:44.149,47.16 2 0
github.com/drallgood/audiobookshelf-hardcover-sync/internal/database/repository.go:47.16,53.3 2 0
github.com/drallgood/audiobookshelf-hardcover-sync/internal/database/repository.go:55.2,56.16 2 0
github.com/drallgood/audiobookshelf-hardcover-sync/internal/database/repository.go:56.16,62.3 2 0
github.com/drallgood/audiobookshelf-hardcover-sync/internal/database/repository.go:65.2,66.16 2 0
github.com/drallgood/audiobookshelf-hardcover-sync/internal/database/repository.go:66.16,72.3 2 0
github.com/drallgood/audiobookshelf-hardcover-sync/internal/database/repository.go:75.2,75.58 1 0
github.com/drallgood/audiobookshelf-hardcover-sync/internal/database/repository.go:75.58,82.51 2 0
github.com/drallgood/audiobookshelf-hardcover-sync/internal/database/repository.go:82.51,84.4 1 0
github.com/drallgood/audiobookshelf-hardcover-sync/internal/database/repository.go:87.3,94.50 2 0
github.com/drallgood/audiobookshelf-hardcover-sync/internal/database/repository.go:94.50,96.4 1 0
github.com/drallgood/audiobookshelf-hardcover-sync/internal/database/repository.go:99.3,103.53 2 0
github.com/drallgood/audiobookshelf-hardcover-sync/internal/database/repository.go:103.53,105.4 1 0
github.com/drallgood/audiobookshelf-hardcover-sync/internal/database/repository.go:107.3,112.13 2 0
github.com/drallgood/audiobookshelf-hardcover-sync/internal/database/repository.go:117.79,120.140 2 0
github.com/drallgood/audiobookshelf-hardcover-sync/internal/database/repository.go:120.140,121.36 1 0
github.com/drallgood/audiobookshelf-hardcover-sync/internal/database/repository.go:121.36,123.4 1 0
github.com/drallgood/audiobookshelf-hardcover-sync/internal/database/repository.go:124.3,124.64 1 0
github.com/drallgood/audiobookshelf-hardcover-sync/internal/database/repository.go:127.2,127.27 1 0
github.com/drallgood/audiobookshelf-hardcover-sync/internal/database/repository.go:127.27,129.3 1 0
github.com/drallgood/audiobookshelf-hardcover-sync/internal/database/repository.go:132.2,133.16 2 0
github.com/drallgood/audiobookshelf-hardcover-sync/internal/database/repository.go:133.16,138.41 2 0
github.com/drallgood/audiobookshelf-hardcover-sync/internal/database/repository.go:138.41,140.4 1 0
github.com/drallgood/audiobookshelf-hardcover-sync/internal/database/repository.go:142.3,143.76 2 0
github.com/drallgood/audiobookshelf-hardcover-sync/internal/database/repository.go:146.2,147.16 2 0
github.com/drallgood/audiobookshelf-hardcover-sync/internal/database/repository.go:147.16,152.41 2 0
github.com/drallgood/audiobookshelf-hardcover-sync/internal/database/repository.go:152.41,154.4 1 0
github.com/drallgood/audiobookshelf-hardcover-sync/internal/database/repository.go:156.3,157.71 2 0
github.com/drallgood/audiobookshelf-hardcover-sync/internal/database/repository.go:161.2,162.37 2 0
github.com/drallgood/audiobookshelf-hardcover-sync/internal/database/repository.go:162.37,163.88 1 0
github.com/drallgood/audiobookshelf-hardcover-sync/internal/database/repository.go:163.88,169.4 2 0
github.com/drallgood/audiobookshelf-hardcover-sync/internal/database/repository.go:172.2,178.8 1 0
github.com/drallgood/audiobookshelf-hardcover-sync/internal/database/repository.go:182.60,184.124 2 0
github.com/drallgood/audiobookshelf-hardcover-sync/internal/database/repository.go:184.124,186.3 1 0
github.com/drallgood/audiobookshelf-hardcover-sync/internal/database/repository.go:187.2,187.22 1 0
github.com/drallgood/audiobookshelf-hardcover-sync/internal/database/repository.go:191.66,199.25 2 0
github.com/drallgood/audiobookshelf-hardcover-sync/internal/database/repository.go:199.25,201.3 1 0
github.com/drallgood/audiobookshelf-hardcover-sync/internal/database/repository.go:203.2,203.12 1 0
github.com/drallgood/audiobookshelf-hardcover-sync/internal/database/repository.go:208.146,211.101 2 0
github.com/drallgood/audiobookshelf-hardcover-sync/internal/database/repository.go:211.101,213.3 1 0
github.com/drallgood/audiobookshelf-hardcover-sync/internal/database/repository.go:216.2,219.31 3 0
github.com/drallgood/audiobookshelf-hardcover-sync/internal/database/repository.go:219.31,221.17 2 0
github.com/drallgood/audiobookshelf-hardcover-sync/internal/database/repository.go:221.17,223.4 1 0
github.com/drallgood/audiobookshelf-hardcover-sync/internal/database/repository.go:224.8,226.3 1 0
github.com/drallgood/audiobookshelf-hardcover-sync/internal/database/repository.go:228.2,228.26 1 0
github.com/drallgood/audiobookshelf-hardcover-sync/internal/database/repository.go:228.26,230.17 2 0
github.com/drallgood/audiobookshelf-hardcover-sync/internal/database/repository.go:230.17,232.4 1 0
github.com/drallgood/audiobookshelf-hardcover-sync/internal/database/repository.go:233.8,235.3 1 0
github.com/drallgood/audiobookshelf-hardcover-sync/internal/database/repository.go:238.2,239.37 2 0
github.com/drallgood/audiobookshelf-hardcover-sync/internal/database/repository.go:239.37,240.96 1 0
github.com/drallgood/audiobookshelf-hardcover-sync/internal/database/repository.go:240.96,242.4 1 0
github.com/drallgood/audiobookshelf-hardcover-sync/internal/database/repository.go:247.2,248.27 2 0
github.com/drallgood/audiobookshelf-hardcover-sync/internal/database/repository.go:248.27,258.33 7 0
github.com/drallgood/audiobookshelf-hardcover-sync/internal/database/repository.go:258.33,260.4 1 0
github.com/drallgood/audiobookshelf-hardcover-sync/internal/database/repository.go:261.3,261.41 1 0
github.com/drallgood/audiobookshelf-hardcover-sync/internal/database/repository.go:261.41,263.4 1 0
github.com/drallgood/audiobookshelf-hardcover-sync/internal/database/repository.go:265.3,266.38 2 0
github.com/drallgood/audiobookshelf-hardcover-sync/internal/database/repository.go:266.38,268.4 1 0
github.com/drallgood/audiobookshelf-hardcover-sync/internal/database/repository.go:269.3,269.38 1 0
github.com/drallgood/audiobookshelf-hardcover-sync/internal/database/repository.go:269.38,271.4 1 0
github.com/drallgood/audiobookshelf-hardcover-sync/internal/database/repository.go:272.3,272.36 1 0
github.com/drallgood/audiobookshelf-hardcover-sync/internal/database/repository.go:272.36,274.4 1 0
github.com/drallgood/audiobookshelf-hardcover-sync/internal/database/repository.go:277.3,286.69 8 0
github.com/drallgood/audiobookshelf-hardcover-sync/internal/database/repository.go:290.2,291.16 2 0
github.com/drallgood/audiobookshelf-hardcover-sync/internal/database/repository.go:291.16,293.3 1 0
github.com/drallgood/audiobookshelf-hardcover-sync/internal/database/repository.go:296.2,307.25 3 0
github.com/drallgood/audiobookshelf-hardcover-sync/internal/database/repository.go:307.25,309.3 1 0
github.com/drallgood/audiobookshelf-hardcover-sync/internal/database/repository.go:310.2,310.30 1 0
github.com/drallgood/audiobookshelf-hardcover-sync/internal/database/repository.go:310.30,312.3 1 0
github.com/drallgood/audiobookshelf-hardcover-sync/internal/database/repository.go:314.2,318.12 2 0
github.com/drallgood/audiobookshelf-hardcover-sync/internal/database/repository.go:322.60,324.25 2 0
github.com/drallgood/audiobookshelf-hardcover-sync/internal/database/repository.go:324.25,326.3 1 0
github.com/drallgood/audiobookshelf-hardcover-sync/internal/database/repository.go:327.2,327.30 1 0
github.com/drallgood/audiobookshelf-hardcover-sync/internal/database/repository.go:327.30,329.3 1 0
github.com/drallgood/audiobookshelf-hardcover-sync/internal/database/repository.go:331.2,335.12 2 0
github.com/drallgood/audiobookshelf-hardcover-sync/internal/database/repository.go:339.80,341.92 2 0
github.com/drallgood/audiobookshelf-hardcover-sync/internal/database/repository.go:341.92,342.36 1 0
github.com/drallgood/audiobookshelf-hardcover-sync/internal/database/repository.go:342.36,351.4 2 0
github.com/drallgood/audiobookshelf-hardcover-sync/internal/database/repository.go:352.3,352.62 1 0
github.com/drallgood/audiobookshelf-hardcover-sync/internal/database/repository.go:354.2,354.20 1 0
github.com/drallgood/audiobookshelf-hardcover-sync/internal/database/repository.go:358.69,365.25 4 0
github.com/drallgood/audiobookshelf-hardcover-sync/internal/database/repository.go:365.25,370.81 2 0
github.com/drallgood/audiobookshelf-hardcover-sync/internal/database/repository.go:370.81,376.4 2 0
github.com/drallgood/audiobookshelf-hardcover-sync/internal/database/repository.go:377.8,377.60 1 0
github.com/drallgood/audiobookshelf-hardcover-sync/internal/database/repository.go:377.60,381.58 2 0
github.com/drallgood/audiobookshelf-hardcover-sync/internal/database/repository.go:381.58,387.4 2 0
github.com/drallgood/audiobookshelf-hardcover-sync/internal/database/repository.go:388.8,390.3 1 0
github.com/drallgood/audiobookshelf-hardcover-sync/internal/database/repository.go:392.2,396.12 2 0
github.com/drallgood/audiobookshelf-hardcover-sync/internal/database/repository.go:400.65,402.127 2 0
github.com/drallgood/audiobookshelf-hardcover-sync/internal/database/repository.go:402.127,404.3 1 0
github.com/drallgood/audiobookshelf-hardcover-sync/internal/database/repository.go:405.2,405.23 1 0
github.com/drallgood/audiobookshelf-hardcover-sync/internal/database/repository.go:409.182,428.24 3 0
github.com/drallgood/audiobookshelf-hardcover-sync/internal/database/repository.go:428.24,430.3 1 0
github.com/drallgood/audiobookshelf-hardcover-sync/internal/database/repository.go:433.2,437.25 2 0
github.com/drallgood/audiobookshelf-hardcover-sync/internal/database/repository.go:437.25,444.3 2 0
github.com/drallgood/audiobookshelf-hardcover-sync/internal/database/repository.go:447.2,447.30 1 0
github.com/drallgood/audiobookshelf-hardcover-sync/internal/database/repository.go:447.30,448.61 1 0
github.com/drallgood/audiobookshelf-hardcover-sync/internal/database/repository.go:448.61,455.4 2 0
github.com/drallgood/audiobookshelf-hardcover-sync/internal/database/repository.go:458.2,458.12 1 0
github.com/drallgood/audiobookshelf-hardcover-sync/internal/database/repository.go:462.109,467.114 3 0
github.com/drallgood/audiobookshelf-hardcover-sync/internal/database/repository.go:467.114,469.3 1 0
github.com/drallgood/audiobookshelf-hardcover-sync/internal/database/repository.go:472.2,477.33 1 0
github.com/drallgood/audiobookshelf-hardcover-sync/internal/database/repository.go:477.33,479.3 1 0
github.com/drallgood/audiobookshelf-hardcover-sync/internal/database/repository.go:481.2,481.25 1 0
github.com/drallgood/audiobookshelf-hardcover-sync/internal/database/repository.go:485.106,492.33 2 0
github.com/drallgood/audiobookshelf-hardcover-sync/internal/database/repository.go:492.33,494.3 1 0
github.com/drallgood/audiobookshelf-hardcover-sync/internal/database/repository.go:496.2,496.18 1 0
github.com/drallgood/audiobookshelf-hardcover-sync/internal/database/repository.go:500.90,505.33 2 0
github.com/drallgood/audiobookshelf-hardcover-sync/internal/database/repository.go:505.33,506.45 1 0
github.com/drallgood/audiobookshelf-hardcover-sync/internal/database/repository.go:506.45,508.4 1 0
github.com/drallgood/audiobookshelf-hardcover-sync/internal/database/repository.go:509.3,509.65 1 0
github.com/drallgood/audiobookshelf-hardcover-sync/internal/database/repository.go:512.2,512.18 1 0
github.com/drallgood/audiobookshelf-hardcover-sync/internal/database/repository.go:516.80,521.44 2 0
github.com/drallgood/audiobookshelf-hardcover-sync/internal/database/repository.go:521.44,523.3 1 0
github.com/drallgood/audiobookshelf-hardcover-sync/internal/database/repository.go:525.2,525.12 1 0
github.com/drallgood/audiobookshelf-hardcover-sync/internal/database/repository.go:529.52,530.16 1 0
github.com/drallgood/audiobookshelf-hardcover-sync/internal/database/repository.go:530.16,532.3 1 0
github.com/drallgood/audiobookshelf-hardcover-sync/internal/database/repository.go:533.2,534.128 2 0
github.com/drallgood/audiobookshelf-hardcover-sync/internal/database/repository.go:542.56,543.46 1 0
github.com/drallgood/audiobookshelf-hardcover-sync/internal/database/repository.go:543.46,545.3 1 0
github.com/drallgood/audiobookshelf-hardcover-sync/internal/database/repository.go:547.2,557.23 4 0
github.com/drallgood/audiobookshelf-hardcover-sync/internal/database/repository.go:561.60,562.21 1 0
github.com/drallgood/audiobookshelf-hardcover-sync/internal/database/repository.go:562.21,564.3 1 0
github.com/drallgood/audiobookshelf-hardcover-sync/internal/database/repository.go:566.2,567.23 2 0
github.com/drallgood/audiobookshelf-hardcover-sync/internal/database/repository.go:567.23,570.3 2 0
github.com/drallgood/audiobookshelf-hardcover-sync/internal/database/repository.go:572.2,576.71 2 0
github.com/drallgood/audiobookshelf-hardcover-sync/internal/database/repository.go:580.76,586.34 2 0
github.com/drallgood/audiobookshelf-hardcover-sync/internal/database/repository.go:586.34,587.45 1 0
github.com/drallgood/audiobookshelf-hardcover-sync/internal/database/repository.go:587.45,589.4 1 0
github.com/drallgood/audiobookshelf-hardcover-sync/internal/database/repository.go:590.3,590.18 1 0
github.com/drallgood/audiobookshelf-hardcover-sync/internal/database/repository.go:592.2,592.19 1 0
github.com/drallgood/audiobookshelf-hardcover-sync/internal/database/repository.go:596.64,601.38 2 0
github.com/drallgood/audiobookshelf-hardcover-sync/internal/database/repository.go:601.38,602.45 1 0
github.com/drallgood/audiobookshelf-hardcover-sync/internal/database/repository.go:602.45,604.4 1 0
github.com/drallgood/audiobookshelf-hardcover-sync/internal/database/repository.go:605.3,605.18 1 0
github.com/drallgood/audiobookshelf-hardcover-sync/internal/database/repository.go:607.2,607.19 1 0
github.com/drallgood/audiobookshelf-hardcover-sync/internal/database/repository.go:611.101,615.110 3 0
github.com/drallgood/audiobookshelf-hardcover-sync/internal/database/repository.go:615.110,617.3 1 0
github.com/drallgood/audiobookshelf-hardcover-sync/internal/database/repository.go:619.2,626.34 1 0
github.com/drallgood/audiobookshelf-hardcover-sync/internal/database/repository.go:626.34,628.3 1 0
github.com/drallgood/audiobookshelf-hardcover-sync/internal/database/repository.go:630.2,630.26 1 0
github.com/drallgood/audiobookshelf-hardcover-sync/internal/database/repository.go:634.81,638.34 2 0
github.com/drallgood/audiobookshelf-hardcover-sync/internal/database/repository.go:638.34,640.3 1 0
github.com/drallgood/audiobookshelf-hardcover-sync/internal/database/repository.go:641.2,641.19 1 0
github.com/drallgood/audiobookshelf-hardcover-sync/internal/database/repository.go:645.91,652.34 2 0
github.com/drallgood/audiobookshelf-hardcover-sync/internal/database/repository.go:652.34,654.3 1 0
github.com/drallgood/audiobookshelf-hardcover-sync/internal/database/repository.go:655.2,655.19 1 0
github.com/drallgood/audiobookshelf-hardcover-sync/internal/database/repository.go:659.67,661.2 1 0
github.com/drallgood/audiobookshelf-hardcover-sync/internal/database/repository.go:664.70,666.2 1 0
github.com/drallgood/audiobookshelf-hardcover-sync/internal/database/repository.go:669.80,672.2 2 0
github.com/drallgood/audiobookshelf-hardcover-sync/internal/database/repository.go:675.90,678.2 2 0
github.com/drallgood/audiobookshelf-hardcover-sync/internal/database/repository.go:702.90,706.58 2 0
github.com/drallgood/audiobookshelf-hardcover-sync/internal/database/repository.go:706.58,711.23 3 0
github.com/drallgood/audiobookshelf-hardcover-sync/internal/database/repository.go:711.23,713.4 1 0
github.com/drallgood/audiobookshelf-hardcover-sync/internal/database/repository.go:714.3,718.23 3 0
github.com/drallgood/audiobookshelf-hardcover-sync/internal/database/repository.go:718.23,720.4 1 0
github.com/drallgood/audiobookshelf-hardcover-sync/internal/database/repository.go:721.3,725.23 3 0
github.com/drallgood/audiobookshelf-hardcover-sync/internal/database/repository.go:725.23,727.4 1 0
github.com/drallgood/audiobookshelf-hardcover-sync/internal/database/repository.go:728.3,732.23 3 0
github.com/drallgood/audiobookshelf-hardcover-sync/internal/database/repository.go:732.23,734.4 1 0
github.com/drallgood/audiobookshelf-hardcover-sync/internal/database/repository.go:735.3,739.23 3 0
github.com/drallgood/audiobookshelf-hardcover-sync/internal/database/repository.go:739.23,741.4 1 0
github.com/drallgood/audiobookshelf-hardcover-sync/internal/database/repository.go:742.3,746.23 3 0
github.com/drallgood/audiobookshelf-hardcover-sync/internal/database/repository.go:746.23,748.4 1 0
github.com/drallgood/audiobookshelf-hardcover-sync/internal/database/repository.go:749.3,753.23 3 0
github.com/drallgood/audiobookshelf-hardcover-sync/internal/database/repository.go:753.23,755.4 1 0
github.com/drallgood/audiobookshelf-hardcover-sync/internal/database/repository.go:756.3,764.23 3 0
github.com/drallgood/audiobookshelf-hardcover-sync/internal/database/repository.go:764.23,766.4 1 0
github.com/drallgood/audiobookshelf-hardcover-sync/internal/database/repository.go:768.3,768.13 1 0
github.com/drallgood/audiobookshelf-hardcover-sync/internal/database/repository.go:771.2,771.16 1 0
github.com/drallgood/audiobookshelf-hardcover-sync/internal/database/repository.go:771.16,777.3 2 0
github.com/drallgood/audiobookshelf-hardcover-sync/internal/database/repository.go:779.2,790.20 2 0
github.com/drallgood/audiobookshelf-hardcover-sync/internal/database/repository.go:798.76,799.52 1 0
github.com/drallgood/audiobookshelf-hardcover-sync/internal/database/repository.go:799.52,801.3 1 0
github.com/drallgood/audiobookshelf-hardcover-sync/internal/database/repository.go:803.2,811.57 5 0
github.com/drallgood/audiobookshelf-hardcover-sync/internal/database/repository.go:815.80,816.21 1 0
github.com/drallgood/audiobookshelf-hardcover-sync/internal/database/repository.go:816.21,818.3 1 0
github.com/drallgood/audiobookshelf-hardcover-sync/internal/database/repository.go:820.2,821.23 2 0
github.com/drallgood/audiobookshelf-hardcover-sync/internal/database/repository.go:821.23,824.3 2 0
github.com/drallgood/audiobookshelf-hardcover-sync/internal/database/repository.go:826.2,830.71 2 0
github.com/drallgood/audiobookshelf-hardcover-sync/internal/database/repository.go:834.107,838.34 2 0
github.com/drallgood/audiobookshelf-hardcover-sync/internal/database/repository.go:838.34,839.45 1 0
github.com/drallgood/audiobookshelf-hardcover-sync/internal/database/repository.go:839.45,841.4 1 0
github.com/drallgood/audiobookshelf-hardcover-sync/internal/database/repository.go:842.3,842.18 1 0
github.com/drallgood/audiobookshelf-hardcover-sync/internal/database/repository.go:844.2,844.19 1 0
github.com/drallgood/audiobookshelf-hardcover-sync/internal/database/repository.go:848.121,852.120 3 0
github.com/drallgood/audiobookshelf-hardcover-sync/internal/database/repository.go:852.120,854.3 1 0
github.com/drallgood/audiobookshelf-hardcover-sync/internal/database/repository.go:856.2,861.34 1 0
github.com/drallgood/audiobookshelf-hardcover-sync/internal/database/repository.go:861.34,863.3 1 0
github.com/drallgood/audiobookshelf-hardcover-sync/internal/database/repository.go:865.2,865.26 1 0
github.com/drallgood/audiobookshelf-hardcover-sync/internal/database/repository.go:869.101,873.34 2 0
github.com/drallgood/audiobookshelf-hardcover-sync/internal/database/repository.go:873.34,874.45 1 0
github.com/drallgood/audiobookshelf-hardcover-sync/internal/database/repository.go:874.45,876.4 1 0
github.com/drallgood/audiobookshelf-hardcover-sync/internal/database/repository.go:877.3,877.18 1 0
github.com/drallgood/audiobookshelf-hardcover-sync/internal/database/repository.go:879.2,879.19 1 0
github.com/drallgood/audiobookshelf-hardcover-sync/internal/database/repository.go:883.101,887.34 2 0
github.com/drallgood/audiobookshelf-hardcover-sync/internal/database/repository.go:887.34,888.45 1 0
github.com/drallgood/audiobookshelf-hardcover-sync/internal/database/repository.go:888.45,890.4 1 0
github.com/drallgood/audiobookshelf-hardcover-sync/internal/database/repository.go:891.3,891.18 1 0
github.com/drallgood/audiobookshelf-hardcover-sync/internal/database/repository.go:893.2,893.19 1 0
github.com/drallgood/audiobookshelf-hardcover-sync/internal/database/repository.go:897.103,901.34 2 0
github.com/drallgood/audiobookshelf-hardcover-sync/internal/database/repository.go:901.34,902.45 1 0
github.com/drallgood/audiobookshelf-hardcover-sync/internal/database/repository.go:902.45,904.4 1 0
github.com/drallgood/audiobookshelf-hardcover-sync/internal/database/repository.go:905.3,905.18 1 0
github.com/drallgood/audiobookshelf-hardcover-sync/internal/database/repository.go:907.2,907.19 1 0
github.com/drallgood/audiobookshelf-hardcover-sync/internal/database/repository.go:911.113,915.34 2 0
github.com/drallgood/audiobookshelf-hardcover-sync/internal/database/repository.go:915.34,916.45 1 0
github.com/drallgood/audiobookshelf-hardcover-sync/internal/database/repository.go:916.45,918.4 1 0
github.com/drallgood/audiobookshelf-hardcover-sync/internal/database/repository.go:919.3,919.18 1 0
github.com/drallgood/audiobookshelf-hardcover-sync/internal/database/repository.go:921.2,921.19 1 0
github.com/drallgood/audiobookshelf-hardcover-sync/internal/database/repository.go:929.67,930.55 1 0
github.com/drallgood/audiobookshelf-hardcover-sync/internal/database/repository.go:930.55,932.3 1 0
github.com/drallgood/audiobookshelf-hardcover-sync/internal/database/repository.go:934.2,941.60 4 0
github.com/drallgood/audiobookshelf-hardcover-sync/internal/database/repository.go:945.93,950.37 2 0
github.com/drallgood/audiobookshelf-hardcover-sync/internal/database/repository.go:950.37,951.45 1 0
github.com/drallgood/audiobookshelf-hardcover-sync/internal/database/repository.go:951.45,953.4 1 0
github.com/drallgood/audiobookshelf-hardcover-sync/internal/database/repository.go:954.3,954.18 1 0
github.com/drallgood/audiobookshelf-hardcover-sync/internal/database/repository.go:956.2,956.22 1 0
github.com/drallgood/audiobookshelf-hardcover-sync/internal/database/repository.go:960.108,966.35 3 0
github.com/drallgood/audiobookshelf-hardcover-sync/internal/database/repository.go:966.35,968.3 1 0
github.com/drallgood/audiobookshelf-hardcover-sync/internal/database/repository.go:970.2,976.37 1 0
github.com/drallgood/audiobookshelf-hardcover-sync/internal/database/repository.go:976.37,978.3 1 0
github.com/drallgood/audiobookshelf-hardcover-sync/internal/database/repository.go:980.2,980.29 1 0
github.com/drallgood/audiobookshelf-hardcover-sync/internal/database/repository.go:984.106,993.47 4 0
github.com/drallgood/audiobookshelf-hardcover-sync/internal/database/repository.go:993.47,995.3 1 0
github.com/drallgood/audiobookshelf-hardcover-sync/internal/database/repository.go:997.2,1001.34 1 0
github.com/drallgood/audiobookshelf-hardcover-sync/internal/database/repository.go:1001.34,1003.3 1 0
github.com/drallgood/audiobookshelf-hardcover-sync/internal/database/repository.go:1005.2,1005.26 1 0
github.com/drallgood/audiobookshelf-hardcover-sync/internal/database/repository.go:1009.80,1011.2 1 0
github.com/drallgood/audiobookshelf-hardcover-sync/internal/database/repository.go:1018.75,1019.90 1 0
github.com/drallgood/audiobookshelf-hardcover-sync/internal/database/repository.go:1019.90,1021.3 1 0
github.com/drallgood/audiobookshelf-hardcover-sync/internal/database/repository.go:1023.2,1023.32 1 0
github.com/drallgood/audiobookshelf-hardcover-sync/internal/database/repository.go:1023.32,1025.3 1 0
github.com/drallgood/audiobookshelf-hardcover-sync/internal/database/repository.go:1026.2,1026.33 1 0
github.com/drallgood/audiobookshelf-hardcover-sync/internal/database/repository.go:1026.33,1028.3 1 0
github.com/drallgood/audiobookshelf-hardcover-sync/internal/database/repository.go:1030.2,1030.44 1 0
github.com/drallgood/audiobookshelf-hardcover-sync/internal/database/repository.go:1034.132,1040.35 3 0
github.com/drallgood/audiobookshelf-hardcover-sync/internal/database/repository.go:1040.35,1042.3 1 0
github.com/drallgood/audiobookshelf-hardcover-sync/internal/database/repository.go:1044.2,1049.38 1 0
github.com/drallgood/audiobookshelf-hardcover-sync/internal/database/repository.go:1049.38,1051.3 1 0
github.com/drallgood/audiobookshelf-hardcover-sync/internal/database/repository.go:1053.2,1053.30 1 0
github.com/drallgood/audiobookshelf-hardcover-sync/internal/database/repository.go:1057.137,1062.38 2 0
github.com/drallgood/audiobookshelf-hardcover-sync/internal/database/repository.go:1062.38,1064.3 1 0
github.com/drallgood/audiobookshelf-hardcover-sync/internal/database/repository.go:1065.2,1065.23 1 0
github.com/drallgood/audiobookshelf-hardcover-sync/internal/database/repository.go:1070.99,1077.55 2 0
github.com/drallgood/audiobookshelf-hardcover-sync/internal/database/repository.go:1077.55,1079.3 1 0
github.com/drallgood/audiobookshelf-hardcover-sync/internal/database/repository.go:1081.2,1084.39 2 0
github.com/drallgood/audiobookshelf-hardcover-sync/internal/database/repository.go:1084.39,1090.36 2 0
github.com/drallgood/audiobookshelf-hardcover-sync/internal/database/repository.go:1090.36,1092.4 1 0
github.com/drallgood/audiobookshelf-hardcover-sync/internal/database/repository.go:1095.3,1096.19 2 0
github.com/drallgood/audiobookshelf-hardcover-sync/internal/database/repository.go:1096.19,1102.50 1 0
github.com/drallgood/audiobookshelf-hardcover-sync/internal/database/repository.go:1102.50,1104.5 1 0
github.com/drallgood/audiobookshelf-hardcover-sync/internal/database/repository.go:1108.2,1108.12 1 0
github.com/drallgood/audiobookshelf-hardcover-sync/internal/database/repository.go:1116.61,1117.52 1 0
github.com/drallgood/audiobookshelf-hardcover-sync/internal/database/repository.go:1117.52,1119.3 1 0
github.com/drallgood/audiobookshelf-hardcover-sync/internal/database/repository.go:1121.2,1121.30 1 0
github.com/drallgood/audiobookshelf-hardcover-sync/internal/database/repository.go:1121.30,1123.3 1 0
github.com/drallgood/audiobookshelf-hardcover-sync/internal/database/repository.go:1125.2,1125.42 1 0
github.com/drallgood/audiobookshelf-hardcover-sync/internal/database/repository.go:1129.105,1133.112 3 0
github.com/drallgood/audiobookshelf-hardcover-sync/internal/database/repository.go:1133.112,1135.3 1 0
github.com/drallgood/audiobookshelf-hardcover-sync/internal/database/repository.go:1137.2,1142.35 1 0
github.com/drallgood/audiobookshelf-hardcover-sync/internal/database/repository.go:1142.35,1144.3 1 0
github.com/drallgood/audiobookshelf-hardcover-sync/internal/database/repository.go:1146.2,1146.27 1 0
github.com/drallgood/audiobookshelf-hardcover-sync/internal/database/repository.go:1150.98,1155.35 2 0
github.com/drallgood/audiobookshelf-hardcover-sync/internal/database/repository.go:1155.35,1157.3 1 0
github.com/drallgood/audiobookshelf-hardcover-sync/internal/database/repository.go:1158.2,1158.20 1 0
github.com/drallgood/audiobookshelf-hardcover-sync/internal/database/repository.go:1166.72,1167.53 1 0
github.com/drallgood/audiobookshelf-hardcover-sync/internal/database/repository.go:1167.53,1169.3 1 0
github.com/drallgood/audiobookshelf-hardcover-sync/internal/database/repository.go:1171.2,1178.59 4 0
github.com/drallgood/audiobookshelf-hardcover-sync/internal/database/repository.go:1182.99,1187.36 2 0
github.com/drallgood/audiobookshelf-hardcover-sync/internal/database/repository.go:1187.36,1188.45 1 0
github.com/drallgood/audiobookshelf-hardcover-sync/internal/database/repository.go:1188.45,1190.4 1 0
github.com/drallgood/audiobookshelf-hardcover-sync/internal/database/repository.go:1191.3,1191.18 1 0
github.com/drallgood/audiobookshelf-hardcover-sync/internal/database/repository.go:1193.2,1193.21 1 0
github.com/drallgood/audiobookshelf-hardcover-sync/internal/database/repository.go:1197.85,1202.36 2 0
github.com/drallgood/audiobookshelf-hardcover-sync/internal/database/repository.go:1202.36,1204.3 1 0
github.com/drallgood/audiobookshelf-hardcover-sync/internal/database/repository.go:1205.2,1205.21 1 0
github.com/drallgood/audiobookshelf-hardcover-sync/internal/database/repository.go:1209.83,1211.2 1 0
github.com/drallgood/audiobookshelf-hardcover-sync/internal/database/repository.go:1218.99,1224.37 2 0
github.com/drallgood/audiobookshelf-hardcover-sync/internal/database/repository.go:1224.37,1225.45 1 0
github.com/drallgood/audiobookshelf-hardcover-sync/internal/database/repository.go:1225.45,1227.4 1 0
github.com/drallgood/audiobookshelf-hardcover-sync/internal/database/repository.go:1228.3,1228.18 1 0
github.com/drallgood/audiobookshelf-hardcover-sync/internal/database/repository.go:1231.2,1238.67 2 0
github.com/drallgood/audiobookshelf-hardcover-sync/internal/database/repository.go:1238.67,1242.80 2 0
github.com/drallgood/audiobookshelf-hardcover-sync/internal/database/repository.go:1242.80,1244.4 1 0
github.com/drallgood/audiobookshelf-hardcover-sync/internal/database/repository.go:1244.9,1244.24 1 0
github.com/drallgood/audiobookshelf-hardcover-sync/internal/database/repository.go:1244.24,1246.4 1 0
github.com/drallgood/audiobookshelf-hardcover-sync/internal/database/repository.go:1250.2,1250.37 1 0
github.com/drallgood/audiobookshelf-hardcover-sync/internal/database/repository.go:1250.37,1253.25 3 0
github.com/drallgood/audiobookshelf-hardcover-sync/internal/database/repository.go:1253.25,1255.4 1 0
github.com/drallgood/audiobookshelf-hardcover-sync/internal/database/repository.go:1255.9,1257.4 1 0
github.com/drallgood/audiobookshelf-hardcover-sync/internal/database/repository.go:1258.8,1258.35 1 0
github.com/drallgood/audiobookshelf-hardcover-sync/internal/database/repository.go:1258.35,1260.3 1 0
github.com/drallgood/audiobookshelf-hardcover-sync/internal/database/repository.go:1260.8,1260.65 1 0
github.com/drallgood/audiobookshelf-hardcover-sync/internal/database/repository.go:1260.65,1262.3 1 0
github.com/drallgood/audiobookshelf-hardcover-sync/internal/database/repository.go:1262.8,1264.3 1 0
github.com/drallgood/audiobookshelf-hardcover-sync/internal/database/repository.go:1266.2,1266.24 1 0
github.com/drallgood/audiobookshelf-hardcover-sync/internal/database/repository.go:1281.140,1286.43 3 0
github.com/drallgood/audiobookshelf-hardcover-sync/internal/database/repository.go:1286.43,1288.3 1 0
github.com/drallgood/audiobookshelf-hardcover-sync/internal/database/repository.go:1291.2,1292.36 2 0
github.com/drallgood/audiobookshelf-hardcover-sync/internal/database/repository.go:1292.36,1293.20 1 0
github.com/drallgood/audiobookshelf-hardcover-sync/internal/database/repository.go:1294.17,1295.33 1 0
github.com/drallgood/audiobookshelf-hardcover-sync/internal/database/repository.go:1296.24,1297.35 1 0
github.com/drallgood/audiobookshelf-hardcover-sync/internal/database/repository.go:1298.23,1299.37 1 0
github.com/drallgood/audiobookshelf-hardcover-sync/internal/database/repository.go:1300.11,1301.32 1 0
github.com/drallgood/audiobookshelf-hardcover-sync/internal/database/repository.go:1306.2,1312.38 2 0
github.com/drallgood/audiobookshelf-hardcover-sync/internal/database/repository.go:1312.38,1315.3 2 0
github.com/drallgood/audiobookshelf-hardcover-sync/internal/database/repository.go:1318.2,1318.41 1 0
github.com/drallgood/audiobookshelf-hardcover-sync/internal/database/repository.go:1318.41,1319.25 1 0
github.com/drallgood/audiobookshelf-hardcover-sync/internal/database/repository.go:1320.20,1322.145 1 0
github.com/drallgood/audiobookshelf-hardcover-sync/internal/database/repository.go:1323.16,1324.65 1 0
github.com/drallgood/audiobookshelf-hardcover-sync/internal/database/repository.go:1329.2,1329.41 1 0
github.com/drallgood/audiobookshelf-hardcover-sync/internal/database/repository.go:1329.41,1331.3 1 0
github.com/drallgood/audiobookshelf-hardcover-sync/internal/database/repository.go:1333.2,1335.37 1 0
github.com/drallgood/audiobookshelf-hardcover-sync/internal/database/repository.go:1335.37,1337.3 1 0
github.com/drallgood/audiobookshelf-hardcover-sync/internal/database/repository.go:1340.2,1341.35 2 0
github.com/drallgood/audiobookshelf-hardcover-sync/internal/database/repository.go:1341.35,1349.68 2 0
github.com/drallgood/audiobookshelf-hardcover-sync/internal/database/repository.go:1349.68,1353.38 2 0
github.com/drallgood/audiobookshelf-hardcover-sync/internal/database/repository.go:1353.38,1357.21 4 0
github.com/drallgood/audiobookshelf-hardcover-sync/internal/database/repository.go:1357.21,1359.6 1 0
github.com/drallgood/audiobookshelf-hardcover-sync/internal/database/repository.go:1359.11,1361.6 1 0
github.com/drallgood/audiobookshelf-hardcover-sync/internal/database/repository.go:1365.3,1365.32 1 0
github.com/drallgood/audiobookshelf-hardcover-sync/internal/database/repository.go:1365.32,1366.60 1 0
github.com/drallgood/audiobookshelf-hardcover-sync/internal/database/repository.go:1366.60,1368.5 1 0
github.com/drallgood/audiobookshelf-hardcover-sync/internal/database/repository.go:1368.10,1370.5 1 0
github.com/drallgood/audiobookshelf-hardcover-sync/internal/database/repository.go:1374.3,1374.39 1 0
github.com/drallgood/audiobookshelf-hardcover-sync/internal/database/repository.go:1374.39,1375.23 1 0
github.com/drallgood/audiobookshelf-hardcover-sync/internal/database/repository.go:1376.19,1377.37 1 0
github.com/drallgood/audiobookshelf-hardcover-sync/internal/database/repository.go:1377.37,1378.14 1 0
github.com/drallgood/audiobookshelf-hardcover-sync/internal/database/repository.go:1380.22,1381.40 1 0
github.com/drallgood/audiobookshelf-hardcover-sync/internal/database/repository.go:1381.40,1382.14 1 0
github.com/drallgood/audiobookshelf-hardcover-sync/internal/database/repository.go:1384.20,1385.41 1 0
github.com/drallgood/audiobookshelf-hardcover-sync/internal/database/repository.go:1385.41,1386.14 1 0
github.com/drallgood/audiobookshelf-hardcover-sync/internal/database/repository.go:1388.20,1389.38 1 0
github.com/drallgood/audiobookshelf-hardcover-sync/internal/database/repository.go:1389.38,1390.14 1 0
github.com/drallgood/audiobookshelf-hardcover-sync/internal/database/repository.go:1395.3,1395.48 1 0
github.com/drallgood/audiobookshelf-hardcover-sync/internal/database/repository.go:1399.2,1403.33 3 0
github.com/drallgood/audiobookshelf-hardcover-sync/internal/database/repository.go:1403.33,1405.3 1 0
github.com/drallgood/audiobookshelf-hardcover-sync/internal/database/repository.go:1406.2,1407.31 2 0
github.com/drallgood/audiobookshelf-hardcover-sync/internal/database/repository.go:1407.31,1409.3 1 0
github.com/drallgood/audiobookshelf-hardcover-sync/internal/database/repository.go:1411.2,1411.46 1 0
github.com/drallgood/audiobookshelf-hardcover-sync/internal/database/repository.go:1415.77,1422.35 3 0
github.com/drallgood/audiobookshelf-hardcover-sync/internal/database/repository.go:1422.35,1424.3 1 0
github.com/drallgood/audiobookshelf-hardcover-sync/internal/database/repository.go:1425.2,1430.35 2 0
github.com/drallgood/audiobookshelf-hardcover-sync/internal/database/repository.go:1430.35,1432.3 1 0
github.com/drallgood/audiobookshelf-hardcover-sync/internal/database/repository.go:1433.2,1438.35 2 0
github.com/drallgood/audiobookshelf-hardcover-sync/internal/database/repository.go:1438.35,1440.3 1 0
github.com/drallgood/audiobookshelf-hardcover-sync/internal/database/repository.go:1441.2,1456.59 3 0
github.com/drallgood/audiobookshelf-hardcover-sync/internal/database/repository.go:1456.59,1458.3 1 0
github.com/drallgood/audiobookshelf-hardcover-sync/internal/database/repository.go:1461.2,1470.62 1 0
github.com/drallgood/audiobookshelf-hardcover-sync/internal/database/repository.go:1470.62,1472.3 1 0
github.com/drallgood/audiobookshelf-hardcover-sync/internal/database/repository.go:1475.2,1477.35 1 0
github.com/drallgood/audiobookshelf-hardcover-sync/internal/database/repository.go:1477.35,1479.3 1 0
github.com/drallgood/audiobookshelf-hardcover-sync/internal/database/repository.go:1480.2,1482.21 2 0
github.com/drallgood/audiobookshelf-hardcover-sync/internal/database/sqlite_pure.go:22.101,24.50 1 0
github.com/drallgood/audiobookshelf-hardcover-sync/internal/database/sqlite_pure.go:24.50,26.3 1 0
github.com/drallgood/audiobookshelf-hardcover-sync/internal/database/sqlite_pure.go:29.2,30.16 2 0
github.com/drallgood/audiobookshelf-hardcover-sync/internal/database/sqlite_pure.go:30.16,33.3 1 0
github.com/drallgood/audiobookshelf-hardcover-sync/internal/database/sqlite_pure.go:36.2,39.16 2 0
github.com/drallgood/audiobookshelf-hardcover-sync/internal/database/sqlite_pure.go:39.16,41.3 1 0
github.com/drallgood/audiobookshelf-hardcover-sync/internal/database/sqlite_pure.go:44.2,45.16 2 0
github.com/drallgood/audiobookshelf-hardcover-sync/internal/database/sqlite_pure.go:45.16,47.3 1 0
github.com/drallgood/audiobookshelf-hardcover-sync/internal/database/sqlite_pure.go:50.2,55.65 4 0
github.com/drallgood/audiobookshelf-hardcover-sync/internal/database/sqlite_pure.go:55.65,59.3 1 0
github.com/drallgood/audiobookshelf-hardcover-sync/internal/database/sqlite_pure.go:60.2,60.67 1 0
github.com/drallgood/audiobookshelf-hardcover-sync/internal/database/sqlite_pure.go:60.67,64.3 1 0
github.com/drallgood/audiobookshelf-hardcover-sync/internal/database/sqlite_pure.go:65.2,65.64 1 0
github.com/drallgood/audiobookshelf-hardcover-sync/internal/database/sqlite_pure.go:65.64,69.3 1 0
github.com/drallgood/audiobookshelf-hardcover-sync/internal/database/sqlite_pure.go:71.2,71.16 1 0
github.com/drallgood/audiobookshelf-hardcover-sync/internal/database/sqlite_pure.go:74.80,80.2 1 0
github.com/drallgood/audiobookshelf-hardcover-sync/internal/database/sqlite_pure.go:82.74,85.47 2 0
github.com/drallgood/audiobookshelf-hardcover-sync/internal/database/sqlite_pure.go:85.47,87.3 1 0
github.com/drallgood/audiobookshelf-hardcover-sync/internal/database/sqlite_pure.go:88.2,88.12 1 0
github.com/drallgood/audiobookshelf-hardcover-sync/internal/database/sqlite_pure.go:91.63,95.2 1 0
github.com/drallgood/audiobookshelf-hardcover-sync/internal/database/migrations/20250803193200_rename_user_to_sync_profile.go:31.49,34.16 2 0
github.com/drallgood/audiobookshelf-hardcover-sync/internal/database/migrations/20250803193200_rename_user_to_sync_profile.go:34.16,36.3 1 0
github.com/drallgood/audiobookshelf-hardcover-sync/internal/database/migrations/20250803193200_rename_user_to_sync_profile.go:38.2,39.16 2 0
github.com/drallgood/audiobookshelf-hardcover-sync/internal/database/migrations/20250803193200_rename_user_to_sync_profile.go:39.16,41.3 1 0
github.com/drallgood/audiobookshelf-hardcover-sync/internal/database/migrations/20250803193200_rename_user_to_sync_profile.go:43.2,44.16 2 0
github.com/drallgood/audiobookshelf-hardcover-sync/internal/database/migrations/20250803193200_rename_user_to_sync_profile.go:44.16,46.3 1 0
github.com/drallgood/audiobookshelf-hardcover-sync/internal/database/migrations/20250803193200_rename_user_to_sync_profile.go:49.2,50.16 2 0
github.com/drallgood/audiobookshelf-hardcover-sync/internal/database/migrations/20250803193200_rename_user_to_sync_profile.go:50.16,52.3 1 0
github.com/drallgood/audiobookshelf-hardcover-sync/internal/database/migrations/20250803193200_rename_user_to_sync_profile.go:55.2,61.16 2 0
github.com/drallgood/audiobookshelf-hardcover-sync/internal/database/migrations/20250803193200_rename_user_to_sync_profile.go:61.16,63.3 1 0
github.com/drallgood/audiobookshelf-hardcover-sync/internal/database/migrations/20250803193200_rename_user_to_sync_profile.go:65.2,72.12 2 0
github.com/drallgood/audiobookshelf-hardcover-sync/internal/config/config.go:206.30,272.2 51 2
github.com/drallgood/audiobookshelf-hardcover-sync/internal/config/config.go:274.47,284.22 2 2
github.com/drallgood/audiobookshelf-hardcover-sync/internal/config/config.go:284.22,286.56 1 2
github.com/drallgood/audiobookshelf-hardcover-sync/internal/config/config.go:286.57,288.4 0 0
github.com/drallgood/audiobookshelf-hardcover-sync/internal/config/config.go:288.9,291.18 2 2
github.com/drallgood/audiobookshelf-hardcover-sync/internal/config/config.go:291.18,293.5 1 0
github.com/drallgood/audiobookshelf-hardcover-sync/internal/config/config.go:296.4,299.56 2 2
github.com/drallgood/audiobookshelf-hardcover-sync/internal/config/config.go:299.56,301.5 1 0
github.com/drallgood/audiobookshelf-hardcover-sync/internal/config/config.go:304.4,304.30 1 2
github.com/drallgood/audiobookshelf-hardcover-sync/internal/config/config.go:309.2,312.39 2 2
github.com/drallgood/audiobookshelf-hardcover-sync/internal/config/config.go:312.39,314.3 1 0
github.com/drallgood/audiobookshelf-hardcover-sync/internal/config/config.go:317.2,352.17 12 2
github.com/drallgood/audiobookshelf-hardcover-sync/internal/config/config.go:356.35,361.27 2 2
github.com/drallgood/audiobookshelf-hardcover-sync/internal/config/config.go:361.27,363.33 1 2
github.com/drallgood/audiobookshelf-hardcover-sync/internal/config/config.go:363.33,365.4 1 0
github.com/drallgood/audiobookshelf-hardcover-sync/internal/config/config.go:366.3,366.35 1 2
github.com/drallgood/audiobookshelf-hardcover-sync/internal/config/config.go:366.35,368.4 1 0
github.com/drallgood/audiobookshelf-hardcover-sync/internal/config/config.go:369.3,369.30 1 2
github.com/drallgood/audiobookshelf-hardcover-sync/internal/config/config.go:369.30,371.4 1 0
github.com/drallgood/audiobookshelf-hardcover-sync/internal/config/config.go:373.3,373.23 1 2
github.com/drallgood/audiobookshelf-hardcover-sync/internal/config/config.go:373.23,387.4 7 0
github.com/drallgood/audiobookshelf-hardcover-sync/internal/config/config.go:388.8,390.33 1 0
github.com/drallgood/audiobookshelf-hardcover-sync/internal/config/config.go:390.33,392.4 1 0
github.com/drallgood/audiobookshelf-hardcover-sync/internal/config/config.go:394.3,394.23 1 0
github.com/drallgood/audiobookshelf-hardcover-sync/internal/config/config.go:394.23,408.4 7 0
github.com/drallgood/audiobookshelf-hardcover-sync/internal/config/config.go:412.2,412.30 1 2
github.com/drallgood/audiobookshelf-hardcover-sync/internal/config/config.go:412.30,416.3 2 0
github.com/drallgood/audiobookshelf-hardcover-sync/internal/config/config.go:419.2,419.62 1 2
github.com/drallgood/audiobookshelf-hardcover-sync/internal/config/config.go:419.62,422.3 2 0
github.com/drallgood/audiobookshelf-hardcover-sync/internal/config/config.go:426.2,432.28 3 2
github.com/drallgood/audiobookshelf-hardcover-sync/internal/config/config.go:432.28,436.3 3 2
github.com/drallgood/audiobookshelf-hardcover-sync/internal/config/config.go:439.2,439.31 1 2
github.com/drallgood/audiobookshelf-hardcover-sync/internal/config/config.go:439.31,443.3 3 2
github.com/drallgood/audiobookshelf-hardcover-sync/internal/config/config.go:454.2,459.21 2 2
github.com/drallgood/audiobookshelf-hardcover-sync/internal/config/config.go:459.21,461.62 1 2
github.com/drallgood/audiobookshelf-hardcover-sync/internal/config/config.go:461.62,462.28 1 2
github.com/drallgood/audiobookshelf-hardcover-sync/internal/config/config.go:462.28,465.5 2 2
github.com/drallgood/audiobookshelf-hardcover-sync/internal/config/config.go:469.3,469.22 1 2
github.com/drallgood/audiobookshelf-hardcover-sync/internal/config/config.go:469.22,472.4 2 2
github.com/drallgood/audiobookshelf-hardcover-sync/internal/config/config.go:475.3,475.19 1 2
github.com/drallgood/audiobookshelf-hardcover-sync/internal/config/config.go:475.19,478.4 2 2
github.com/drallgood/audiobookshelf-hardcover-sync/internal/config/config.go:480.3,480.32 1 2
github.com/drallgood/audiobookshelf-hardcover-sync/internal/config/config.go:480.32,482.4 1 2
github.com/drallgood/audiobookshelf-hardcover-sync/internal/config/config.go:489.2,489.47 1 2
github.com/drallgood/audiobookshelf-hardcover-sync/internal/config/config.go:489.47,492.3 1 2
github.com/drallgood/audiobookshelf-hardcover-sync/internal/config/config.go:493.2,493.12 1 2
github.com/drallgood/audiobookshelf-hardcover-sync/internal/config/config.go:502.38,504.2 1 0
github.com/drallgood/audiobookshelf-hardcover-sync/internal/config/config.go:507.53,508.17 1 0
github.com/drallgood/audiobookshelf-hardcover-sync/internal/config/config.go:508.17,510.3 1 0
github.com/drallgood/audiobookshelf-hardcover-sync/internal/config/config.go:511.2,513.29 3 0
github.com/drallgood/audiobookshelf-hardcover-sync/internal/config/config.go:513.29,515.20 2 0
github.com/drallgood/audiobookshelf-hardcover-sync/internal/config/config.go:515.20,517.4 1 0
github.com/drallgood/audiobookshelf-hardcover-sync/internal/config/config.go:519.2,519.15 1 0
github.com/drallgood/audiobookshelf-hardcover-sync/internal/config/config.go:523.31,530.86 2 2
github.com/drallgood/audiobookshelf-hardcover-sync/internal/config/config.go:530.86,534.3 2 0
github.com/drallgood/audiobookshelf-hardcover-sync/internal/config/config.go:536.2,536.83 1 2
github.com/drallgood/audiobookshelf-hardcover-sync/internal/config/config.go:536.83,537.63 1 0
github.com/drallgood/audiobookshelf-hardcover-sync/internal/config/config.go:537.63,541.4 2 0
github.com/drallgood/audiobookshelf-hardcover-sync/internal/config/config.go:545.2,545.58 1 2
github.com/drallgood/audiobookshelf-hardcover-sync/internal/config/config.go:545.58,547.3 1 0
github.com/drallgood/audiobookshelf-hardcover-sync/internal/config/config.go:549.2,549.57 1 2
github.com/drallgood/audiobookshelf-hardcover-sync/internal/config/config.go:549.57,550.63 1 0
github.com/drallgood/audiobookshelf-hardcover-sync/internal/config/config.go:550.63,552.4 1 0
github.com/drallgood/audiobookshelf-hardcover-sync/internal/config/config.go:556.2,556.44 1 2
github.com/drallgood/audiobookshelf-hardcover-sync/internal/config/config.go:556.44,557.56 1 0
github.com/drallgood/audiobookshelf-hardcover-sync/internal/config/config.go:557.56,561.4 2 0
github.com/drallgood/audiobookshelf-hardcover-sync/internal/config/config.go:565.2,565.63 1 2
github.com/drallgood/audiobookshelf-hardcover-sync/internal/config/config.go:565.63,566.56 1 0
github.com/drallgood/audiobookshelf-hardcover-sync/internal/config/config.go:566.56,569.4 1 0
github.com/drallgood/audiobookshelf-hardcover-sync/internal/config/config.go:572.2,572.55 1 2
github.com/drallgood/audiobookshelf-hardcover-sync/internal/config/config.go:572.55,574.3 1 2
github.com/drallgood/audiobookshelf-hardcover-sync/internal/config/config.go:575.2,575.61 1 2
github.com/drallgood/audiobookshelf-hardcover-sync/internal/config/config.go:575.61,577.3 1 2
github.com/drallgood/audiobookshelf-hardcover-sync/internal/config/config.go:580.2,580.56 1 2
github.com/drallgood/audiobookshelf-hardcover-sync/internal/config/config.go:580.56,582.3 1 2
github.com/drallgood/audiobookshelf-hardcover-sync/internal/config/config.go:583.2,583.63 1 2
github.com/drallgood/audiobookshelf-hardcover-sync/internal/config/config.go:583.63,585.3 1 0
github.com/drallgood/audiobookshelf-hardcover-sync/internal/config/config.go:588.2,588.43 1 2
github.com/drallgood/audiobookshelf-hardcover-sync/internal/config/config.go:588.43,590.3 1 0
github.com/drallgood/audiobookshelf-hardcover-sync/internal/config/config.go:591.2,591.61 1 2
github.com/drallgood/audiobookshelf-hardcover-sync/internal/config/config.go:591.61,592.56 1 0
github.com/drallgood/audiobookshelf-hardcover-sync/internal/config/config.go:592.56,594.4 1 0
github.com/drallgood/audiobookshelf-hardcover-sync/internal/config/config.go:596.2,596.66 1 2
github.com/drallgood/audiobookshelf-hardcover-sync/internal/config/config.go:596.66,598.3 1 0
github.com/drallgood/audiobookshelf-hardcover-sync/internal/config/config.go:601.2,601.56 1 2
github.com/drallgood/audiobookshelf-hardcover-sync/internal/config/config.go:601.56,603.3 1 0
github.com/drallgood/audiobookshelf-hardcover-sync/internal/config/config.go:605.2,605.59 1 2
github.com/drallgood/audiobookshelf-hardcover-sync/internal/config/config.go:605.59,607.3 1 0
github.com/drallgood/audiobookshelf-hardcover-sync/internal/config/config.go:608.2,608.68 1 2
github.com/drallgood/audiobookshelf-hardcover-sync/internal/config/config.go:608.68,609.61 1 0
github.com/drallgood/audiobookshelf-hardcover-sync/internal/config/config.go:609.61,611.4 1 0
github.com/drallgood/audiobookshelf-hardcover-sync/internal/config/config.go:613.2,613.72 1 2
github.com/drallgood/audiobookshelf-hardcover-sync/internal/config/config.go:613.72,615.3 1 0
github.com/drallgood/audiobookshelf-hardcover-sync/internal/config/config.go:616.2,616.69 1 2
github.com/drallgood/audiobookshelf-hardcover-sync/internal/config/config.go:616.69,617.64 1 0
github.com/drallgood/audiobookshelf-hardcover-sync/internal/config/config.go:617.64,619.4 1 0
github.com/drallgood/audiobookshelf-hardcover-sync/internal/config/config.go:621.2,621.55 1 2
github.com/drallgood/audiobookshelf-hardcover-sync/internal/config/config.go:621.55,622.51 1 0
github.com/drallgood/audiobookshelf-hardcover-sync/internal/config/config.go:622.51,624.4 1 0
github.com/drallgood/audiobookshelf-hardcover-sync/internal/config/config.go:626.2,626.58 1 2
github.com/drallgood/audiobookshelf-hardcover-sync/internal/config/config.go:626.58,627.51 1 0
github.com/drallgood/audiobookshelf-hardcover-sync/internal/config/config.go:627.51,629.4 1 0
github.com/drallgood/audiobookshelf-hardcover-sync/internal/config/config.go:631.2,631.59 1 2
github.com/drallgood/audiobookshelf-hardcover-sync/internal/config/config.go:631.59,632.57 1 0
github.com/drallgood/audiobookshelf-hardcover-sync/internal/config/config.go:632.57,634.4 1 0
github.com/drallgood/audiobookshelf-hardcover-sync/internal/config/config.go:636.2,636.50 1 2
github.com/drallgood/audiobookshelf-hardcover-sync/internal/config/config.go:636.50,637.54 1 0
github.com/drallgood/audiobookshelf-hardcover-sync/internal/config/config.go:637.54,639.4 1 0
github.com/drallgood/audiobookshelf-hardcover-sync/internal/config/config.go:641.2,641.75 1 2
github.com/drallgood/audiobookshelf-hardcover-sync/internal/config/config.go:641.75,643.3 1 0
github.com/drallgood/audiobookshelf-hardcover-sync/internal/config/config.go:644.2,644.72 1 2
github.com/drallgood/audiobookshelf-hardcover-sync/internal/config/config.go:644.72,645.56 1 0
github.com/drallgood/audiobookshelf-hardcover-sync/internal/config/config.go:645.56,647.4 1 0
github.com/drallgood/audiobookshelf-hardcover-sync/internal/config/config.go:651.2,651.77 1 2
github.com/drallgood/audiobookshelf-hardcover-sync/internal/config/config.go:651.77,652.63 1 0
github.com/drallgood/audiobookshelf-hardcover-sync/internal/config/config.go:652.63,654.4 1 0
github.com/drallgood/audiobookshelf-hardcover-sync/internal/config/config.go:656.2,656.72 1 2
github.com/drallgood/audiobookshelf-hardcover-sync/internal/config/config.go:656.72,658.3 1 0
github.com/drallgood/audiobookshelf-hardcover-sync/internal/config/config.go:659.2,659.100 1 2
github.com/drallgood/audiobookshelf-hardcover-sync/internal/config/config.go:659.100,660.65 1 0
github.com/drallgood/audiobookshelf-hardcover-sync/internal/config/config.go:660.65,662.4 1 0
github.com/drallgood/audiobookshelf-hardcover-sync/internal/config/config.go:665.2,665.76 1 2
github.com/drallgood/audiobookshelf-hardcover-sync/internal/config/config.go:665.76,666.61 1 0
github.com/drallgood/audiobookshelf-hardcover-sync/internal/config/config.go:666.61,668.4 1 0
github.com/drallgood/audiobookshelf-hardcover-sync/internal/config/config.go:671.2,671.85 1 2
github.com/drallgood/audiobookshelf-hardcover-sync/internal/config/config.go:671.85,673.3 1 0
github.com/drallgood/audiobookshelf-hardcover-sync/internal/config/config.go:674.2,674.85 1 2
github.com/drallgood/audiobookshelf-hardcover-sync/internal/config/config.go:674.85,676.3 1 0
github.com/drallgood/audiobookshelf-hardcover-sync/internal/config/config.go:679.2,680.90 2 2
github.com/drallgood/audiobookshelf-hardcover-sync/internal/config/config.go:684.37,689.67 3 2
github.com/drallgood/audiobookshelf-hardcover-sync/internal/config/config.go:689.67,693.3 2 0
github.com/drallgood/audiobookshelf-hardcover-sync/internal/config/config.go:694.2,694.63 1 2
github.com/drallgood/audiobookshelf-hardcover-sync/internal/config/config.go:694.63,698.3 2 2
github.com/drallgood/audiobookshelf-hardcover-sync/internal/config/config.go:700.5,700.44 1 2
github.com/drallgood/audiobookshelf-hardcover-sync/internal/config/config.go:700.44,705.31 3 20
github.com/drallgood/audiobookshelf-hardcover-sync/internal/config/config.go:705.31,706.21 1 0
github.com/drallgood/audiobookshelf-hardcover-sync/internal/config/config.go:709.9,709.40 1 20
github.com/drallgood/audiobookshelf-hardcover-sync/internal/config/config.go:717.42,718.22 1 164
github.com/drallgood/audiobookshelf-hardcover-sync/internal/config/config.go:718.22,720.6 1 0
github.com/drallgood/audiobookshelf-hardcover-sync/internal/config/config.go:722.5,722.23 1 164
github.com/drallgood/audiobookshelf-hardcover-sync/internal/config/config.go:723.25,724.45 1 30
github.com/drallgood/audiobookshelf-hardcover-sync/internal/config/config.go:724.45,727.28 3 144
github.com/drallgood/audiobookshelf-hardcover-sync/internal/config/config.go:727.28,728.25 1 0
github.com/drallgood/audiobookshelf-hardcover-sync/internal/config/config.go:730.13,730.30 1 144
github.com/drallgood/audiobookshelf-hardcover-sync/internal/config/config.go:732.25,733.31 1 66
github.com/drallgood/audiobookshelf-hardcover-sync/internal/config/config.go:733.31,735.10 1 10
github.com/drallgood/audiobookshelf-hardcover-sync/internal/config/config.go:736.81,737.27 1 28
github.com/drallgood/audiobookshelf-hardcover-sync/internal/config/config.go:737.27,739.10 1 4
github.com/drallgood/audiobookshelf-hardcover-sync/internal/config/config.go:740.86,741.28 1 0
github.com/drallgood/audiobookshelf-hardcover-sync/internal/config/config.go:741.28,743.10 1 0
github.com/drallgood/audiobookshelf-hardcover-sync/internal/config/config.go:744.43,745.29 1 4
github.com/drallgood/audiobookshelf-hardcover-sync/internal/config/config.go:745.29,747.10 1 2
github.com/drallgood/audiobookshelf-hardcover-sync/internal/config/config.go:748.23,750.32 1 32
github.com/drallgood/audiobookshelf-hardcover-sync/internal/config/config.go:755.42,756.48 1 8
github.com/drallgood/audiobookshelf-hardcover-sync/internal/config/config.go:756.48,758.3 1 0
github.com/drallgood/audiobookshelf-hardcover-sync/internal/config/config.go:759.2,759.17 1 8
github.com/drallgood/audiobookshelf-hardcover-sync/internal/config/file.go:15.29,17.16 2 0
github.com/drallgood/audiobookshelf-hardcover-sync/internal/config/file.go:17.16,19.3 1 0
github.com/drallgood/audiobookshelf-hardcover-sync/internal/config/file.go:20.2,20.11 1 0
github.com/drallgood/audiobookshelf-hardcover-sync/internal/config/file.go:24.49,31.27 2 0
github.com/drallgood/audiobookshelf-hardcover-sync/internal/config/file.go:31.27,33.17 2 0
github.com/drallgood/audiobookshelf-hardcover-sync/internal/config/file.go:33.17,35.4 1 0
github.com/drallgood/audiobookshelf-hardcover-sync/internal/config/file.go:36.3,36.17 1 0
github.com/drallgood/audiobookshelf-hardcover-sync/internal/config/file.go:40.2,41.16 2 0
github.com/drallgood/audiobookshelf-hardcover-sync/internal/config/file.go:41.16,43.3 1 0
github.com/drallgood/audiobookshelf-hardcover-sync/internal/config/file.go:45.2,54.16 3 0
github.com/drallgood/audiobookshelf-hardcover-sync/internal/config/file.go:54.16,56.3 1 0
github.com/drallgood/audiobookshelf-hardcover-sync/internal/config/file.go:59.2,60.29 2 0
github.com/drallgood/audiobookshelf-hardcover-sync/internal/config/file.go:60.29,62.3 1 0
github.com/drallgood/audiobookshelf-hardcover-sync/internal/config/file.go:63.2,73.51 5 0
github.com/drallgood/audiobookshelf-hardcover-sync/internal/config/file.go:73.51,76.3 2 0
github.com/drallgood/audiobookshelf-hardcover-sync/internal/config/file.go:79.2,87.18 2 0
github.com/drallgood/audiobookshelf-hardcover-sync/internal/models/audiobookshelf.go:22.58,24.2 1 0
github.com/drallgood/audiobookshelf-hardcover-sync/internal/models/audiobookshelf.go:27.63,29.2 1 0
github.com/drallgood/audiobookshelf-hardcover-sync/internal/models/audiobookshelf.go:32.57,34.2 1 0
github.com/drallgood/audiobookshelf-hardcover-sync/internal/models/audiobookshelf.go:37.57,39.2 1 0
github.com/drallgood/audiobookshelf-hardcover-sync/internal/models/audiobookshelf.go:67.45,69.31 1 0
github.com/drallgood/audiobookshelf-hardcover-sync/internal/models/audiobookshelf.go:69.31,71.3 1 0
github.com/drallgood/audiobookshelf-hardcover-sync/internal/models/audiobookshelf.go:73.2,73.83 1 0
github.com/drallgood/audiobookshelf-hardcover-sync/internal/models/audiobookshelf.go:73.83,75.3 1 0
github.com/drallgood/audiobookshelf-hardcover-sync/internal/models/audiobookshelf.go:76.2,76.14 1 0
github.com/drallgood/audiobookshelf-hardcover-sync/internal/models/audiobookshelf.go:80.45,82.2 1 0
github.com/drallgood/audiobookshelf-hardcover-sync/internal/models/audiobookshelf.go:85.52,87.2 1 0
github.com/drallgood/audiobookshelf-hardcover-sync/internal/models/audiobookshelf.go:90.47,92.2 1 0
github.com/drallgood/audiobookshelf-hardcover-sync/internal/models/audiobookshelf.go:95.52,97.2 1 0
github.com/drallgood/audiobookshelf-hardcover-sync/internal/models/audiobookshelf.go:100.50,102.2 1 0
github.com/drallgood/audiobookshelf-hardcover-sync/internal/models/audiobookshelf.go:105.72,107.2 1 0
github.com/drallgood/audiobookshelf-hardcover-sync/internal/models/audiobookshelf.go:110.68,117.2 1 0
github.com/drallgood/audiobookshelf-hardcover-sync/internal/multiuser/service.go:60.120,69.2 1 0
github.com/drallgood/audiobookshelf-hardcover-sync/internal/multiuser/service.go:73.65,75.2 1 0
github.com/drallgood/audiobookshelf-hardcover-sync/internal/multiuser/service.go:78.61,80.2 1 0
github.com/drallgood/audiobookshelf-hardcover-sync/internal/multiuser/service.go:83.55,85.2 1 0
github.com/drallgood/audiobookshelf-hardcover-sync/internal/multiuser/service.go:88.93,90.16 2 0
github.com/drallgood/audiobookshelf-hardcover-sync/internal/multiuser/service.go:90.16,92.3 1 0
github.com/drallgood/audiobookshelf-hardcover-sync/internal/multiuser/service.go:94.2,95.59 2 0
github.com/drallgood/audiobookshelf-hardcover-sync/internal/multiuser/service.go:99.116,101.16 2 0
github.com/drallgood/audiobookshelf-hardcover-sync/internal/multiuser/service.go:101.16,103.3 1 0
github.com/drallgood/audiobookshelf-hardcover-sync/internal/multiuser/service.go:105.2,105.94 1 0
github.com/drallgood/audiobookshelf-hardcover-sync/internal/multiuser/service.go:109.91,111.16 2 0
github.com/drallgood/audiobookshelf-hardcover-sync/internal/multiuser/service.go:111.16,113.3 1 0
github.com/drallgood/audiobookshelf-hardcover-sync/internal/multiuser/service.go:116.2,117.27 2 0
github.com/drallgood/audiobookshelf-hardcover-sync/internal/multiuser/service.go:117.27,118.45 1 0
github.com/drallgood/audiobookshelf-hardcover-sync/internal/multiuser/service.go:118.45,120.4 1 0
github.com/drallgood/audiobookshelf-hardcover-sync/internal/multiuser/service.go:121.3,121.40 1 0
github.com/drallgood/audiobookshelf-hardcover-sync/internal/multiuser/service.go:121.40,123.4 1 0
github.com/drallgood/audiobookshelf-hardcover-sync/internal/multiuser/service.go:124.3,124.41 1 0
github.com/drallgood/audiobookshelf-hardcover-sync/internal/multiuser/service.go:124.41,126.4 1 0
github.com/drallgood/audiobookshelf-hardcover-sync/internal/multiuser/service.go:129.2,130.57 2 0
github.com/drallgood/audiobookshelf-hardcover-sync/internal/multiuser/service.go:134.75,136.2 1 0
github.com/drallgood/audiobookshelf-hardcover-sync/internal/multiuser/service.go:139.94,141.2 1 0
github.com/drallgood/audiobookshelf-hardcover-sync/internal/multiuser/service.go:144.164,146.2 1 0
github.com/drallgood/audiobookshelf-hardcover-sync/internal/multiuser/service.go:149.72,151.2 1 0
github.com/drallgood/audiobookshelf-hardcover-sync/internal/multiuser/service.go:154.164,156.2 1 0
github.com/drallgood/audiobookshelf-hardcover-sync/internal/multiuser/service.go:159.66,161.48 1 0
github.com/drallgood/audiobookshelf-hardcover-sync/internal/multiuser/service.go:161.48,166.3 1 0
github.com/drallgood/audiobookshelf-hardcover-sync/internal/multiuser/service.go:169.2,173.46 4 0
github.com/drallgood/audiobookshelf-hardcover-sync/internal/multiuser/service.go:178.105,180.48 1 0
github.com/drallgood/audiobookshelf-hardcover-sync/internal/multiuser/service.go:180.48,185.3 1 0
github.com/drallgood/audiobookshelf-hardcover-sync/internal/multiuser/service.go:188.2,189.60 2 0
github.com/drallgood/audiobookshelf-hardcover-sync/internal/multiuser/service.go:189.60,195.3 5 0
github.com/drallgood/audiobookshelf-hardcover-sync/internal/multiuser/service.go:196.2,198.49 2 0
github.com/drallgood/audiobookshelf-hardcover-sync/internal/multiuser/service.go:202.82,204.16 2 0
github.com/drallgood/audiobookshelf-hardcover-sync/internal/multiuser/service.go:204.16,206.3 1 0
github.com/drallgood/audiobookshelf-hardcover-sync/internal/multiuser/service.go:208.2,213.35 4 0
github.com/drallgood/audiobookshelf-hardcover-sync/internal/multiuser/service.go:213.35,215.31 2 0
github.com/drallgood/audiobookshelf-hardcover-sync/internal/multiuser/service.go:215.31,223.4 1 0
github.com/drallgood/audiobookshelf-hardcover-sync/internal/multiuser/service.go:223.9,235.4 1 0
github.com/drallgood/audiobookshelf-hardcover-sync/internal/multiuser/service.go:238.3,238.26 1 0
github.com/drallgood/audiobookshelf-hardcover-sync/internal/multiuser/service.go:238.26,240.4 1 0
github.com/drallgood/audiobookshelf-hardcover-sync/internal/multiuser/service.go:242.3,242.38 1 0
github.com/drallgood/audiobookshelf-hardcover-sync/internal/multiuser/service.go:245.2,245.22 1 0
github.com/drallgood/audiobookshelf-hardcover-sync/internal/multiuser/service.go:249.83,254.2 4 0
github.com/drallgood/audiobookshelf-hardcover-sync/internal/multiuser/service.go:257.82,262.13 4 0
github.com/drallgood/audiobookshelf-hardcover-sync/internal/multiuser/service.go:262.13,265.17 2 0
github.com/drallgood/audiobookshelf-hardcover-sync/internal/multiuser/service.go:265.17,272.4 1 0
github.com/drallgood/audiobookshelf-hardcover-sync/internal/multiuser/service.go:275.3,280.4 1 0
github.com/drallgood/audiobookshelf-hardcover-sync/internal/multiuser/service.go:284.2,284.28 1 0
github.com/drallgood/audiobookshelf-hardcover-sync/internal/multiuser/service.go:284.28,285.110 1 0
github.com/drallgood/audiobookshelf-hardcover-sync/internal/multiuser/service.go:285.110,287.4 1 0
github.com/drallgood/audiobookshelf-hardcover-sync/internal/multiuser/service.go:291.2,294.54 3 0
github.com/drallgood/audiobookshelf-hardcover-sync/internal/multiuser/service.go:294.54,296.21 2 0
github.com/drallgood/audiobookshelf-hardcover-sync/internal/multiuser/service.go:296.21,301.38 3 0
github.com/drallgood/audiobookshelf-hardcover-sync/internal/multiuser/service.go:301.38,304.5 2 0
github.com/drallgood/audiobookshelf-hardcover-sync/internal/multiuser/service.go:304.10,306.5 1 0
github.com/drallgood/audiobookshelf-hardcover-sync/internal/multiuser/service.go:308.4,308.35 1 0
github.com/drallgood/audiobookshelf-hardcover-sync/internal/multiuser/service.go:308.35,311.5 2 0
github.com/drallgood/audiobookshelf-hardcover-sync/internal/multiuser/service.go:311.10,313.5 1 0
github.com/drallgood/audiobookshelf-hardcover-sync/internal/multiuser/service.go:316.4,324.40 2 0
github.com/drallgood/audiobookshelf-hardcover-sync/internal/multiuser/service.go:329.2,329.75 1 0
github.com/drallgood/audiobookshelf-hardcover-sync/internal/multiuser/service.go:329.75,343.28 4 0
github.com/drallgood/audiobookshelf-hardcover-sync/internal/multiuser/service.go:343.28,345.31 2 0
github.com/drallgood/audiobookshelf-hardcover-sync/internal/multiuser/service.go:345.31,347.5 1 0
github.com/drallgood/audiobookshelf-hardcover-sync/internal/multiuser/service.go:351.2,351.15 1 0
github.com/drallgood/audiobookshelf-hardcover-sync/internal/multiuser/service.go:355.62,359.54 3 0
github.com/drallgood/audiobookshelf-hardcover-sync/internal/multiuser/service.go:359.54,361.6 1 0
github.com/drallgood/audiobookshelf-hardcover-sync/internal/multiuser/service.go:364.5,365.19 2 0
github.com/drallgood/audiobookshelf-hardcover-sync/internal/multiuser/service.go:365.19,367.6 1 0
github.com/drallgood/audiobookshelf-hardcover-sync/internal/multiuser/service.go:370.5,384.15 5 0
github.com/drallgood/audiobookshelf-hardcover-sync/internal/multiuser/service.go:388.63,393.16 4 0
github.com/drallgood/audiobookshelf-hardcover-sync/internal/multiuser/service.go:393.16,395.6 1 0
github.com/drallgood/audiobookshelf-hardcover-sync/internal/multiuser/service.go:396.5,406.71 4 0
github.com/drallgood/audiobookshelf-hardcover-sync/internal/multiuser/service.go:406.71,407.25 1 0
github.com/drallgood/audiobookshelf-hardcover-sync/internal/multiuser/service.go:407.25,409.10 1 0
github.com/drallgood/audiobookshelf-hardcover-sync/internal/multiuser/service.go:410.9,411.48 2 0
github.com/drallgood/audiobookshelf-hardcover-sync/internal/multiuser/service.go:414.5,415.15 2 0
github.com/drallgood/audiobookshelf-hardcover-sync/internal/multiuser/service.go:419.122,421.18 1 0
github.com/drallgood/audiobookshelf-hardcover-sync/internal/multiuser/service.go:421.18,425.6 3 0
github.com/drallgood/audiobookshelf-hardcover-sync/internal/multiuser/service.go:427.5,434.30 4 0
github.com/drallgood/audiobookshelf-hardcover-sync/internal/multiuser/service.go:434.30,435.51 1 0
github.com/drallgood/audiobookshelf-hardcover-sync/internal/multiuser/service.go:435.51,437.10 1 0
github.com/drallgood/audiobookshelf-hardcover-sync/internal/multiuser/service.go:438.9,438.46 1 0
github.com/drallgood/audiobookshelf-hardcover-sync/internal/multiuser/service.go:438.46,440.10 1 0
github.com/drallgood/audiobookshelf-hardcover-sync/internal/multiuser/service.go:441.9,441.47 1 0
github.com/drallgood/audiobookshelf-hardcover-sync/internal/multiuser/service.go:441.47,443.10 1 0
github.com/drallgood/audiobookshelf-hardcover-sync/internal/multiuser/service.go:444.9,444.55 1 0
github.com/drallgood/audiobookshelf-hardcover-sync/internal/multiuser/service.go:444.55,446.10 1 0
github.com/drallgood/audiobookshelf-hardcover-sync/internal/multiuser/service.go:449.5,461.19 4 0
github.com/drallgood/audiobookshelf-hardcover-sync/internal/multiuser/service.go:461.19,469.6 2 0
github.com/drallgood/audiobookshelf-hardcover-sync/internal/multiuser/service.go:472.5,479.18 6 0
github.com/drallgood/audiobookshelf-hardcover-sync/internal/multiuser/service.go:479.18,483.6 3 0
github.com/drallgood/audiobookshelf-hardcover-sync/internal/multiuser/service.go:486.5,498.19 4 0
github.com/drallgood/audiobookshelf-hardcover-sync/internal/multiuser/service.go:498.19,505.6 3 0
github.com/drallgood/audiobookshelf-hardcover-sync/internal/multiuser/service.go:505.11,532.6 9 0
github.com/drallgood/audiobookshelf-hardcover-sync/internal/multiuser/service.go:535.5,535.71 1 0
github.com/drallgood/audiobookshelf-hardcover-sync/internal/multiuser/service.go:535.71,536.25 1 0
github.com/drallgood/audiobookshelf-hardcover-sync/internal/multiuser/service.go:536.25,538.10 1 0
github.com/drallgood/audiobookshelf-hardcover-sync/internal/multiuser/service.go:539.9,540.48 2 0
github.com/drallgood/audiobookshelf-hardcover-sync/internal/multiuser/service.go:544.5,546.27 3 0
github.com/drallgood/audiobookshelf-hardcover-sync/internal/multiuser/service.go:550.114,566.35 6 0
github.com/drallgood/audiobookshelf-hardcover-sync/internal/multiuser/service.go:566.35,568.17 2 0
github.com/drallgood/audiobookshelf-hardcover-sync/internal/multiuser/service.go:568.17,575.4 2 0
github.com/drallgood/audiobookshelf-hardcover-sync/internal/multiuser/service.go:576.3,576.38 1 0
github.com/drallgood/audiobookshelf-hardcover-sync/internal/multiuser/service.go:580.2,582.32 2 0
github.com/drallgood/audiobookshelf-hardcover-sync/internal/multiuser/service.go:582.32,584.3 1 0
github.com/drallgood/audiobookshelf-hardcover-sync/internal/multiuser/service.go:584.8,586.3 1 0
github.com/drallgood/audiobookshelf-hardcover-sync/internal/multiuser/service.go:587.2,607.16 13 0
github.com/drallgood/audiobookshelf-hardcover-sync/internal/multiuser/service.go:611.93,615.2 3 0
github.com/drallgood/audiobookshelf-hardcover-sync/internal/multiuser/service.go:618.38,620.2 1 0
github.com/drallgood/audiobookshelf-hardcover-sync/internal/multiuser/service.go:623.68,629.2 4 0
github.com/drallgood/audiobookshelf-hardcover-sync/internal/multiuser/service.go:631.120,633.2 1 0
github.com/drallgood/audiobookshelf-hardcover-sync/internal/multiuser/service.go:636.121,638.2 1 0
github.com/drallgood/audiobookshelf-hardcover-sync/internal/multiuser/service.go:641.105,643.2 1 0
github.com/drallgood/audiobookshelf-hardcover-sync/internal/server/server.go:32.157,131.2 60 0
github.com/drallgood/audiobookshelf-hardcover-sync/internal/server/server.go:134.32,139.81 2 0
github.com/drallgood/audiobookshelf-hardcover-sync/internal/server/server.go:139.81,141.3 1 0
github.com/drallgood/audiobookshelf-hardcover-sync/internal/server/server.go:142.2,142.12 1 0
github.com/drallgood/audiobookshelf-hardcover-sync/internal/server/server.go:146.54,149.2 2 0
github.com/drallgood/audiobookshelf-hardcover-sync/internal/server/server.go:152.76,153.32 1 0
github.com/drallgood/audiobookshelf-hardcover-sync/internal/server/server.go:153.32,156.3 2 0
github.com/drallgood/audiobookshelf-hardcover-sync/internal/server/server.go:158.2,160.34 3 0
github.com/drallgood/audiobookshelf-hardcover-sync/internal/server/server.go:164.69,165.33 1 0
github.com/drallgood/audiobookshelf-hardcover-sync/internal/server/server.go:165.33,168.3 2 0
github.com/drallgood/audiobookshelf-hardcover-sync/internal/server/server.go:171.2,173.73 3 0
github.com/drallgood/audiobookshelf-hardcover-sync/internal/server/server.go:173.73,177.3 1 0
github.com/drallgood/audiobookshelf-hardcover-sync/internal/server/server.go:181.74,182.32 1 0
github.com/drallgood/audiobookshelf-hardcover-sync/internal/server/server.go:182.32,185.3 2 0
github.com/drallgood/audiobookshelf-hardcover-sync/internal/server/server.go:186.2,186.42 1 0
github.com/drallgood/audiobookshelf-hardcover-sync/internal/server/server.go:190.76,191.18 1 0
github.com/drallgood/audiobookshelf-hardcover-sync/internal/server/server.go:192.22,193.33 1 0
github.com/drallgood/audiobookshelf-hardcover-sync/internal/server/server.go:194.23,195.35 1 0
github.com/drallgood/audiobookshelf-hardcover-sync/internal/server/server.go:196.10,197.67 1 0
github.com/drallgood/audiobookshelf-hardcover-sync/internal/server/server.go:202.82,222.24 5 0
github.com/drallgood/audiobookshelf-hardcover-sync/internal/server/server.go:222.24,229.3 3 0
github.com/drallgood/audiobookshelf-hardcover-sync/internal/server/server.go:231.2,232.21 2 0
github.com/drallgood/audiobookshelf-hardcover-sync/internal/server/server.go:232.21,235.3 2 0
github.com/drallgood/audiobookshelf-hardcover-sync/internal/server/server.go:238.2,238.24 1 0
github.com/drallgood/audiobookshelf-hardcover-sync/internal/server/server.go:238.24,240.23 1 0
github.com/drallgood/audiobookshelf-hardcover-sync/internal/server/server.go:241.17,242.34 1 0
github.com/drallgood/audiobookshelf-hardcover-sync/internal/server/server.go:242.34,244.5 1 0
github.com/drallgood/audiobookshelf-hardcover-sync/internal/server/server.go:244.10,246.5 1 0
github.com/drallgood/audiobookshelf-hardcover-sync/internal/server/server.go:247.17,248.34 1 0
github.com/drallgood/audiobookshelf-hardcover-sync/internal/server/server.go:248.34,250.5 1 0
github.com/drallgood/audiobookshelf-hardcover-sync/internal/server/server.go:250.10,252.5 1 0
github.com/drallgood/audiobookshelf-hardcover-sync/internal/server/server.go:253.15,254.20 1 0
github.com/drallgood/audiobookshelf-hardcover-sync/internal/server/server.go:255.25,256.33 1 0
github.com/drallgood/audiobookshelf-hardcover-sync/internal/server/server.go:257.27,258.34 1 0
github.com/drallgood/audiobookshelf-hardcover-sync/internal/server/server.go:259.12,260.69 1 0
github.com/drallgood/audiobookshelf-hardcover-sync/internal/server/server.go:262.11,263.51 1 0
github.com/drallgood/audiobookshelf-hardcover-sync/internal/server/server.go:265.3,265.9 1 0
github.com/drallgood/audiobookshelf-hardcover-sync/internal/server/server.go:269.2,269.18 1 0
github.com/drallgood/audiobookshelf-hardcover-sync/internal/server/server.go:270.22,271.32 1 0
github.com/drallgood/audiobookshelf-hardcover-sync/internal/server/server.go:272.22,273.35 1 0
github.com/drallgood/audiobookshelf-hardcover-sync/internal/server/server.go:274.25,275.35 1 0
github.com/drallgood/audiobookshelf-hardcover-sync/internal/server/server.go:276.10,277.67 1 0
github.com/drallgood/audiobookshelf-hardcover-sync/internal/server/server.go:282.79,283.32 1 0
github.com/drallgood/audiobookshelf-hardcover-sync/internal/server/server.go:283.32,286.3 2 0
github.com/drallgood/audiobookshelf-hardcover-sync/internal/server/server.go:289.2,292.32 2 0
github.com/drallgood/audiobookshelf-hardcover-sync/internal/server/server.go:292.32,300.61 3 0
github.com/drallgood/audiobookshelf-hardcover-sync/internal/server/server.go:300.61,305.4 2 0
github.com/drallgood/audiobookshelf-hardcover-sync/internal/server/server.go:306.3,306.9 1 0
github.com/drallgood/audiobookshelf-hardcover-sync/internal/server/server.go:311.2,314.17 3 0
github.com/drallgood/audiobookshelf-hardcover-sync/internal/server/server.go:314.17,323.61 4 0
github.com/drallgood/audiobookshelf-hardcover-sync/internal/server/server.go:323.61,328.4 2 0
github.com/drallgood/audiobookshelf-hardcover-sync/internal/server/server.go:329.3,329.9 1 0
github.com/drallgood/audiobookshelf-hardcover-sync/internal/server/server.go:333.2,334.16 2 0
github.com/drallgood/audiobookshelf-hardcover-sync/internal/server/server.go:334.16,345.61 4 0
github.com/drallgood/audiobookshelf-hardcover-sync/internal/server/server.go:345.61,350.4 2 0
github.com/drallgood/audiobookshelf-hardcover-sync/internal/server/server.go:351.3,351.9 1 0
github.com/drallgood/audiobookshelf-hardcover-sync/internal/server/server.go:355.2,372.60 4 0
github.com/drallgood/audiobookshelf-hardcover-sync/internal/server/server.go:372.60,378.3 2 0
github.com/drallgood/audiobookshelf-hardcover-sync/internal/server/server.go:382.75,385.2 1 0
github.com/drallgood/audiobookshelf-hardcover-sync/internal/server/server.go:388.76,390.44 1 0
github.com/drallgood/audiobookshelf-hardcover-sync/internal/server/server.go:390.44,393.3 2 0
github.com/drallgood/audiobookshelf-hardcover-sync/internal/server/server.go:396.2,400.21 3 0
github.com/drallgood/audiobookshelf-hardcover-sync/internal/server/server.go:400.21,402.3 1 0
github.com/drallgood/audiobookshelf-hardcover-sync/internal/server/server.go:405.2,405.38 1 0
github.com/drallgood/audiobookshelf-hardcover-sync/internal/server/server.go:405.38,408.3 2 0
github.com/drallgood/audiobookshelf-hardcover-sync/internal/server/server.go:411.5,415.32 3 0
github.com/drallgood/audiobookshelf-hardcover-sync/internal/server/server.go:416.15,421.33 4 0
github.com/drallgood/audiobookshelf-hardcover-sync/internal/server/server.go:422.14,425.63 2 0
github.com/drallgood/audiobookshelf-hardcover-sync/internal/server/server.go:426.13,429.63 2 0
github.com/drallgood/audiobookshelf-hardcover-sync/internal/server/server.go:430.15,432.63 2 0
github.com/drallgood/audiobookshelf-hardcover-sync/internal/server/server.go:433.14,435.70 2 0
github.com/drallgood/audiobookshelf-hardcover-sync/internal/server/server.go:436.14,438.70 2 0
github.com/drallgood/audiobookshelf-hardcover-sync/internal/server/server.go:439.23,441.70 2 0
github.com/drallgood/audiobookshelf-hardcover-sync/internal/server/server.go:442.15,444.70 2 0
github.com/drallgood/audiobookshelf-hardcover-sync/internal/server/server.go:445.14,447.70 2 0
github.com/drallgood/audiobookshelf-hardcover-sync/internal/server/server.go:448.14,450.70 2 0
github.com/drallgood/audiobookshelf-hardcover-sync/internal/server/server.go:451.10,454.63 2 0
github.com/drallgood/audiobookshelf-hardcover-sync/internal/server/server.go:458.2,458.32 1 0
github.com/drallgood/audiobookshelf-hardcover-sync/internal/server/server.go:462.80,464.2 1 0
github.com/drallgood/audiobookshelf-hardcover-sync/internal/server/server.go:466.80,468.2 1 0
github.com/drallgood/audiobookshelf-hardcover-sync/internal/server/server.go:470.82,472.2 1 0
github.com/drallgood/audiobookshelf-hardcover-sync/internal/server/server.go:474.79,476.2 1 0
github.com/drallgood/audiobookshelf-hardcover-sync/internal/server/server.go:478.83,480.2 1 0
github.com/drallgood/audiobookshelf-hardcover-sync/internal/server/server.go:482.84,484.2 1 0
github.com/drallgood/audiobookshelf-hardcover-sync/internal/server/server.go:486.85,488.2 1 0
github.com/drallgood/audiobookshelf-hardcover-sync/internal/server/server.go:490.84,492.2 1 0
github.com/drallgood/audiobookshelf-hardcover-sync/internal/server/server.go:494.84,496.2 1 0
github.com/drallgood/audiobookshelf-hardcover-sync/internal/server/server.go:498.82,500.2 1 0
github.com/drallgood/audiobookshelf-hardcover-sync/internal/server/server.go:502.86,504.2 1 0
github.com/drallgood/audiobookshelf-hardcover-sync/internal/server/server.go:506.90,508.2 1 0
github.com/drallgood/audiobookshelf-hardcover-sync/internal/server/server.go:510.88,512.2 1 0
github.com/drallgood/audiobookshelf-hardcover-sync/internal/server/server.go:514.88,516.2 1 0
github.com/drallgood/audiobookshelf-hardcover-sync/internal/server/server.go:518.86,520.2 1 0
github.com/drallgood/audiobookshelf-hardcover-sync/internal/server/server.go:522.88,524.2 1 0
github.com/drallgood/audiobookshelf-hardcover-sync/internal/server/server.go:526.90,528.2 1 0
github.com/drallgood/audiobookshelf-hardcover-sync/internal/server/server.go:530.97,532.2 1 0
github.com/drallgood/audiobookshelf-hardcover-sync/internal/server/server.go:534.89,536.2 1 0
github.com/drallgood/audiobookshelf-hardcover-sync/internal/server/server.go:538.85,540.2 1 0
github.com/drallgood/audiobookshelf-hardcover-sync/internal/server/server.go:543.80,545.2 1 0
github.com/drallgood/audiobookshelf-hardcover-sync/internal/server/server.go:548.79,550.2 1 0
github.com/drallgood/audiobookshelf-hardcover-sync/internal/server/server.go:553.84,554.33 1 0
github.com/drallgood/audiobookshelf-hardcover-sync/internal/server/server.go:554.33,557.3 2 0
github.com/drallgood/audiobookshelf-hardcover-sync/internal/server/server.go:558.2,558.37 1 0
github.com/drallgood/audiobookshelf-hardcover-sync/internal/logger/logger.go:15.13,20.2 3 1
github.com/drallgood/audiobookshelf-hardcover-sync/internal/logger/logger.go:45.43,46.14 1 7
github.com/drallgood/audiobookshelf-hardcover-sync/internal/logger/logger.go:46.14,48.3 1 0
github.com/drallgood/audiobookshelf-hardcover-sync/internal/logger/logger.go:51.2,53.30 2 7
github.com/drallgood/audiobookshelf-hardcover-sync/internal/logger/logger.go:53.30,55.3 1 0
github.com/drallgood/audiobookshelf-hardcover-sync/internal/logger/logger.go:56.2,56.14 1 7
github.com/drallgood/audiobookshelf-hardcover-sync/internal/logger/logger.go:70.36,72.2 1 5
github.com/drallgood/audiobookshelf-hardcover-sync/internal/logger/logger.go:75.46,76.33 1 5
github.com/drallgood/audiobookshelf-hardcover-sync/internal/logger/logger.go:77.17,78.23 1 2
github.com/drallgood/audiobookshelf-hardcover-sync/internal/logger/logger.go:79.14,80.20 1 2
github.com/drallgood/audiobookshelf-hardcover-sync/internal/logger/logger.go:81.10,82.20 1 1
github.com/drallgood/audiobookshelf-hardcover-sync/internal/logger/logger.go:99.53,100.71 1 3
github.com/drallgood/audiobookshelf-hardcover-sync/internal/logger/logger.go:100.71,115.15 7 3
github.com/drallgood/audiobookshelf-hardcover-sync/internal/logger/logger.go:115.15,117.4 1 3
github.com/drallgood/audiobookshelf-hardcover-sync/internal/logger/logger.go:120.3,131.94 2 3
github.com/drallgood/audiobookshelf-hardcover-sync/internal/logger/logger.go:131.94,133.4 1 3
github.com/drallgood/audiobookshelf-hardcover-sync/internal/logger/logger.go:136.3,136.33 1 3
github.com/drallgood/audiobookshelf-hardcover-sync/internal/logger/logger.go:146.57,149.2 2 4
github.com/drallgood/audiobookshelf-hardcover-sync/internal/logger/logger.go:152.20,153.17 1 20
github.com/drallgood/audiobookshelf-hardcover-sync/internal/logger/logger.go:153.17,154.26 1 1
github.com/drallgood/audiobookshelf-hardcover-sync/internal/logger/logger.go:154.26,157.4 1 1
github.com/drallgood/audiobookshelf-hardcover-sync/internal/logger/logger.go:159.2,159.21 1 20
github.com/drallgood/audiobookshelf-hardcover-sync/internal/logger/logger.go:164.24,167.2 2 20
github.com/drallgood/audiobookshelf-hardcover-sync/internal/logger/logger.go:171.24,172.17 1 19
github.com/drallgood/audiobookshelf-hardcover-sync/internal/logger/logger.go:172.17,174.3 1 19
github.com/drallgood/audiobookshelf-hardcover-sync/internal/logger/logger.go:179.29,182.25 2 0
github.com/drallgood/audiobookshelf-hardcover-sync/internal/logger/logger.go:182.25,187.3 1 0
github.com/drallgood/audiobookshelf-hardcover-sync/internal/logger/logger.go:191.30,194.21 2 20
github.com/drallgood/audiobookshelf-hardcover-sync/internal/logger/logger.go:194.21,197.17 3 19
github.com/drallgood/audiobookshelf-hardcover-sync/internal/logger/logger.go:197.17,199.4 1 0
github.com/drallgood/audiobookshelf-hardcover-sync/internal/logger/logger.go:203.2,203.22 1 20
github.com/drallgood/audiobookshelf-hardcover-sync/internal/logger/logger.go:203.22,205.3 1 7
github.com/drallgood/audiobookshelf-hardcover-sync/internal/logger/logger.go:206.2,206.26 1 20
github.com/drallgood/audiobookshelf-hardcover-sync/internal/logger/logger.go:206.26,208.3 1 5
github.com/drallgood/audiobookshelf-hardcover-sync/internal/logger/logger.go:211.2,212.19 2 20
github.com/drallgood/audiobookshelf-hardcover-sync/internal/logger/logger.go:212.19,214.3 1 2
github.com/drallgood/audiobookshelf-hardcover-sync/internal/logger/logger.go:217.2,220.20 2 20
github.com/drallgood/audiobookshelf-hardcover-sync/internal/logger/logger.go:221.21,225.5 1 2
github.com/drallgood/audiobookshelf-hardcover-sync/internal/logger/logger.go:226.10,227.31 1 18
github.com/drallgood/audiobookshelf-hardcover-sync/internal/logger/logger.go:231.2,247.4 4 20
github.com/drallgood/audiobookshelf-hardcover-sync/internal/logger/logger.go:251.57,253.16 2 0
github.com/drallgood/audiobookshelf-hardcover-sync/internal/logger/logger.go:253.16,257.17 3 0
github.com/drallgood/audiobookshelf-hardcover-sync/internal/logger/logger.go:257.17,262.4 3 0
github.com/drallgood/audiobookshelf-hardcover-sync/internal/logger/logger.go:265.2,265.19 1 0
github.com/drallgood/audiobookshelf-hardcover-sync/internal/logger/logger.go:265.19,267.3 1 0
github.com/drallgood/audiobookshelf-hardcover-sync/internal/logger/logger.go:269.2,270.27 2 0
github.com/drallgood/audiobookshelf-hardcover-sync/internal/logger/logger.go:270.27,272.3 1 0
github.com/drallgood/audiobookshelf-hardcover-sync/internal/logger/logger.go:273.2,273.32 1 0
github.com/drallgood/audiobookshelf-hardcover-sync/internal/logger/logger.go:288.70,289.19 1 5
github.com/drallgood/audiobookshelf-hardcover-sync/internal/logger/logger.go:289.19,291.3 1 1
github.com/drallgood/audiobookshelf-hardcover-sync/internal/logger/logger.go:292.2,292.52 1 4
github.com/drallgood/audiobookshelf-hardcover-sync/internal/logger/logger.go:297.70,298.19 1 3
github.com/drallgood/audiobookshelf-hardcover-sync/internal/logger/logger.go:298.19,300.3 1 1
github.com/drallgood/audiobookshelf-hardcover-sync/internal/logger/logger.go:301.2,301.52 1 2
github.com/drallgood/audiobookshelf-hardcover-sync/internal/logger/logger.go:306.47,307.16 1 9
github.com/drallgood/audiobookshelf-hardcover-sync/internal/logger/logger.go:307.16,309.3 1 0
github.com/drallgood/audiobookshelf-hardcover-sync/internal/logger/logger.go:310.2,310.51 1 9
github.com/drallgood/audiobookshelf-hardcover-sync/internal/logger/logger.go:310.51,312.3 1 5
github.com/drallgood/audiobookshelf-hardcover-sync/internal/logger/logger.go:313.2,313.12 1 4
github.com/drallgood/audiobookshelf-hardcover-sync/internal/logger/logger.go:317.68,318.14 1 34
github.com/drallgood/audiobookshelf-hardcover-sync/internal/logger/logger.go:318.14,320.3 1 0
github.com/drallgood/audiobookshelf-hardcover-sync/internal/logger/logger.go:322.2,322.22 1 34
github.com/drallgood/audiobookshelf-hardcover-sync/internal/logger/logger.go:322.22,324.3 1 2
github.com/drallgood/audiobookshelf-hardcover-sync/internal/logger/logger.go:326.2,327.27 2 32
github.com/drallgood/audiobookshelf-hardcover-sync/internal/logger/logger.go:327.27,329.3 1 76
github.com/drallgood/audiobookshelf-hardcover-sync/internal/logger/logger.go:331.2,334.3 1 32
github.com/drallgood/audiobookshelf-hardcover-sync/internal/logger/logger.go:338.69,339.14 1 36
github.com/drallgood/audiobookshelf-hardcover-sync/internal/logger/logger.go:339.14,341.3 1 0
github.com/drallgood/audiobookshelf-hardcover-sync/internal/logger/logger.go:343.2,343.15 1 36
github.com/drallgood/audiobookshelf-hardcover-sync/internal/logger/logger.go:343.15,345.3 1 0
github.com/drallgood/audiobookshelf-hardcover-sync/internal/logger/logger.go:347.2,347.63 1 36
github.com/drallgood/audiobookshelf-hardcover-sync/internal/logger/logger.go:347.63,349.3 1 23
github.com/drallgood/audiobookshelf-hardcover-sync/internal/logger/logger.go:349.8,351.3 1 13
github.com/drallgood/audiobookshelf-hardcover-sync/internal/logger/logger.go:355.60,356.14 1 1
github.com/drallgood/audiobookshelf-hardcover-sync/internal/logger/logger.go:356.14,358.3 1 0
github.com/drallgood/audiobookshelf-hardcover-sync/internal/logger/logger.go:359.2,359.39 1 1
github.com/drallgood/audiobookshelf-hardcover-sync/internal/logger/logger.go:363.69,364.14 1 5
github.com/drallgood/audiobookshelf-hardcover-sync/internal/logger/logger.go:364.14,366.3 1 0
github.com/drallgood/audiobookshelf-hardcover-sync/internal/logger/logger.go:368.2,368.15 1 5
github.com/drallgood/audiobookshelf-hardcover-sync/internal/logger/logger.go:368.15,370.3 1 0
github.com/drallgood/audiobookshelf-hardcover-sync/internal/logger/logger.go:372.2,372.63 1 5
github.com/drallgood/audiobookshelf-hardcover-sync/internal/logger/logger.go:372.63,374.3 1 0
github.com/drallgood/audiobookshelf-hardcover-sync/internal/logger/logger.go:374.8,376.3 1 5
github.com/drallgood/audiobookshelf-hardcover-sync/internal/logger/logger.go:380.60,381.14 1 1
github.com/drallgood/audiobookshelf-hardcover-sync/internal/logger/logger.go:381.14,383.3 1 0
github.com/drallgood/audiobookshelf-hardcover-sync/internal/logger/logger.go:384.2,384.39 1 1
github.com/drallgood/audiobookshelf-hardcover-sync/internal/logger/logger.go:388.70,389.14 1 7
github.com/drallgood/audiobookshelf-hardcover-sync/internal/logger/logger.go:389.14,391.3 1 0
github.com/drallgood/audiobookshelf-hardcover-sync/internal/logger/logger.go:393.2,393.15 1 7
github.com/drallgood/audiobookshelf-hardcover-sync/internal/logger/logger.go:393.15,395.3 1 0
github.com/drallgood/audiobookshelf-hardcover-sync/internal/logger/logger.go:397.2,397.63 1 7
github.com/drallgood/audiobookshelf-hardcover-sync/internal/logger/logger.go:397.63,399.3 1 2
github.com/drallgood/audiobookshelf-hardcover-sync/internal/logger/logger.go:399.8,401.3 1 5
github.com/drallgood/audiobookshelf-hardcover-sync/internal/logger/logger.go:405.61,406.14 1 1
github.com/drallgood/audiobookshelf-hardcover-sync/internal/logger/logger.go:406.14,408.3 1 0
github.com/drallgood/audiobookshelf-hardcover-sync/internal/logger/logger.go:409.2,409.40 1 1
github.com/drallgood/audiobookshelf-hardcover-sync/internal/logger/logger.go:413.70,414.14 1 5
github.com/drallgood/audiobookshelf-hardcover-sync/internal/logger/logger.go:414.14,416.3 1 0
github.com/drallgood/audiobookshelf-hardcover-sync/internal/logger/logger.go:418.2,418.15 1 5
github.com/drallgood/audiobookshelf-hardcover-sync/internal/logger/logger.go:418.15,420.3 1 0
github.com/drallgood/audiobookshelf-hardcover-sync/internal/logger/logger.go:422.2,422.63 1 5
github.com/drallgood/audiobookshelf-hardcover-sync/internal/logger/logger.go:422.63,424.3 1 0
github.com/drallgood/audiobookshelf-hardcover-sync/internal/logger/logger.go:424.8,426.3 1 5
github.com/drallgood/audiobookshelf-hardcover-sync/internal/logger/logger.go:430.61,431.14 1 1
github.com/drallgood/audiobookshelf-hardcover-sync/internal/logger/logger.go:431.14,433.3 1 0
github.com/drallgood/audiobookshelf-hardcover-sync/internal/logger/logger.go:434.2,434.40 1 1
github.com/drallgood/audiobookshelf-hardcover-sync/internal/logger/logger.go:438.62,439.14 1 9
github.com/drallgood/audiobookshelf-hardcover-sync/internal/logger/logger.go:439.14,441.3 1 1
github.com/drallgood/audiobookshelf-hardcover-sync/internal/logger/logger.go:442.2,442.29 1 8
github.com/drallgood/audiobookshelf-hardcover-sync/internal/edition/creator.go:88.111,108.69 2 3
github.com/drallgood/audiobookshelf-hardcover-sync/internal/edition/creator.go:108.69,109.22 1 0
github.com/drallgood/audiobookshelf-hardcover-sync/internal/edition/creator.go:109.22,111.5 1 0
github.com/drallgood/audiobookshelf-hardcover-sync/internal/edition/creator.go:112.4,112.64 1 0
github.com/drallgood/audiobookshelf-hardcover-sync/internal/edition/creator.go:112.64,114.5 1 0
github.com/drallgood/audiobookshelf-hardcover-sync/internal/edition/creator.go:115.4,115.14 1 0
github.com/drallgood/audiobookshelf-hardcover-sync/internal/edition/creator.go:119.2,125.3 1 3
github.com/drallgood/audiobookshelf-hardcover-sync/internal/edition/creator.go:130.150,138.2 1 28
github.com/drallgood/audiobookshelf-hardcover-sync/internal/edition/creator.go:141.99,143.41 1 4
github.com/drallgood/audiobookshelf-hardcover-sync/internal/edition/creator.go:143.41,145.3 1 1
github.com/drallgood/audiobookshelf-hardcover-sync/internal/edition/creator.go:147.2,153.14 2 3
github.com/drallgood/audiobookshelf-hardcover-sync/internal/edition/creator.go:153.14,160.3 2 0
github.com/drallgood/audiobookshelf-hardcover-sync/internal/edition/creator.go:163.2,164.16 2 3
github.com/drallgood/audiobookshelf-hardcover-sync/internal/edition/creator.go:164.16,166.3 1 1
github.com/drallgood/audiobookshelf-hardcover-sync/internal/edition/creator.go:169.2,170.26 2 2
github.com/drallgood/audiobookshelf-hardcover-sync/internal/edition/creator.go:170.26,173.23 2 1
github.com/drallgood/audiobookshelf-hardcover-sync/internal/edition/creator.go:173.23,176.4 1 1
github.com/drallgood/audiobookshelf-hardcover-sync/internal/edition/creator.go:176.9,179.18 2 0
github.com/drallgood/audiobookshelf-hardcover-sync/internal/edition/creator.go:179.18,182.5 1 0
github.com/drallgood/audiobookshelf-hardcover-sync/internal/edition/creator.go:182.10,185.25 2 0
github.com/drallgood/audiobookshelf-hardcover-sync/internal/edition/creator.go:185.25,188.6 1 0
github.com/drallgood/audiobookshelf-hardcover-sync/internal/edition/creator.go:193.2,197.8 1 2
github.com/drallgood/audiobookshelf-hardcover-sync/internal/edition/creator.go:201.105,211.16 4 9
github.com/drallgood/audiobookshelf-hardcover-sync/internal/edition/creator.go:211.16,214.3 2 0
github.com/drallgood/audiobookshelf-hardcover-sync/internal/edition/creator.go:217.2,221.81 3 9
github.com/drallgood/audiobookshelf-hardcover-sync/internal/edition/creator.go:221.81,224.3 2 0
github.com/drallgood/audiobookshelf-hardcover-sync/internal/edition/creator.go:227.2,230.16 3 9
github.com/drallgood/audiobookshelf-hardcover-sync/internal/edition/creator.go:230.16,233.3 2 0
github.com/drallgood/audiobookshelf-hardcover-sync/internal/edition/creator.go:234.2,236.38 2 9
github.com/drallgood/audiobookshelf-hardcover-sync/internal/edition/creator.go:236.38,239.3 2 2
github.com/drallgood/audiobookshelf-hardcover-sync/internal/edition/creator.go:242.2,243.16 2 7
github.com/drallgood/audiobookshelf-hardcover-sync/internal/edition/creator.go:243.16,245.3 1 0
github.com/drallgood/audiobookshelf-hardcover-sync/internal/edition/creator.go:248.2,250.42 3 7
github.com/drallgood/audiobookshelf-hardcover-sync/internal/edition/creator.go:250.42,252.3 1 0
github.com/drallgood/audiobookshelf-hardcover-sync/internal/edition/creator.go:252.8,252.50 1 7
github.com/drallgood/audiobookshelf-hardcover-sync/internal/edition/creator.go:252.50,254.3 1 0
github.com/drallgood/audiobookshelf-hardcover-sync/internal/edition/creator.go:257.2,270.16 5 7
github.com/drallgood/audiobookshelf-hardcover-sync/internal/edition/creator.go:270.16,273.3 2 0
github.com/drallgood/audiobookshelf-hardcover-sync/internal/edition/creator.go:276.2,299.16 20 7
github.com/drallgood/audiobookshelf-hardcover-sync/internal/edition/creator.go:299.16,302.3 2 0
github.com/drallgood/audiobookshelf-hardcover-sync/internal/edition/creator.go:303.2,306.43 2 7
github.com/drallgood/audiobookshelf-hardcover-sync/internal/edition/creator.go:306.43,313.3 3 2
github.com/drallgood/audiobookshelf-hardcover-sync/internal/edition/creator.go:316.2,317.72 2 5
github.com/drallgood/audiobookshelf-hardcover-sync/internal/edition/creator.go:317.72,319.17 2 0
github.com/drallgood/audiobookshelf-hardcover-sync/internal/edition/creator.go:319.17,322.4 2 0
github.com/drallgood/audiobookshelf-hardcover-sync/internal/edition/creator.go:323.3,324.22 2 0
github.com/drallgood/audiobookshelf-hardcover-sync/internal/edition/creator.go:327.2,328.68 2 5
github.com/drallgood/audiobookshelf-hardcover-sync/internal/edition/creator.go:328.68,331.3 2 0
github.com/drallgood/audiobookshelf-hardcover-sync/internal/edition/creator.go:333.2,343.44 4 5
github.com/drallgood/audiobookshelf-hardcover-sync/internal/edition/creator.go:343.44,344.20 1 21
github.com/drallgood/audiobookshelf-hardcover-sync/internal/edition/creator.go:344.20,346.4 1 21
github.com/drallgood/audiobookshelf-hardcover-sync/internal/edition/creator.go:350.2,351.16 2 5
github.com/drallgood/audiobookshelf-hardcover-sync/internal/edition/creator.go:351.16,353.3 1 0
github.com/drallgood/audiobookshelf-hardcover-sync/internal/edition/creator.go:356.2,356.66 1 5
github.com/drallgood/audiobookshelf-hardcover-sync/internal/edition/creator.go:356.66,358.3 1 0
github.com/drallgood/audiobookshelf-hardcover-sync/internal/edition/creator.go:361.2,361.39 1 5
github.com/drallgood/audiobookshelf-hardcover-sync/internal/edition/creator.go:361.39,363.3 1 0
github.com/drallgood/audiobookshelf-hardcover-sync/internal/edition/creator.go:366.2,367.16 2 5
github.com/drallgood/audiobookshelf-hardcover-sync/internal/edition/creator.go:367.16,369.3 1 0
github.com/drallgood/audiobookshelf-hardcover-sync/internal/edition/creator.go:372.2,378.16 5 5
github.com/drallgood/audiobookshelf-hardcover-sync/internal/edition/creator.go:378.16,380.3 1 0
github.com/drallgood/audiobookshelf-hardcover-sync/internal/edition/creator.go:381.2,383.93 2 5
github.com/drallgood/audiobookshelf-hardcover-sync/internal/edition/creator.go:383.93,386.3 2 1
github.com/drallgood/audiobookshelf-hardcover-sync/internal/edition/creator.go:389.2,390.9 2 4
github.com/drallgood/audiobookshelf-hardcover-sync/internal/edition/creator.go:390.9,392.3 1 0
github.com/drallgood/audiobookshelf-hardcover-sync/internal/edition/creator.go:396.2,400.30 3 4
github.com/drallgood/audiobookshelf-hardcover-sync/internal/edition/creator.go:404.103,451.16 8 6
github.com/drallgood/audiobookshelf-hardcover-sync/internal/edition/creator.go:451.16,457.3 2 2
github.com/drallgood/audiobookshelf-hardcover-sync/internal/edition/creator.go:460.2,468.18 3 4
github.com/drallgood/audiobookshelf-hardcover-sync/internal/edition/creator.go:468.18,474.3 2 1
github.com/drallgood/audiobookshelf-hardcover-sync/internal/edition/creator.go:476.2,491.21 4 3
github.com/drallgood/audiobookshelf-hardcover-sync/internal/edition/creator.go:495.110,498.16 2 4
github.com/drallgood/audiobookshelf-hardcover-sync/internal/edition/creator.go:498.16,500.3 1 1
github.com/drallgood/audiobookshelf-hardcover-sync/internal/edition/creator.go:503.2,504.16 2 3
github.com/drallgood/audiobookshelf-hardcover-sync/internal/edition/creator.go:504.16,506.3 1 1
github.com/drallgood/audiobookshelf-hardcover-sync/internal/edition/creator.go:509.2,509.70 1 2
github.com/drallgood/audiobookshelf-hardcover-sync/internal/edition/creator.go:509.70,511.3 1 1
github.com/drallgood/audiobookshelf-hardcover-sync/internal/edition/creator.go:513.2,513.12 1 1
github.com/drallgood/audiobookshelf-hardcover-sync/internal/edition/creator.go:516.89,517.36 1 8
github.com/drallgood/audiobookshelf-hardcover-sync/internal/edition/creator.go:517.36,519.3 1 2
github.com/drallgood/audiobookshelf-hardcover-sync/internal/edition/creator.go:521.2,560.86 7 6
github.com/drallgood/audiobookshelf-hardcover-sync/internal/edition/creator.go:560.86,567.3 2 2
github.com/drallgood/audiobookshelf-hardcover-sync/internal/edition/creator.go:570.2,570.44 1 4
github.com/drallgood/audiobookshelf-hardcover-sync/internal/edition/creator.go:570.44,578.3 3 1
github.com/drallgood/audiobookshelf-hardcover-sync/internal/edition/creator.go:581.2,581.38 1 3
github.com/drallgood/audiobookshelf-hardcover-sync/internal/edition/creator.go:581.38,588.3 2 1
github.com/drallgood/audiobookshelf-hardcover-sync/internal/edition/creator.go:591.2,596.12 2 2
github.com/drallgood/audiobookshelf-hardcover-sync/internal/edition/creator.go:620.101,622.22 1 9
github.com/drallgood/audiobookshelf-hardcover-sync/internal/edition/creator.go:622.22,624.55 2 6
github.com/drallgood/audiobookshelf-hardcover-sync/internal/edition/creator.go:624.55,631.4 3 1
github.com/drallgood/audiobookshelf-hardcover-sync/internal/edition/creator.go:635.2,654.9 4 8
github.com/drallgood/audiobookshelf-hardcover-sync/internal/edition/creator.go:654.9,657.3 2 0
github.com/drallgood/audiobookshelf-hardcover-sync/internal/edition/creator.go:660.2,660.26 1 8
github.com/drallgood/audiobookshelf-hardcover-sync/internal/edition/creator.go:660.26,662.3 1 2
github.com/drallgood/audiobookshelf-hardcover-sync/internal/edition/creator.go:665.2,665.22 1 8
github.com/drallgood/audiobookshelf-hardcover-sync/internal/edition/creator.go:665.22,667.3 1 5
github.com/drallgood/audiobookshelf-hardcover-sync/internal/edition/creator.go:670.2,670.24 1 8
github.com/drallgood/audiobookshelf-hardcover-sync/internal/edition/creator.go:670.24,672.3 1 1
github.com/drallgood/audiobookshelf-hardcover-sync/internal/edition/creator.go:674.2,674.24 1 8
github.com/drallgood/audiobookshelf-hardcover-sync/internal/edition/creator.go:674.24,676.3 1 3
github.com/drallgood/audiobookshelf-hardcover-sync/internal/edition/creator.go:679.2,680.43 2 8
github.com/drallgood/audiobookshelf-hardcover-sync/internal/edition/creator.go:680.43,685.3 1 9
github.com/drallgood/audiobookshelf-hardcover-sync/internal/edition/creator.go:687.2,687.47 1 8
github.com/drallgood/audiobookshelf-hardcover-sync/internal/edition/creator.go:687.47,692.3 1 6
github.com/drallgood/audiobookshelf-hardcover-sync/internal/edition/creator.go:694.2,694.28 1 8
github.com/drallgood/audiobookshelf-hardcover-sync/internal/edition/creator.go:694.28,696.3 1 5
github.com/drallgood/audiobookshelf-hardcover-sync/internal/edition/creator.go:699.2,699.27 1 8
github.com/drallgood/audiobookshelf-hardcover-sync/internal/edition/creator.go:699.27,701.3 1 4
github.com/drallgood/audiobookshelf-hardcover-sync/internal/edition/creator.go:703.2,703.26 1 8
github.com/drallgood/audiobookshelf-hardcover-sync/internal/edition/creator.go:703.26,705.3 1 2
github.com/drallgood/audiobookshelf-hardcover-sync/internal/edition/creator.go:707.2,707.25 1 8
github.com/drallgood/audiobookshelf-hardcover-sync/internal/edition/creator.go:707.25,709.3 1 2
github.com/drallgood/audiobookshelf-hardcover-sync/internal/edition/creator.go:712.2,712.27 1 8
github.com/drallgood/audiobookshelf-hardcover-sync/internal/edition/creator.go:712.27,714.3 1 2
github.com/drallgood/audiobookshelf-hardcover-sync/internal/edition/creator.go:717.2,717.29 1 8
github.com/drallgood/audiobookshelf-hardcover-sync/internal/edition/creator.go:717.29,719.3 1 4
github.com/drallgood/audiobookshelf-hardcover-sync/internal/edition/creator.go:722.2,722.29 1 8
github.com/drallgood/audiobookshelf-hardcover-sync/internal/edition/creator.go:722.29,724.3 1 2
github.com/drallgood/audiobookshelf-hardcover-sync/internal/edition/creator.go:726.2,726.17 1 8
github.com/drallgood/audiobookshelf-hardcover-sync/internal/edition/creator.go:726.17,728.3 1 5
github.com/drallgood/audiobookshelf-hardcover-sync/internal/edition/creator.go:731.2,752.86 5 8
github.com/drallgood/audiobookshelf-hardcover-sync/internal/edition/creator.go:752.86,754.3 1 2
github.com/drallgood/audiobookshelf-hardcover-sync/internal/edition/creator.go:757.2,757.44 1 6
github.com/drallgood/audiobookshelf-hardcover-sync/internal/edition/creator.go:757.44,764.49 3 2
github.com/drallgood/audiobookshelf-hardcover-sync/internal/edition/creator.go:764.49,767.11 2 2
github.com/drallgood/audiobookshelf-hardcover-sync/internal/edition/creator.go:767.11,770.5 1 0
github.com/drallgood/audiobookshelf-hardcover-sync/internal/edition/creator.go:773.4,773.68 1 2
github.com/drallgood/audiobookshelf-hardcover-sync/internal/edition/creator.go:773.68,778.57 3 1
github.com/drallgood/audiobookshelf-hardcover-sync/internal/edition/creator.go:778.57,786.6 3 1
github.com/drallgood/audiobookshelf-hardcover-sync/internal/edition/creator.go:790.4,790.61 1 1
github.com/drallgood/audiobookshelf-hardcover-sync/internal/edition/creator.go:790.61,795.57 3 1
github.com/drallgood/audiobookshelf-hardcover-sync/internal/edition/creator.go:795.57,803.6 3 1
github.com/drallgood/audiobookshelf-hardcover-sync/internal/edition/creator.go:807.4,807.98 1 0
github.com/drallgood/audiobookshelf-hardcover-sync/internal/edition/creator.go:811.3,811.62 1 0
github.com/drallgood/audiobookshelf-hardcover-sync/internal/edition/creator.go:815.2,816.48 2 4
github.com/drallgood/audiobookshelf-hardcover-sync/internal/edition/creator.go:817.15,818.22 1 0
github.com/drallgood/audiobookshelf-hardcover-sync/internal/edition/creator.go:819.11,820.17 1 4
github.com/drallgood/audiobookshelf-hardcover-sync/internal/edition/creator.go:821.14,824.17 2 0
github.com/drallgood/audiobookshelf-hardcover-sync/internal/edition/creator.go:824.17,830.4 2 0
github.com/drallgood/audiobookshelf-hardcover-sync/internal/edition/creator.go:831.3,831.23 1 0
github.com/drallgood/audiobookshelf-hardcover-sync/internal/edition/creator.go:832.11,836.57 2 0
github.com/drallgood/audiobookshelf-hardcover-sync/internal/edition/creator.go:837.10,842.88 2 0
github.com/drallgood/audiobookshelf-hardcover-sync/internal/edition/creator.go:845.2,845.20 1 4
github.com/drallgood/audiobookshelf-hardcover-sync/internal/edition/creator.go:845.20,851.3 2 0
github.com/drallgood/audiobookshelf-hardcover-sync/internal/edition/creator.go:854.2,858.23 2 4
github.com/drallgood/audiobookshelf-hardcover-sync/internal/edition/creator.go:860.95,867.16 3 1
github.com/drallgood/audiobookshelf-hardcover-sync/internal/edition/creator.go:867.16,869.3 1 0
github.com/drallgood/audiobookshelf-hardcover-sync/internal/edition/creator.go:872.2,940.107 3 1
github.com/drallgood/audiobookshelf-hardcover-sync/internal/edition/creator.go:940.107,942.3 1 0
github.com/drallgood/audiobookshelf-hardcover-sync/internal/edition/creator.go:945.2,960.38 3 1
github.com/drallgood/audiobookshelf-hardcover-sync/internal/edition/creator.go:960.38,962.3 1 2
github.com/drallgood/audiobookshelf-hardcover-sync/internal/edition/creator.go:965.2,965.42 1 1
github.com/drallgood/audiobookshelf-hardcover-sync/internal/edition/creator.go:965.42,967.3 1 1
github.com/drallgood/audiobookshelf-hardcover-sync/internal/edition/creator.go:970.2,970.27 1 1
github.com/drallgood/audiobookshelf-hardcover-sync/internal/edition/creator.go:970.27,972.3 1 1
github.com/drallgood/audiobookshelf-hardcover-sync/internal/edition/creator.go:975.2,975.26 1 1
github.com/drallgood/audiobookshelf-hardcover-sync/internal/edition/creator.go:975.26,977.3 1 1
github.com/drallgood/audiobookshelf-hardcover-sync/internal/edition/creator.go:977.8,979.3 1 0
github.com/drallgood/audiobookshelf-hardcover-sync/internal/edition/creator.go:982.2,982.25 1 1
github.com/drallgood/audiobookshelf-hardcover-sync/internal/edition/creator.go:982.25,984.3 1 1
github.com/drallgood/audiobookshelf-hardcover-sync/internal/edition/creator.go:984.8,986.3 1 0
github.com/drallgood/audiobookshelf-hardcover-sync/internal/edition/creator.go:989.2,989.31 1 1
github.com/drallgood/audiobookshelf-hardcover-sync/internal/edition/creator.go:989.31,991.3 1 0
github.com/drallgood/audiobookshelf-hardcover-sync/internal/edition/creator.go:993.2,993.19 1 1
github.com/drallgood/audiobookshelf-hardcover-sync/internal/edition/creator.go:999.41,1000.19 1 9
github.com/drallgood/audiobookshelf-hardcover-sync/internal/edition/creator.go:1000.19,1002.3 1 1
github.com/drallgood/audiobookshelf-hardcover-sync/internal/edition/creator.go:1003.2,1003.19 1 8
github.com/drallgood/audiobookshelf-hardcover-sync/internal/edition/creator.go:1003.19,1005.3 1 2
github.com/drallgood/audiobookshelf-hardcover-sync/internal/edition/creator.go:1006.2,1006.27 1 6
github.com/drallgood/audiobookshelf-hardcover-sync/internal/edition/creator.go:1006.27,1008.3 1 1
github.com/drallgood/audiobookshelf-hardcover-sync/internal/edition/creator.go:1009.2,1009.25 1 5
github.com/drallgood/audiobookshelf-hardcover-sync/internal/edition/creator.go:1009.25,1010.68 1 3
github.com/drallgood/audiobookshelf-hardcover-sync/internal/edition/creator.go:1010.68,1012.4 1 1
github.com/drallgood/audiobookshelf-hardcover-sync/internal/edition/creator.go:1014.2,1014.12 1 4
github.com/drallgood/audiobookshelf-hardcover-sync/internal/edition/creator_test_helpers.go:20.52,22.2 1 16
github.com/drallgood/audiobookshelf-hardcover-sync/internal/edition/creator_test_helpers.go:25.73,28.2 2 4
github.com/drallgood/audiobookshelf-hardcover-sync/internal/edition/creator_test_helpers.go:31.109,33.27 1 4
github.com/drallgood/audiobookshelf-hardcover-sync/internal/edition/creator_test_helpers.go:33.27,36.3 1 4
github.com/drallgood/audiobookshelf-hardcover-sync/internal/edition/creator_test_helpers.go:39.2,40.59 2 4
github.com/drallgood/audiobookshelf-hardcover-sync/internal/edition/creator_test_helpers.go:40.59,41.37 1 4
github.com/drallgood/audiobookshelf-hardcover-sync/internal/edition/creator_test_helpers.go:41.37,43.4 1 4
github.com/drallgood/audiobookshelf-hardcover-sync/internal/edition/creator_test_helpers.go:48.2,63.15 4 4
github.com/drallgood/audiobookshelf-hardcover-sync/internal/edition/creator_test_helpers.go:63.15,65.3 1 4
github.com/drallgood/audiobookshelf-hardcover-sync/internal/edition/creator_test_helpers.go:68.2,68.61 1 4
github.com/drallgood/audiobookshelf-hardcover-sync/internal/edition/creator_test_helpers.go:72.97,75.2 1 6
github.com/drallgood/audiobookshelf-hardcover-sync/internal/edition/creator_test_helpers.go:78.105,81.2 1 6
github.com/drallgood/audiobookshelf-hardcover-sync/internal/edition/creator_test_helpers.go:92.81,97.22 2 9
github.com/drallgood/audiobookshelf-hardcover-sync/internal/edition/creator_test_helpers.go:97.22,99.3 1 9
github.com/drallgood/audiobookshelf-hardcover-sync/internal/edition/creator_test_helpers.go:103.2,103.53 1 9
github.com/drallgood/audiobookshelf-hardcover-sync/internal/edition/creator_test_helpers.go:103.53,107.62 1 9
github.com/drallgood/audiobookshelf-hardcover-sync/internal/edition/creator_test_helpers.go:107.62,114.40 4 3
github.com/drallgood/audiobookshelf-hardcover-sync/internal/edition/creator_test_helpers.go:114.40,116.5 1 3
github.com/drallgood/audiobookshelf-hardcover-sync/internal/edition/creator_test_helpers.go:119.4,120.37 2 3
github.com/drallgood/audiobookshelf-hardcover-sync/internal/edition/creator_test_helpers.go:120.37,122.5 1 0
github.com/drallgood/audiobookshelf-hardcover-sync/internal/edition/creator_test_helpers.go:122.10,124.5 1 3
github.com/drallgood/audiobookshelf-hardcover-sync/internal/edition/creator_test_helpers.go:127.4,127.19 1 3
github.com/drallgood/audiobookshelf-hardcover-sync/internal/edition/creator_test_helpers.go:127.19,129.5 1 3
github.com/drallgood/audiobookshelf-hardcover-sync/internal/edition/creator_test_helpers.go:132.4,133.18 2 3
github.com/drallgood/audiobookshelf-hardcover-sync/internal/edition/creator_test_helpers.go:133.18,137.5 2 3
github.com/drallgood/audiobookshelf-hardcover-sync/internal/edition/creator_test_helpers.go:143.2,143.19 1 9
github.com/drallgood/audiobookshelf-hardcover-sync/internal/edition/creator_test_helpers.go:143.19,145.3 1 0
github.com/drallgood/audiobookshelf-hardcover-sync/internal/edition/creator_test_helpers.go:146.2,146.34 1 9
github.com/drallgood/audiobookshelf-hardcover-sync/internal/edition/test_custom_mocks.go:9.150,12.2 1 0
github.com/drallgood/audiobookshelf-hardcover-sync/internal/sync/state/migrate.go:13.61,14.19 1 4
github.com/drallgood/audiobookshelf-hardcover-sync/internal/sync/state/migrate.go:14.19,16.3 1 0
github.com/drallgood/audiobookshelf-hardcover-sync/internal/sync/state/migrate.go:18.2,18.19 1 4
github.com/drallgood/audiobookshelf-hardcover-sync/internal/sync/state/migrate.go:18.19,20.3 1 0
github.com/drallgood/audiobookshelf-hardcover-sync/internal/sync/state/migrate.go:23.2,23.44 1 4
github.com/drallgood/audiobookshelf-hardcover-sync/internal/sync/state/migrate.go:23.44,26.3 1 1
github.com/drallgood/audiobookshelf-hardcover-sync/internal/sync/state/migrate.go:29.2,30.16 2 3
github.com/drallgood/audiobookshelf-hardcover-sync/internal/sync/state/migrate.go:30.16,31.25 1 1
github.com/drallgood/audiobookshelf-hardcover-sync/internal/sync/state/migrate.go:31.25,34.4 1 1
github.com/drallgood/audiobookshelf-hardcover-sync/internal/sync/state/migrate.go:35.3,35.69 1 0
github.com/drallgood/audiobookshelf-hardcover-sync/internal/sync/state/migrate.go:39.2,39.65 1 2
github.com/drallgood/audiobookshelf-hardcover-sync/internal/sync/state/migrate.go:39.65,41.3 1 0
github.com/drallgood/audiobookshelf-hardcover-sync/internal/sync/state/migrate.go:44.2,45.53 2 2
github.com/drallgood/audiobookshelf-hardcover-sync/internal/sync/state/migrate.go:45.53,47.3 1 1
github.com/drallgood/audiobookshelf-hardcover-sync/internal/sync/state/migrate.go:50.2,53.44 2 1
github.com/drallgood/audiobookshelf-hardcover-sync/internal/sync/state/migrate.go:53.44,55.3 1 0
github.com/drallgood/audiobookshelf-hardcover-sync/internal/sync/state/migrate.go:58.2,59.55 2 1
github.com/drallgood/audiobookshelf-hardcover-sync/internal/sync/state/migrate.go:59.55,62.3 1 0
github.com/drallgood/audiobookshelf-hardcover-sync/internal/sync/state/migrate.go:64.2,64.18 1 1
github.com/drallgood/audiobookshelf-hardcover-sync/internal/sync/state/state.go:45.24,53.2 1 9
github.com/drallgood/audiobookshelf-hardcover-sync/internal/sync/state/state.go:56.45,57.16 1 7
github.com/drallgood/audiobookshelf-hardcover-sync/internal/sync/state/state.go:57.16,59.3 1 0
github.com/drallgood/audiobookshelf-hardcover-sync/internal/sync/state/state.go:61.2,64.53 2 7
github.com/drallgood/audiobookshelf-hardcover-sync/internal/sync/state/state.go:64.53,66.3 1 0
github.com/drallgood/audiobookshelf-hardcover-sync/internal/sync/state/state.go:69.2,70.16 2 7
github.com/drallgood/audiobookshelf-hardcover-sync/internal/sync/state/state.go:70.16,71.25 1 1
github.com/drallgood/audiobookshelf-hardcover-sync/internal/sync/state/state.go:71.25,75.43 2 1
github.com/drallgood/audiobookshelf-hardcover-sync/internal/sync/state/state.go:75.43,77.5 1 0
github.com/drallgood/audiobookshelf-hardcover-sync/internal/sync/state/state.go:78.4,78.21 1 1
github.com/drallgood/audiobookshelf-hardcover-sync/internal/sync/state/state.go:80.3,80.75 1 0
github.com/drallgood/audiobookshelf-hardcover-sync/internal/sync/state/state.go:84.2,87.55 2 6
github.com/drallgood/audiobookshelf-hardcover-sync/internal/sync/state/state.go:87.55,89.3 1 1
github.com/drallgood/audiobookshelf-hardcover-sync/internal/sync/state/state.go:91.2,92.25 2 5
github.com/drallgood/audiobookshelf-hardcover-sync/internal/sync/state/state.go:93.17,96.51 2 1
github.com/drallgood/audiobookshelf-hardcover-sync/internal/sync/state/state.go:96.51,98.4 1 0
github.com/drallgood/audiobookshelf-hardcover-sync/internal/sync/state/state.go:99.3,99.28 1 1
github.com/drallgood/audiobookshelf-hardcover-sync/internal/sync/state/state.go:100.22,106.53 2 4
github.com/drallgood/audiobookshelf-hardcover-sync/internal/sync/state/state.go:106.53,108.4 1 0
github.com/drallgood/audiobookshelf-hardcover-sync/internal/sync/state/state.go:110.3,110.29 1 4
github.com/drallgood/audiobookshelf-hardcover-sync/internal/sync/state/state.go:110.29,112.4 1 0
github.com/drallgood/audiobookshelf-hardcover-sync/internal/sync/state/state.go:113.3,113.25 1 4
github.com/drallgood/audiobookshelf-hardcover-sync/internal/sync/state/state.go:113.25,115.4 1 0
github.com/drallgood/audiobookshelf-hardcover-sync/internal/sync/state/state.go:116.10,117.75 1 0
github.com/drallgood/audiobookshelf-hardcover-sync/internal/sync/state/state.go:120.2,120.19 1 5
github.com/drallgood/audiobookshelf-hardcover-sync/internal/sync/state/state.go:124.41,128.16 3 7
github.com/drallgood/audiobookshelf-hardcover-sync/internal/sync/state/state.go:128.16,130.3 1 0
github.com/drallgood/audiobookshelf-hardcover-sync/internal/sync/state/state.go:132.2,135.53 2 7
github.com/drallgood/audiobookshelf-hardcover-sync/internal/sync/state/state.go:135.53,137.3 1 0
github.com/drallgood/audiobookshelf-hardcover-sync/internal/sync/state/state.go:140.2,141.16 2 7
github.com/drallgood/audiobookshelf-hardcover-sync/internal/sync/state/state.go:141.16,143.3 1 0
github.com/drallgood/audiobookshelf-hardcover-sync/internal/sync/state/state.go:144.2,145.15 2 7
github.com/drallgood/audiobookshelf-hardcover-sync/internal/sync/state/state.go:145.15,147.45 2 7
github.com/drallgood/audiobookshelf-hardcover-sync/internal/sync/state/state.go:147.45,149.4 1 0
github.com/drallgood/audiobookshelf-hardcover-sync/internal/sync/state/state.go:153.2,155.42 3 7
github.com/drallgood/audiobookshelf-hardcover-sync/internal/sync/state/state.go:155.42,157.3 1 0
github.com/drallgood/audiobookshelf-hardcover-sync/internal/sync/state/state.go:160.2,160.39 1 7
github.com/drallgood/audiobookshelf-hardcover-sync/internal/sync/state/state.go:160.39,162.3 1 0
github.com/drallgood/audiobookshelf-hardcover-sync/internal/sync/state/state.go:165.2,165.40 1 7
github.com/drallgood/audiobookshelf-hardcover-sync/internal/sync/state/state.go:165.40,167.3 1 0
github.com/drallgood/audiobookshelf-hardcover-sync/internal/sync/state/state.go:170.2,170.41 1 7
github.com/drallgood/audiobookshelf-hardcover-sync/internal/sync/state/state.go:170.41,172.41 1 2
github.com/drallgood/audiobookshelf-hardcover-sync/internal/sync/state/state.go:172.41,174.4 1 0
github.com/drallgood/audiobookshelf-hardcover-sync/internal/sync/state/state.go:178.2,178.49 1 7
github.com/drallgood/audiobookshelf-hardcover-sync/internal/sync/state/state.go:178.49,180.3 1 0
github.com/drallgood/audiobookshelf-hardcover-sync/internal/sync/state/state.go:183.2,183.45 1 7
github.com/drallgood/audiobookshelf-hardcover-sync/internal/sync/state/state.go:183.45,185.3 1 0
github.com/drallgood/audiobookshelf-hardcover-sync/internal/sync/state/state.go:187.2,187.12 1 7
github.com/drallgood/audiobookshelf-hardcover-sync/internal/sync/state/state.go:193.81,203.30 6 1005
github.com/drallgood/audiobookshelf-hardcover-sync/internal/sync/state/state.go:203.30,205.3 1 0
github.com/drallgood/audiobookshelf-hardcover-sync/internal/sync/state/state.go:207.2,210.49 2 1005
github.com/drallgood/audiobookshelf-hardcover-sync/internal/sync/state/state.go:210.49,213.27 2 991
github.com/drallgood/audiobookshelf-hardcover-sync/internal/sync/state/state.go:213.27,215.4 1 0
github.com/drallgood/audiobookshelf-hardcover-sync/internal/sync/state/state.go:218.3,223.57 4 991
github.com/drallgood/audiobookshelf-hardcover-sync/internal/sync/state/state.go:223.57,227.4 2 0
github.com/drallgood/audiobookshelf-hardcover-sync/internal/sync/state/state.go:230.3,230.41 1 991
github.com/drallgood/audiobookshelf-hardcover-sync/internal/sync/state/state.go:230.41,231.16 1 0
github.com/drallgood/audiobookshelf-hardcover-sync/internal/sync/state/state.go:231.16,233.5 1 0
github.com/drallgood/audiobookshelf-hardcover-sync/internal/sync/state/state.go:236.9,244.16 3 991
github.com/drallgood/audiobookshelf-hardcover-sync/internal/sync/state/state.go:244.16,246.5 1 0
github.com/drallgood/audiobookshelf-hardcover-sync/internal/sync/state/state.go:248.8,257.57 3 14
github.com/drallgood/audiobookshelf-hardcover-sync/internal/sync/state/state.go:257.57,259.4 1 0
github.com/drallgood/audiobookshelf-hardcover-sync/internal/sync/state/state.go:265.2,265.83 1 1005
github.com/drallgood/audiobookshelf-hardcover-sync/internal/sync/state/state.go:265.83,266.50 1 2
github.com/drallgood/audiobookshelf-hardcover-sync/internal/sync/state/state.go:266.50,268.28 2 0
github.com/drallgood/audiobookshelf-hardcover-sync/internal/sync/state/state.go:268.28,270.5 1 0
github.com/drallgood/audiobookshelf-hardcover-sync/internal/sync/state/state.go:271.4,273.45 3 0
github.com/drallgood/audiobookshelf-hardcover-sync/internal/sync/state/state.go:273.45,279.5 1 0
github.com/drallgood/audiobookshelf-hardcover-sync/internal/sync/state/state.go:280.9,287.4 1 2
github.com/drallgood/audiobookshelf-hardcover-sync/internal/sync/state/state.go:290.2,291.16 2 1005
github.com/drallgood/audiobookshelf-hardcover-sync/internal/sync/state/state.go:295.49,304.2 5 3
github.com/drallgood/audiobookshelf-hardcover-sync/internal/sync/state/state.go:307.31,312.2 3 2
github.com/drallgood/audiobookshelf-hardcover-sync/internal/sync/state/state.go:316.122,321.13 4 0
github.com/drallgood/audiobookshelf-hardcover-sync/internal/sync/state/state.go:321.13,324.3 1 0
github.com/drallgood/audiobookshelf-hardcover-sync/internal/sync/state/state.go:327.2,327.38 1 0
github.com/drallgood/audiobookshelf-hardcover-sync/internal/sync/state/state.go:327.38,329.3 1 0
github.com/drallgood/audiobookshelf-hardcover-sync/internal/sync/state/state.go:332.2,333.26 2 0
github.com/drallgood/audiobookshelf-hardcover-sync/internal/sync/state/state.go:333.26,335.3 1 0
github.com/drallgood/audiobookshelf-hardcover-sync/internal/sync/state/state.go:336.2,337.29 2 0
github.com/drallgood/audiobookshelf-hardcover-sync/internal/sync/state/state.go:337.29,339.3 1 0
github.com/drallgood/audiobookshelf-hardcover-sync/internal/sync/state/state.go:342.2,343.40 2 0
github.com/drallgood/audiobookshelf-hardcover-sync/internal/sync/state/state.go:343.40,345.3 1 0
github.com/drallgood/audiobookshelf-hardcover-sync/internal/sync/state/state.go:348.2,348.14 1 0
github.com/drallgood/audiobookshelf-hardcover-sync/internal/sync/state/state.go:352.58,358.2 4 0
github.com/drallgood/audiobookshelf-hardcover-sync/internal/sync/state/state.go:361.62,368.36 5 0
github.com/drallgood/audiobookshelf-hardcover-sync/internal/sync/state/state.go:368.36,369.32 1 0
github.com/drallgood/audiobookshelf-hardcover-sync/internal/sync/state/state.go:369.32,371.4 1 0
github.com/drallgood/audiobookshelf-hardcover-sync/internal/sync/state/state.go:374.2,374.19 1 0
github.com/drallgood/audiobookshelf-hardcover-sync/internal/sync/state/state.go:386.39,394.2 1 2
github.com/drallgood/audiobookshelf-hardcover-sync/internal/api/hardcover/client.go:33.76,35.2 1 0
github.com/drallgood/audiobookshelf-hardcover-sync/internal/api/hardcover/client.go:38.66,40.40 2 7
github.com/drallgood/audiobookshelf-hardcover-sync/internal/api/hardcover/client.go:40.40,42.3 1 0
github.com/drallgood/audiobookshelf-hardcover-sync/internal/api/hardcover/client.go:43.2,43.18 1 7
github.com/drallgood/audiobookshelf-hardcover-sync/internal/api/hardcover/client.go:47.52,49.19 2 2
github.com/drallgood/audiobookshelf-hardcover-sync/internal/api/hardcover/client.go:49.19,51.3 1 2
github.com/drallgood/audiobookshelf-hardcover-sync/internal/api/hardcover/client.go:52.2,53.13 2 2
github.com/drallgood/audiobookshelf-hardcover-sync/internal/api/hardcover/client.go:136.86,140.2 3 1
github.com/drallgood/audiobookshelf-hardcover-sync/internal/api/hardcover/client.go:172.41,175.46 2 115
github.com/drallgood/audiobookshelf-hardcover-sync/internal/api/hardcover/client.go:175.46,177.3 1 115
github.com/drallgood/audiobookshelf-hardcover-sync/internal/api/hardcover/client.go:178.2,178.18 1 115
github.com/drallgood/audiobookshelf-hardcover-sync/internal/api/hardcover/client.go:182.35,183.14 1 3
github.com/drallgood/audiobookshelf-hardcover-sync/internal/api/hardcover/client.go:183.14,185.3 1 2
github.com/drallgood/audiobookshelf-hardcover-sync/internal/api/hardcover/client.go:186.2,186.11 1 1
github.com/drallgood/audiobookshelf-hardcover-sync/internal/api/hardcover/client.go:190.36,192.2 1 3
github.com/drallgood/audiobookshelf-hardcover-sync/internal/api/hardcover/client.go:195.42,205.2 1 6
github.com/drallgood/audiobookshelf-hardcover-sync/internal/api/hardcover/client.go:208.58,210.2 1 4
github.com/drallgood/audiobookshelf-hardcover-sync/internal/api/hardcover/client.go:213.87,214.16 1 7
github.com/drallgood/audiobookshelf-hardcover-sync/internal/api/hardcover/client.go:214.16,216.3 1 1
github.com/drallgood/audiobookshelf-hardcover-sync/internal/api/hardcover/client.go:219.2,219.16 1 7
github.com/drallgood/audiobookshelf-hardcover-sync/internal/api/hardcover/client.go:219.16,226.3 1 7
github.com/drallgood/audiobookshelf-hardcover-sync/internal/api/hardcover/client.go:226.8,232.3 2 0
github.com/drallgood/audiobookshelf-hardcover-sync/internal/api/hardcover/client.go:235.2,243.16 3 7
github.com/drallgood/audiobookshelf-hardcover-sync/internal/api/hardcover/client.go:243.16,245.3 1 0
github.com/drallgood/audiobookshelf-hardcover-sync/internal/api/hardcover/client.go:248.2,254.16 3 7
github.com/drallgood/audiobookshelf-hardcover-sync/internal/api/hardcover/client.go:254.16,258.3 1 7
github.com/drallgood/audiobookshelf-hardcover-sync/internal/api/hardcover/client.go:260.2,309.15 9 7
github.com/drallgood/audiobookshelf-hardcover-sync/internal/api/hardcover/client.go:313.62,320.2 1 5
github.com/drallgood/audiobookshelf-hardcover-sync/internal/api/hardcover/client.go:329.83,338.16 3 114
github.com/drallgood/audiobookshelf-hardcover-sync/internal/api/hardcover/client.go:338.16,345.3 2 2
github.com/drallgood/audiobookshelf-hardcover-sync/internal/api/hardcover/client.go:348.2,350.16 3 112
github.com/drallgood/audiobookshelf-hardcover-sync/internal/api/hardcover/client.go:350.16,357.3 2 0
github.com/drallgood/audiobookshelf-hardcover-sync/internal/api/hardcover/client.go:360.2,367.28 2 112
github.com/drallgood/audiobookshelf-hardcover-sync/internal/api/hardcover/client.go:367.28,369.3 1 8
github.com/drallgood/audiobookshelf-hardcover-sync/internal/api/hardcover/client.go:369.8,371.3 1 104
github.com/drallgood/audiobookshelf-hardcover-sync/internal/api/hardcover/client.go:374.2,375.18 2 112
github.com/drallgood/audiobookshelf-hardcover-sync/internal/api/hardcover/client.go:384.36,386.2 1 18
github.com/drallgood/audiobookshelf-hardcover-sync/internal/api/hardcover/client.go:389.126,390.22 1 49
github.com/drallgood/audiobookshelf-hardcover-sync/internal/api/hardcover/client.go:390.22,392.3 1 8
github.com/drallgood/audiobookshelf-hardcover-sync/internal/api/hardcover/client.go:396.2,396.81 1 49
github.com/drallgood/audiobookshelf-hardcover-sync/internal/api/hardcover/client.go:400.132,401.22 1 7
github.com/drallgood/audiobookshelf-hardcover-sync/internal/api/hardcover/client.go:401.22,403.3 1 0
github.com/drallgood/audiobookshelf-hardcover-sync/internal/api/hardcover/client.go:407.2,407.87 1 7
github.com/drallgood/audiobookshelf-hardcover-sync/internal/api/hardcover/client.go:411.158,421.39 2 82
github.com/drallgood/audiobookshelf-hardcover-sync/internal/api/hardcover/client.go:421.39,425.3 3 112
github.com/drallgood/audiobookshelf-hardcover-sync/internal/api/hardcover/client.go:428.2,429.55 2 82
github.com/drallgood/audiobookshelf-hardcover-sync/internal/api/hardcover/client.go:429.55,430.18 1 112
github.com/drallgood/audiobookshelf-hardcover-sync/internal/api/hardcover/client.go:430.18,432.11 1 30
github.com/drallgood/audiobookshelf-hardcover-sync/internal/api/hardcover/client.go:433.22,434.55 1 0
github.com/drallgood/audiobookshelf-hardcover-sync/internal/api/hardcover/client.go:435.61,435.61 0 30
github.com/drallgood/audiobookshelf-hardcover-sync/internal/api/hardcover/client.go:440.3,440.49 1 112
github.com/drallgood/audiobookshelf-hardcover-sync/internal/api/hardcover/client.go:440.49,442.4 1 0
github.com/drallgood/audiobookshelf-hardcover-sync/internal/api/hardcover/client.go:445.3,451.17 3 112
github.com/drallgood/audiobookshelf-hardcover-sync/internal/api/hardcover/client.go:451.17,453.4 1 0
github.com/drallgood/audiobookshelf-hardcover-sync/internal/api/hardcover/client.go:456.3,457.17 2 112
github.com/drallgood/audiobookshelf-hardcover-sync/internal/api/hardcover/client.go:457.17,459.4 1 0
github.com/drallgood/audiobookshelf-hardcover-sync/internal/api/hardcover/client.go:462.3,480.17 5 112
github.com/drallgood/audiobookshelf-hardcover-sync/internal/api/hardcover/client.go:480.17,486.12 3 1
github.com/drallgood/audiobookshelf-hardcover-sync/internal/api/hardcover/client.go:490.3,492.17 3 111
github.com/drallgood/audiobookshelf-hardcover-sync/internal/api/hardcover/client.go:492.17,498.12 3 0
github.com/drallgood/audiobookshelf-hardcover-sync/internal/api/hardcover/client.go:502.3,510.29 2 111
github.com/drallgood/audiobookshelf-hardcover-sync/internal/api/hardcover/client.go:510.29,519.12 3 8
github.com/drallgood/audiobookshelf-hardcover-sync/internal/api/hardcover/client.go:523.3,531.56 3 103
github.com/drallgood/audiobookshelf-hardcover-sync/internal/api/hardcover/client.go:531.56,538.4 2 5
github.com/drallgood/audiobookshelf-hardcover-sync/internal/api/hardcover/client.go:541.3,555.50 4 103
github.com/drallgood/audiobookshelf-hardcover-sync/internal/api/hardcover/client.go:555.50,562.12 3 38
github.com/drallgood/audiobookshelf-hardcover-sync/internal/api/hardcover/client.go:566.3,566.20 1 65
github.com/drallgood/audiobookshelf-hardcover-sync/internal/api/hardcover/client.go:566.20,568.4 1 0
github.com/drallgood/audiobookshelf-hardcover-sync/internal/api/hardcover/client.go:571.3,571.22 1 65
github.com/drallgood/audiobookshelf-hardcover-sync/internal/api/hardcover/client.go:571.22,572.55 1 5
github.com/drallgood/audiobookshelf-hardcover-sync/internal/api/hardcover/client.go:572.55,579.13 3 5
github.com/drallgood/audiobookshelf-hardcover-sync/internal/api/hardcover/client.go:581.4,581.14 1 0
github.com/drallgood/audiobookshelf-hardcover-sync/internal/api/hardcover/client.go:585.3,585.29 1 60
github.com/drallgood/audiobookshelf-hardcover-sync/internal/api/hardcover/client.go:585.29,591.12 3 0
github.com/drallgood/audiobookshelf-hardcover-sync/internal/api/hardcover/client.go:595.3,595.62 1 60
github.com/drallgood/audiobookshelf-hardcover-sync/internal/api/hardcover/client.go:595.62,602.12 3 4
github.com/drallgood/audiobookshelf-hardcover-sync/internal/api/hardcover/client.go:605.3,605.13 1 56
github.com/drallgood/audiobookshelf-hardcover-sync/internal/api/hardcover/client.go:609.2,609.20 1 26
github.com/drallgood/audiobookshelf-hardcover-sync/internal/api/hardcover/client.go:609.20,617.3 1 26
github.com/drallgood/audiobookshelf-hardcover-sync/internal/api/hardcover/client.go:618.2,618.76 1 26
github.com/drallgood/audiobookshelf-hardcover-sync/internal/api/hardcover/client.go:622.133,639.2 4 19
github.com/drallgood/audiobookshelf-hardcover-sync/internal/api/hardcover/client.go:642.139,644.2 1 4
github.com/drallgood/audiobookshelf-hardcover-sync/internal/api/hardcover/client.go:649.69,652.26 2 8
github.com/drallgood/audiobookshelf-hardcover-sync/internal/api/hardcover/client.go:652.26,659.3 4 0
github.com/drallgood/audiobookshelf-hardcover-sync/internal/api/hardcover/client.go:660.2,667.26 4 8
github.com/drallgood/audiobookshelf-hardcover-sync/internal/api/hardcover/client.go:667.26,672.3 2 0
github.com/drallgood/audiobookshelf-hardcover-sync/internal/api/hardcover/client.go:674.2,693.16 5 8
github.com/drallgood/audiobookshelf-hardcover-sync/internal/api/hardcover/client.go:693.16,695.3 1 1
github.com/drallgood/audiobookshelf-hardcover-sync/internal/api/hardcover/client.go:698.2,698.23 1 7
github.com/drallgood/audiobookshelf-hardcover-sync/internal/api/hardcover/client.go:698.23,700.3 1 0
github.com/drallgood/audiobookshelf-hardcover-sync/internal/api/hardcover/client.go:703.2,704.17 2 7
github.com/drallgood/audiobookshelf-hardcover-sync/internal/api/hardcover/client.go:704.17,706.3 1 0
github.com/drallgood/audiobookshelf-hardcover-sync/internal/api/hardcover/client.go:709.2,715.20 3 7
github.com/drallgood/audiobookshelf-hardcover-sync/internal/api/hardcover/client.go:720.104,721.18 1 5
github.com/drallgood/audiobookshelf-hardcover-sync/internal/api/hardcover/client.go:721.18,723.3 1 2
github.com/drallgood/audiobookshelf-hardcover-sync/internal/api/hardcover/client.go:725.2,725.21 1 3
github.com/drallgood/audiobookshelf-hardcover-sync/internal/api/hardcover/client.go:725.21,727.3 1 0
github.com/drallgood/audiobookshelf-hardcover-sync/internal/api/hardcover/client.go:728.2,733.51 3 3
github.com/drallgood/audiobookshelf-hardcover-sync/internal/api/hardcover/client.go:737.104,739.2 1 2
github.com/drallgood/audiobookshelf-hardcover-sync/internal/api/hardcover/client.go:743.105,746.16 2 3
github.com/drallgood/audiobookshelf-hardcover-sync/internal/api/hardcover/client.go:746.16,748.3 1 1
github.com/drallgood/audiobookshelf-hardcover-sync/internal/api/hardcover/client.go:750.2,758.28 3 2
github.com/drallgood/audiobookshelf-hardcover-sync/internal/api/hardcover/client.go:758.28,765.19 2 2
github.com/drallgood/audiobookshelf-hardcover-sync/internal/api/hardcover/client.go:765.19,767.4 1 0
github.com/drallgood/audiobookshelf-hardcover-sync/internal/api/hardcover/client.go:768.3,768.30 1 2
github.com/drallgood/audiobookshelf-hardcover-sync/internal/api/hardcover/client.go:771.2,771.19 1 2
github.com/drallgood/audiobookshelf-hardcover-sync/internal/api/hardcover/client.go:776.97,777.37 1 0
github.com/drallgood/audiobookshelf-hardcover-sync/internal/api/hardcover/client.go:777.37,779.3 1 0
github.com/drallgood/audiobookshelf-hardcover-sync/internal/api/hardcover/client.go:782.2,789.16 3 0
github.com/drallgood/audiobookshelf-hardcover-sync/internal/api/hardcover/client.go:789.16,792.3 2 0
github.com/drallgood/audiobookshelf-hardcover-sync/internal/api/hardcover/client.go:794.2,818.94 3 0
github.com/drallgood/audiobookshelf-hardcover-sync/internal/api/hardcover/client.go:818.94,821.3 2 0
github.com/drallgood/audiobookshelf-hardcover-sync/internal/api/hardcover/client.go:824.2,825.9 2 0
github.com/drallgood/audiobookshelf-hardcover-sync/internal/api/hardcover/client.go:825.9,827.3 1 0
github.com/drallgood/audiobookshelf-hardcover-sync/internal/api/hardcover/client.go:830.2,831.32 2 0
github.com/drallgood/audiobookshelf-hardcover-sync/internal/api/hardcover/client.go:831.32,832.39 1 0
github.com/drallgood/audiobookshelf-hardcover-sync/internal/api/hardcover/client.go:832.39,834.4 1 0
github.com/drallgood/audiobookshelf-hardcover-sync/internal/api/hardcover/client.go:837.2,837.24 1 0
github.com/drallgood/audiobookshelf-hardcover-sync/internal/api/hardcover/client.go:837.24,840.3 2 0
github.com/drallgood/audiobookshelf-hardcover-sync/internal/api/hardcover/client.go:842.2,843.20 2 0
github.com/drallgood/audiobookshelf-hardcover-sync/internal/api/hardcover/client.go:843.20,845.3 1 0
github.com/drallgood/audiobookshelf-hardcover-sync/internal/api/hardcover/client.go:847.2,850.35 2 0
github.com/drallgood/audiobookshelf-hardcover-sync/internal/api/hardcover/client.go:851.19,852.25 1 0
github.com/drallgood/audiobookshelf-hardcover-sync/internal/api/hardcover/client.go:853.15,854.49 1 0
github.com/drallgood/audiobookshelf-hardcover-sync/internal/api/hardcover/client.go:855.13,856.39 1 0
github.com/drallgood/audiobookshelf-hardcover-sync/internal/api/hardcover/client.go:857.14,858.16 1 0
github.com/drallgood/audiobookshelf-hardcover-sync/internal/api/hardcover/client.go:862.2,862.44 1 0
github.com/drallgood/audiobookshelf-hardcover-sync/internal/api/hardcover/client.go:862.44,864.3 1 0
github.com/drallgood/audiobookshelf-hardcover-sync/internal/api/hardcover/client.go:867.2,867.43 1 0
github.com/drallgood/audiobookshelf-hardcover-sync/internal/api/hardcover/client.go:867.43,870.3 2 0
github.com/drallgood/audiobookshelf-hardcover-sync/internal/api/hardcover/client.go:873.2,873.47 1 0
github.com/drallgood/audiobookshelf-hardcover-sync/internal/api/hardcover/client.go:874.19,875.38 1 0
github.com/drallgood/audiobookshelf-hardcover-sync/internal/api/hardcover/client.go:875.38,877.4 1 0
github.com/drallgood/audiobookshelf-hardcover-sync/internal/api/hardcover/client.go:878.15,879.31 1 0
github.com/drallgood/audiobookshelf-hardcover-sync/internal/api/hardcover/client.go:883.2,883.76 1 0
github.com/drallgood/audiobookshelf-hardcover-sync/internal/api/hardcover/client.go:883.76,884.50 1 0
github.com/drallgood/audiobookshelf-hardcover-sync/internal/api/hardcover/client.go:884.50,886.4 1 0
github.com/drallgood/audiobookshelf-hardcover-sync/internal/api/hardcover/client.go:890.2,890.51 1 0
github.com/drallgood/audiobookshelf-hardcover-sync/internal/api/hardcover/client.go:890.51,892.3 1 0
github.com/drallgood/audiobookshelf-hardcover-sync/internal/api/hardcover/client.go:895.2,895.66 1 0
github.com/drallgood/audiobookshelf-hardcover-sync/internal/api/hardcover/client.go:895.66,896.43 1 0
github.com/drallgood/audiobookshelf-hardcover-sync/internal/api/hardcover/client.go:896.43,898.4 1 0
github.com/drallgood/audiobookshelf-hardcover-sync/internal/api/hardcover/client.go:902.2,902.61 1 0
github.com/drallgood/audiobookshelf-hardcover-sync/internal/api/hardcover/client.go:902.61,903.28 1 0
github.com/drallgood/audiobookshelf-hardcover-sync/internal/api/hardcover/client.go:903.28,905.16 2 0
github.com/drallgood/audiobookshelf-hardcover-sync/internal/api/hardcover/client.go:905.16,906.13 1 0
github.com/drallgood/audiobookshelf-hardcover-sync/internal/api/hardcover/client.go:908.4,910.57 3 0
github.com/drallgood/audiobookshelf-hardcover-sync/internal/api/hardcover/client.go:910.57,912.5 1 0
github.com/drallgood/audiobookshelf-hardcover-sync/internal/api/hardcover/client.go:913.4,913.16 1 0
github.com/drallgood/audiobookshelf-hardcover-sync/internal/api/hardcover/client.go:913.16,914.13 1 0
github.com/drallgood/audiobookshelf-hardcover-sync/internal/api/hardcover/client.go:916.4,917.18 2 0
github.com/drallgood/audiobookshelf-hardcover-sync/internal/api/hardcover/client.go:917.18,918.13 1 0
github.com/drallgood/audiobookshelf-hardcover-sync/internal/api/hardcover/client.go:920.4,921.33 2 0
github.com/drallgood/audiobookshelf-hardcover-sync/internal/api/hardcover/client.go:922.21,923.25 1 0
github.com/drallgood/audiobookshelf-hardcover-sync/internal/api/hardcover/client.go:924.17,925.49 1 0
github.com/drallgood/audiobookshelf-hardcover-sync/internal/api/hardcover/client.go:926.15,927.39 1 0
github.com/drallgood/audiobookshelf-hardcover-sync/internal/api/hardcover/client.go:928.16,929.16 1 0
github.com/drallgood/audiobookshelf-hardcover-sync/internal/api/hardcover/client.go:932.4,933.37 2 0
github.com/drallgood/audiobookshelf-hardcover-sync/internal/api/hardcover/client.go:933.37,935.5 1 0
github.com/drallgood/audiobookshelf-hardcover-sync/internal/api/hardcover/client.go:935.10,935.46 1 0
github.com/drallgood/audiobookshelf-hardcover-sync/internal/api/hardcover/client.go:935.46,937.5 1 0
github.com/drallgood/audiobookshelf-hardcover-sync/internal/api/hardcover/client.go:942.2,943.54 2 0
github.com/drallgood/audiobookshelf-hardcover-sync/internal/api/hardcover/client.go:943.54,945.3 1 0
github.com/drallgood/audiobookshelf-hardcover-sync/internal/api/hardcover/client.go:946.2,947.29 2 0
github.com/drallgood/audiobookshelf-hardcover-sync/internal/api/hardcover/client.go:947.29,948.47 1 0
github.com/drallgood/audiobookshelf-hardcover-sync/internal/api/hardcover/client.go:948.47,949.71 1 0
github.com/drallgood/audiobookshelf-hardcover-sync/internal/api/hardcover/client.go:949.71,951.10 2 0
github.com/drallgood/audiobookshelf-hardcover-sync/internal/api/hardcover/client.go:953.4,953.21 1 0
github.com/drallgood/audiobookshelf-hardcover-sync/internal/api/hardcover/client.go:953.21,955.5 1 0
github.com/drallgood/audiobookshelf-hardcover-sync/internal/api/hardcover/client.go:958.2,958.19 1 0
github.com/drallgood/audiobookshelf-hardcover-sync/internal/api/hardcover/client.go:958.19,959.35 1 0
github.com/drallgood/audiobookshelf-hardcover-sync/internal/api/hardcover/client.go:960.20,961.33 1 0
github.com/drallgood/audiobookshelf-hardcover-sync/internal/api/hardcover/client.go:962.16,963.57 1 0
github.com/drallgood/audiobookshelf-hardcover-sync/internal/api/hardcover/client.go:964.14,965.47 1 0
github.com/drallgood/audiobookshelf-hardcover-sync/internal/api/hardcover/client.go:966.15,967.24 1 0
github.com/drallgood/audiobookshelf-hardcover-sync/internal/api/hardcover/client.go:969.3,969.43 1 0
github.com/drallgood/audiobookshelf-hardcover-sync/internal/api/hardcover/client.go:969.43,971.4 1 0
github.com/drallgood/audiobookshelf-hardcover-sync/internal/api/hardcover/client.go:972.3,972.46 1 0
github.com/drallgood/audiobookshelf-hardcover-sync/internal/api/hardcover/client.go:972.46,974.4 1 0
github.com/drallgood/audiobookshelf-hardcover-sync/internal/api/hardcover/client.go:975.3,975.46 1 0
github.com/drallgood/audiobookshelf-hardcover-sync/internal/api/hardcover/client.go:975.46,977.4 1 0
github.com/drallgood/audiobookshelf-hardcover-sync/internal/api/hardcover/client.go:978.3,978.51 1 0
github.com/drallgood/audiobookshelf-hardcover-sync/internal/api/hardcover/client.go:978.51,980.4 1 0
github.com/drallgood/audiobookshelf-hardcover-sync/internal/api/hardcover/client.go:981.3,981.66 1 0
github.com/drallgood/audiobookshelf-hardcover-sync/internal/api/hardcover/client.go:981.66,982.44 1 0
github.com/drallgood/audiobookshelf-hardcover-sync/internal/api/hardcover/client.go:982.44,984.5 1 0
github.com/drallgood/audiobookshelf-hardcover-sync/internal/api/hardcover/client.go:988.2,996.20 2 0
github.com/drallgood/audiobookshelf-hardcover-sync/internal/api/hardcover/client.go:1013.90,1051.104 5 0
github.com/drallgood/audiobookshelf-hardcover-sync/internal/api/hardcover/client.go:1051.104,1054.3 2 0
github.com/drallgood/audiobookshelf-hardcover-sync/internal/api/hardcover/client.go:1056.2,1057.38 2 0
github.com/drallgood/audiobookshelf-hardcover-sync/internal/api/hardcover/client.go:1057.38,1062.20 2 0
github.com/drallgood/audiobookshelf-hardcover-sync/internal/api/hardcover/client.go:1062.20,1064.4 1 0
github.com/drallgood/audiobookshelf-hardcover-sync/internal/api/hardcover/client.go:1065.3,1065.22 1 0
github.com/drallgood/audiobookshelf-hardcover-sync/internal/api/hardcover/client.go:1065.22,1067.4 1 0
github.com/drallgood/audiobookshelf-hardcover-sync/internal/api/hardcover/client.go:1068.3,1068.22 1 0
github.com/drallgood/audiobookshelf-hardcover-sync/internal/api/hardcover/client.go:1068.22,1070.4 1 0
github.com/drallgood/audiobookshelf-hardcover-sync/internal/api/hardcover/client.go:1071.3,1071.28 1 0
github.com/drallgood/audiobookshelf-hardcover-sync/internal/api/hardcover/client.go:1071.28,1073.4 1 0
github.com/drallgood/audiobookshelf-hardcover-sync/internal/api/hardcover/client.go:1074.3,1074.21 1 0
github.com/drallgood/audiobookshelf-hardcover-sync/internal/api/hardcover/client.go:1074.21,1076.4 1 0
github.com/drallgood/audiobookshelf-hardcover-sync/internal/api/hardcover/client.go:1077.3,1077.27 1 0
github.com/drallgood/audiobookshelf-hardcover-sync/internal/api/hardcover/client.go:1077.27,1079.4 1 0
github.com/drallgood/audiobookshelf-hardcover-sync/internal/api/hardcover/client.go:1080.3,1080.25 1 0
github.com/drallgood/audiobookshelf-hardcover-sync/internal/api/hardcover/client.go:1080.25,1082.4 1 0
github.com/drallgood/audiobookshelf-hardcover-sync/internal/api/hardcover/client.go:1083.3,1083.34 1 0
github.com/drallgood/audiobookshelf-hardcover-sync/internal/api/hardcover/client.go:1086.2,1090.22 2 0
github.com/drallgood/audiobookshelf-hardcover-sync/internal/api/hardcover/client.go:1095.101,1104.16 3 5
github.com/drallgood/audiobookshelf-hardcover-sync/internal/api/hardcover/client.go:1104.16,1109.3 2 0
github.com/drallgood/audiobookshelf-hardcover-sync/internal/api/hardcover/client.go:1114.2,1164.16 5 5
github.com/drallgood/audiobookshelf-hardcover-sync/internal/api/hardcover/client.go:1164.16,1169.3 2 2
github.com/drallgood/audiobookshelf-hardcover-sync/internal/api/hardcover/client.go:1172.2,1172.32 1 3
github.com/drallgood/audiobookshelf-hardcover-sync/internal/api/hardcover/client.go:1172.32,1175.3 2 1
github.com/drallgood/audiobookshelf-hardcover-sync/internal/api/hardcover/client.go:1178.2,1190.34 3 2
github.com/drallgood/audiobookshelf-hardcover-sync/internal/api/hardcover/client.go:1190.34,1192.3 1 2
github.com/drallgood/audiobookshelf-hardcover-sync/internal/api/hardcover/client.go:1193.2,1193.36 1 2
github.com/drallgood/audiobookshelf-hardcover-sync/internal/api/hardcover/client.go:1193.36,1195.3 1 2
github.com/drallgood/audiobookshelf-hardcover-sync/internal/api/hardcover/client.go:1196.2,1196.36 1 2
github.com/drallgood/audiobookshelf-hardcover-sync/internal/api/hardcover/client.go:1196.36,1198.3 1 2
github.com/drallgood/audiobookshelf-hardcover-sync/internal/api/hardcover/client.go:1200.2,1207.18 2 2
github.com/drallgood/audiobookshelf-hardcover-sync/internal/api/hardcover/client.go:1212.52,1216.2 1 1
github.com/drallgood/audiobookshelf-hardcover-sync/internal/api/hardcover/client.go:1220.104,1224.2 1 1
github.com/drallgood/audiobookshelf-hardcover-sync/internal/api/hardcover/client.go:1227.100,1228.16 1 3
github.com/drallgood/audiobookshelf-hardcover-sync/internal/api/hardcover/client.go:1228.16,1230.3 1 0
github.com/drallgood/audiobookshelf-hardcover-sync/internal/api/hardcover/client.go:1233.2,1241.15 4 3
github.com/drallgood/audiobookshelf-hardcover-sync/internal/api/hardcover/client.go:1241.15,1242.20 1 0
github.com/drallgood/audiobookshelf-hardcover-sync/internal/api/hardcover/client.go:1243.16,1244.16 1 0
github.com/drallgood/audiobookshelf-hardcover-sync/internal/api/hardcover/client.go:1245.20,1246.16 1 0
github.com/drallgood/audiobookshelf-hardcover-sync/internal/api/hardcover/client.go:1249.2,1296.16 5 3
github.com/drallgood/audiobookshelf-hardcover-sync/internal/api/hardcover/client.go:1296.16,1302.3 2 1
github.com/drallgood/audiobookshelf-hardcover-sync/internal/api/hardcover/client.go:1305.2,1313.9 4 2
github.com/drallgood/audiobookshelf-hardcover-sync/internal/api/hardcover/client.go:1313.9,1315.46 1 2
github.com/drallgood/audiobookshelf-hardcover-sync/internal/api/hardcover/client.go:1315.46,1317.4 1 2
github.com/drallgood/audiobookshelf-hardcover-sync/internal/api/hardcover/client.go:1317.9,1319.4 1 0
github.com/drallgood/audiobookshelf-hardcover-sync/internal/api/hardcover/client.go:1322.2,1322.17 1 2
github.com/drallgood/audiobookshelf-hardcover-sync/internal/api/hardcover/client.go:1322.17,1327.41 2 2
github.com/drallgood/audiobookshelf-hardcover-sync/internal/api/hardcover/client.go:1327.41,1328.33 1 2
github.com/drallgood/audiobookshelf-hardcover-sync/internal/api/hardcover/client.go:1329.23,1334.25 2 2
github.com/drallgood/audiobookshelf-hardcover-sync/internal/api/hardcover/client.go:1334.25,1335.52 1 1
github.com/drallgood/audiobookshelf-hardcover-sync/internal/api/hardcover/client.go:1335.52,1342.7 2 1
github.com/drallgood/audiobookshelf-hardcover-sync/internal/api/hardcover/client.go:1344.12,1347.7 1 0
github.com/drallgood/audiobookshelf-hardcover-sync/internal/api/hardcover/client.go:1349.9,1351.4 1 0
github.com/drallgood/audiobookshelf-hardcover-sync/internal/api/hardcover/client.go:1354.2,1359.21 2 2
github.com/drallgood/audiobookshelf-hardcover-sync/internal/api/hardcover/client.go:1359.21,1364.3 2 1
github.com/drallgood/audiobookshelf-hardcover-sync/internal/api/hardcover/client.go:1367.2,1376.34 4 1
github.com/drallgood/audiobookshelf-hardcover-sync/internal/api/hardcover/client.go:1376.34,1377.25 1 1
github.com/drallgood/audiobookshelf-hardcover-sync/internal/api/hardcover/client.go:1378.20,1379.26 1 0
github.com/drallgood/audiobookshelf-hardcover-sync/internal/api/hardcover/client.go:1380.16,1381.50 1 1
github.com/drallgood/audiobookshelf-hardcover-sync/internal/api/hardcover/client.go:1382.14,1383.40 1 0
github.com/drallgood/audiobookshelf-hardcover-sync/internal/api/hardcover/client.go:1384.15,1385.17 1 0
github.com/drallgood/audiobookshelf-hardcover-sync/internal/api/hardcover/client.go:1390.2,1390.49 1 1
github.com/drallgood/audiobookshelf-hardcover-sync/internal/api/hardcover/client.go:1390.49,1392.3 1 1
github.com/drallgood/audiobookshelf-hardcover-sync/internal/api/hardcover/client.go:1395.2,1395.55 1 1
github.com/drallgood/audiobookshelf-hardcover-sync/internal/api/hardcover/client.go:1396.19,1397.46 1 0
github.com/drallgood/audiobookshelf-hardcover-sync/internal/api/hardcover/client.go:1397.46,1399.4 1 0
github.com/drallgood/audiobookshelf-hardcover-sync/internal/api/hardcover/client.go:1400.15,1401.38 1 0
github.com/drallgood/audiobookshelf-hardcover-sync/internal/api/hardcover/client.go:1405.2,1406.24 2 1
github.com/drallgood/audiobookshelf-hardcover-sync/internal/api/hardcover/client.go:1406.24,1411.3 2 1
github.com/drallgood/audiobookshelf-hardcover-sync/internal/api/hardcover/client.go:1414.2,1417.40 2 0
github.com/drallgood/audiobookshelf-hardcover-sync/internal/api/hardcover/client.go:1417.40,1418.32 1 0
github.com/drallgood/audiobookshelf-hardcover-sync/internal/api/hardcover/client.go:1419.20,1420.33 1 0
github.com/drallgood/audiobookshelf-hardcover-sync/internal/api/hardcover/client.go:1421.16,1422.57 1 0
github.com/drallgood/audiobookshelf-hardcover-sync/internal/api/hardcover/client.go:1423.14,1424.47 1 0
github.com/drallgood/audiobookshelf-hardcover-sync/internal/api/hardcover/client.go:1425.15,1426.24 1 0
github.com/drallgood/audiobookshelf-hardcover-sync/internal/api/hardcover/client.go:1431.2,1431.75 1 0
github.com/drallgood/audiobookshelf-hardcover-sync/internal/api/hardcover/client.go:1431.75,1432.34 1 0
github.com/drallgood/audiobookshelf-hardcover-sync/internal/api/hardcover/client.go:1433.15,1434.46 1 0
github.com/drallgood/audiobookshelf-hardcover-sync/internal/api/hardcover/client.go:1434.46,1436.5 1 0
github.com/drallgood/audiobookshelf-hardcover-sync/internal/api/hardcover/client.go:1437.20,1438.40 1 0
github.com/drallgood/audiobookshelf-hardcover-sync/internal/api/hardcover/client.go:1438.40,1441.5 2 0
github.com/drallgood/audiobookshelf-hardcover-sync/internal/api/hardcover/client.go:1446.2,1446.60 1 0
github.com/drallgood/audiobookshelf-hardcover-sync/internal/api/hardcover/client.go:1446.60,1448.3 1 0
github.com/drallgood/audiobookshelf-hardcover-sync/internal/api/hardcover/client.go:1449.2,1449.67 1 0
github.com/drallgood/audiobookshelf-hardcover-sync/internal/api/hardcover/client.go:1449.67,1451.3 1 0
github.com/drallgood/audiobookshelf-hardcover-sync/internal/api/hardcover/client.go:1452.2,1452.67 1 0
github.com/drallgood/audiobookshelf-hardcover-sync/internal/api/hardcover/client.go:1452.67,1454.3 1 0
github.com/drallgood/audiobookshelf-hardcover-sync/internal/api/hardcover/client.go:1456.2,1462.20 2 0
github.com/drallgood/audiobookshelf-hardcover-sync/internal/api/hardcover/client.go:1466.111,1467.16 1 5
github.com/drallgood/audiobookshelf-hardcover-sync/internal/api/hardcover/client.go:1467.16,1469.3 1 1
github.com/drallgood/audiobookshelf-hardcover-sync/internal/api/hardcover/client.go:1472.2,1485.15 6 4
github.com/drallgood/audiobookshelf-hardcover-sync/internal/api/hardcover/client.go:1485.15,1486.20 1 0
github.com/drallgood/audiobookshelf-hardcover-sync/internal/api/hardcover/client.go:1487.16,1488.16 1 0
github.com/drallgood/audiobookshelf-hardcover-sync/internal/api/hardcover/client.go:1489.20,1490.16 1 0
github.com/drallgood/audiobookshelf-hardcover-sync/internal/api/hardcover/client.go:1493.2,1566.27 9 4
github.com/drallgood/audiobookshelf-hardcover-sync/internal/api/hardcover/client.go:1566.27,1569.27 3 3
github.com/drallgood/audiobookshelf-hardcover-sync/internal/api/hardcover/client.go:1569.27,1571.4 1 3
github.com/drallgood/audiobookshelf-hardcover-sync/internal/api/hardcover/client.go:1572.3,1577.24 2 3
github.com/drallgood/audiobookshelf-hardcover-sync/internal/api/hardcover/client.go:1577.24,1586.4 2 3
github.com/drallgood/audiobookshelf-hardcover-sync/internal/api/hardcover/client.go:1589.2,1589.16 1 4
github.com/drallgood/audiobookshelf-hardcover-sync/internal/api/hardcover/client.go:1589.16,1595.3 2 0
github.com/drallgood/audiobookshelf-hardcover-sync/internal/api/hardcover/client.go:1598.2,1598.28 1 4
github.com/drallgood/audiobookshelf-hardcover-sync/internal/api/hardcover/client.go:1598.28,1603.3 2 1
github.com/drallgood/audiobookshelf-hardcover-sync/internal/api/hardcover/client.go:1605.2,1608.33 2 3
github.com/drallgood/audiobookshelf-hardcover-sync/internal/api/hardcover/client.go:1608.33,1613.3 2 0
github.com/drallgood/audiobookshelf-hardcover-sync/internal/api/hardcover/client.go:1615.2,1624.64 3 3
github.com/drallgood/audiobookshelf-hardcover-sync/internal/api/hardcover/client.go:1624.64,1627.17 2 0
github.com/drallgood/audiobookshelf-hardcover-sync/internal/api/hardcover/client.go:1627.17,1629.4 1 0
github.com/drallgood/audiobookshelf-hardcover-sync/internal/api/hardcover/client.go:1629.9,1638.4 2 0
github.com/drallgood/audiobookshelf-hardcover-sync/internal/api/hardcover/client.go:1642.2,1642.48 1 3
github.com/drallgood/audiobookshelf-hardcover-sync/internal/api/hardcover/client.go:1642.48,1644.3 1 0
github.com/drallgood/audiobookshelf-hardcover-sync/internal/api/hardcover/client.go:1645.2,1645.52 1 3
github.com/drallgood/audiobookshelf-hardcover-sync/internal/api/hardcover/client.go:1645.52,1647.3 1 3
github.com/drallgood/audiobookshelf-hardcover-sync/internal/api/hardcover/client.go:1648.2,1648.52 1 3
github.com/drallgood/audiobookshelf-hardcover-sync/internal/api/hardcover/client.go:1648.52,1650.3 1 3
github.com/drallgood/audiobookshelf-hardcover-sync/internal/api/hardcover/client.go:1652.2,1657.20 2 3
github.com/drallgood/audiobookshelf-hardcover-sync/internal/api/hardcover/client.go:1662.116,1664.21 1 3
github.com/drallgood/audiobookshelf-hardcover-sync/internal/api/hardcover/client.go:1664.21,1666.3 1 0
github.com/drallgood/audiobookshelf-hardcover-sync/internal/api/hardcover/client.go:1667.2,1700.16 7 3
github.com/drallgood/audiobookshelf-hardcover-sync/internal/api/hardcover/client.go:1700.16,1705.3 2 1
github.com/drallgood/audiobookshelf-hardcover-sync/internal/api/hardcover/client.go:1708.2,1708.33 1 2
github.com/drallgood/audiobookshelf-hardcover-sync/internal/api/hardcover/client.go:1708.33,1714.3 3 0
github.com/drallgood/audiobookshelf-hardcover-sync/internal/api/hardcover/client.go:1717.2,1723.38 3 2
github.com/drallgood/audiobookshelf-hardcover-sync/internal/api/hardcover/client.go:1723.38,1739.79 2 1
github.com/drallgood/audiobookshelf-hardcover-sync/internal/api/hardcover/client.go:1739.79,1744.4 2 0
github.com/drallgood/audiobookshelf-hardcover-sync/internal/api/hardcover/client.go:1747.3,1747.40 1 1
github.com/drallgood/audiobookshelf-hardcover-sync/internal/api/hardcover/client.go:1747.40,1755.22 2 2
github.com/drallgood/audiobookshelf-hardcover-sync/internal/api/hardcover/client.go:1755.22,1757.5 1 0
github.com/drallgood/audiobookshelf-hardcover-sync/internal/api/hardcover/client.go:1758.4,1758.46 1 2
github.com/drallgood/audiobookshelf-hardcover-sync/internal/api/hardcover/client.go:1763.2,1764.34 2 2
github.com/drallgood/audiobookshelf-hardcover-sync/internal/api/hardcover/client.go:1764.34,1766.3 1 2
github.com/drallgood/audiobookshelf-hardcover-sync/internal/api/hardcover/client.go:1768.2,1773.28 2 2
github.com/drallgood/audiobookshelf-hardcover-sync/internal/api/hardcover/client.go:1773.28,1780.3 1 1
github.com/drallgood/audiobookshelf-hardcover-sync/internal/api/hardcover/client.go:1782.2,1782.27 1 2
github.com/drallgood/audiobookshelf-hardcover-sync/internal/api/hardcover/client.go:1802.102,1815.27 2 4
github.com/drallgood/audiobookshelf-hardcover-sync/internal/api/hardcover/client.go:1815.27,1817.3 1 0
github.com/drallgood/audiobookshelf-hardcover-sync/internal/api/hardcover/client.go:1820.2,1823.38 2 4
github.com/drallgood/audiobookshelf-hardcover-sync/internal/api/hardcover/client.go:1823.38,1825.3 1 0
github.com/drallgood/audiobookshelf-hardcover-sync/internal/api/hardcover/client.go:1826.2,1826.39 1 4
github.com/drallgood/audiobookshelf-hardcover-sync/internal/api/hardcover/client.go:1826.39,1828.3 1 1
github.com/drallgood/audiobookshelf-hardcover-sync/internal/api/hardcover/client.go:1829.2,1829.31 1 4
github.com/drallgood/audiobookshelf-hardcover-sync/internal/api/hardcover/client.go:1829.31,1831.3 1 0
github.com/drallgood/audiobookshelf-hardcover-sync/internal/api/hardcover/client.go:1832.2,1832.38 1 4
github.com/drallgood/audiobookshelf-hardcover-sync/internal/api/hardcover/client.go:1832.38,1834.3 1 1
github.com/drallgood/audiobookshelf-hardcover-sync/internal/api/hardcover/client.go:1836.2,1849.81 3 4
github.com/drallgood/audiobookshelf-hardcover-sync/internal/api/hardcover/client.go:1849.81,1851.3 1 1
github.com/drallgood/audiobookshelf-hardcover-sync/internal/api/hardcover/client.go:1854.2,1854.38 1 3
github.com/drallgood/audiobookshelf-hardcover-sync/internal/api/hardcover/client.go:1854.38,1856.3 1 1
github.com/drallgood/audiobookshelf-hardcover-sync/internal/api/hardcover/client.go:1859.2,1859.44 1 2
github.com/drallgood/audiobookshelf-hardcover-sync/internal/api/hardcover/client.go:1859.44,1861.3 1 0
github.com/drallgood/audiobookshelf-hardcover-sync/internal/api/hardcover/client.go:1863.2,1863.42 1 2
github.com/drallgood/audiobookshelf-hardcover-sync/internal/api/hardcover/client.go:1874.99,1884.19 2 5
github.com/drallgood/audiobookshelf-hardcover-sync/internal/api/hardcover/client.go:1884.19,1886.3 1 0
github.com/drallgood/audiobookshelf-hardcover-sync/internal/api/hardcover/client.go:1887.2,1887.47 1 5
github.com/drallgood/audiobookshelf-hardcover-sync/internal/api/hardcover/client.go:1887.47,1889.3 1 0
github.com/drallgood/audiobookshelf-hardcover-sync/internal/api/hardcover/client.go:1892.2,1892.47 1 5
github.com/drallgood/audiobookshelf-hardcover-sync/internal/api/hardcover/client.go:1892.47,1893.40 1 0
github.com/drallgood/audiobookshelf-hardcover-sync/internal/api/hardcover/client.go:1894.23,1895.22 1 0
github.com/drallgood/audiobookshelf-hardcover-sync/internal/api/hardcover/client.go:1896.18,1897.22 1 0
github.com/drallgood/audiobookshelf-hardcover-sync/internal/api/hardcover/client.go:1898.27,1899.22 1 0
github.com/drallgood/audiobookshelf-hardcover-sync/internal/api/hardcover/client.go:1900.11,1901.78 1 0
github.com/drallgood/audiobookshelf-hardcover-sync/internal/api/hardcover/client.go:1906.2,1919.81 3 5
github.com/drallgood/audiobookshelf-hardcover-sync/internal/api/hardcover/client.go:1919.81,1921.3 1 2
github.com/drallgood/audiobookshelf-hardcover-sync/internal/api/hardcover/client.go:1924.2,1924.34 1 3
github.com/drallgood/audiobookshelf-hardcover-sync/internal/api/hardcover/client.go:1924.34,1926.3 1 1
github.com/drallgood/audiobookshelf-hardcover-sync/internal/api/hardcover/client.go:1929.2,1929.40 1 2
github.com/drallgood/audiobookshelf-hardcover-sync/internal/api/hardcover/client.go:1929.40,1931.3 1 0
github.com/drallgood/audiobookshelf-hardcover-sync/internal/api/hardcover/client.go:1933.2,1933.12 1 2
github.com/drallgood/audiobookshelf-hardcover-sync/internal/api/hardcover/client.go:1954.109,1956.27 1 5
github.com/drallgood/audiobookshelf-hardcover-sync/internal/api/hardcover/client.go:1956.27,1958.3 1 0
github.com/drallgood/audiobookshelf-hardcover-sync/internal/api/hardcover/client.go:1961.2,1961.24 1 5
github.com/drallgood/audiobookshelf-hardcover-sync/internal/api/hardcover/client.go:1961.24,1988.82 4 3
github.com/drallgood/audiobookshelf-hardcover-sync/internal/api/hardcover/client.go:1988.82,1990.4 1 1
github.com/drallgood/audiobookshelf-hardcover-sync/internal/api/hardcover/client.go:1991.3,1991.35 1 2
github.com/drallgood/audiobookshelf-hardcover-sync/internal/api/hardcover/client.go:1995.2,2026.86 5 2
github.com/drallgood/audiobookshelf-hardcover-sync/internal/api/hardcover/client.go:2026.86,2028.3 1 0
github.com/drallgood/audiobookshelf-hardcover-sync/internal/api/hardcover/client.go:2030.2,2030.34 1 2
github.com/drallgood/audiobookshelf-hardcover-sync/internal/api/hardcover/client.go:2113.145,2157.16 6 3
github.com/drallgood/audiobookshelf-hardcover-sync/internal/api/hardcover/client.go:2157.16,2162.3 2 1
github.com/drallgood/audiobookshelf-hardcover-sync/internal/api/hardcover/client.go:2165.2,2165.37 1 2
github.com/drallgood/audiobookshelf-hardcover-sync/internal/api/hardcover/client.go:2165.37,2174.3 2 1
github.com/drallgood/audiobookshelf-hardcover-sync/internal/api/hardcover/client.go:2176.2,2177.17 2 1
github.com/drallgood/audiobookshelf-hardcover-sync/internal/api/hardcover/client.go:2181.103,2189.16 3 4
github.com/drallgood/audiobookshelf-hardcover-sync/internal/api/hardcover/client.go:2189.16,2194.3 2 0
github.com/drallgood/audiobookshelf-hardcover-sync/internal/api/hardcover/client.go:2197.2,2213.67 3 4
github.com/drallgood/audiobookshelf-hardcover-sync/internal/api/hardcover/client.go:2213.67,2218.3 2 0
github.com/drallgood/audiobookshelf-hardcover-sync/internal/api/hardcover/client.go:2221.2,2222.34 2 4
github.com/drallgood/audiobookshelf-hardcover-sync/internal/api/hardcover/client.go:2222.34,2224.3 1 0
github.com/drallgood/audiobookshelf-hardcover-sync/internal/api/hardcover/client.go:2225.2,2225.37 1 4
github.com/drallgood/audiobookshelf-hardcover-sync/internal/api/hardcover/client.go:2225.37,2227.3 1 0
github.com/drallgood/audiobookshelf-hardcover-sync/internal/api/hardcover/client.go:2228.2,2228.38 1 4
github.com/drallgood/audiobookshelf-hardcover-sync/internal/api/hardcover/client.go:2228.38,2230.3 1 1
github.com/drallgood/audiobookshelf-hardcover-sync/internal/api/hardcover/client.go:2231.2,2231.30 1 4
github.com/drallgood/audiobookshelf-hardcover-sync/internal/api/hardcover/client.go:2231.30,2233.3 1 0
github.com/drallgood/audiobookshelf-hardcover-sync/internal/api/hardcover/client.go:2234.2,2234.37 1 4
github.com/drallgood/audiobookshelf-hardcover-sync/internal/api/hardcover/client.go:2234.37,2236.3 1 1
github.com/drallgood/audiobookshelf-hardcover-sync/internal/api/hardcover/client.go:2237.2,2237.43 1 4
github.com/drallgood/audiobookshelf-hardcover-sync/internal/api/hardcover/client.go:2237.43,2239.3 1 4
github.com/drallgood/audiobookshelf-hardcover-sync/internal/api/hardcover/client.go:2242.2,2261.16 4 4
github.com/drallgood/audiobookshelf-hardcover-sync/internal/api/hardcover/client.go:2261.16,2266.3 2 1
github.com/drallgood/audiobookshelf-hardcover-sync/internal/api/hardcover/client.go:2269.2,2269.44 1 3
github.com/drallgood/audiobookshelf-hardcover-sync/internal/api/hardcover/client.go:2269.44,2275.3 3 0
github.com/drallgood/audiobookshelf-hardcover-sync/internal/api/hardcover/client.go:2279.2,2279.51 1 3
github.com/drallgood/audiobookshelf-hardcover-sync/internal/api/hardcover/client.go:2279.51,2284.3 2 3
github.com/drallgood/audiobookshelf-hardcover-sync/internal/api/hardcover/client.go:2286.2,2291.18 3 0
github.com/drallgood/audiobookshelf-hardcover-sync/internal/api/hardcover/client.go:2295.98,2298.16 2 3
github.com/drallgood/audiobookshelf-hardcover-sync/internal/api/hardcover/client.go:2298.16,2300.3 1 1
github.com/drallgood/audiobookshelf-hardcover-sync/internal/api/hardcover/client.go:2302.2,2302.34 1 2
github.com/drallgood/audiobookshelf-hardcover-sync/internal/api/hardcover/client.go:2302.34,2304.3 1 1
github.com/drallgood/audiobookshelf-hardcover-sync/internal/api/hardcover/client.go:2307.2,2307.26 1 1
github.com/drallgood/audiobookshelf-hardcover-sync/internal/api/hardcover/client.go:2307.26,2309.3 1 0
github.com/drallgood/audiobookshelf-hardcover-sync/internal/api/hardcover/client.go:2312.2,2321.21 2 1
github.com/drallgood/audiobookshelf-hardcover-sync/internal/api/hardcover/client.go:2325.94,2327.21 1 3
github.com/drallgood/audiobookshelf-hardcover-sync/internal/api/hardcover/client.go:2327.21,2329.3 1 0
github.com/drallgood/audiobookshelf-hardcover-sync/internal/api/hardcover/client.go:2330.2,2337.16 3 3
github.com/drallgood/audiobookshelf-hardcover-sync/internal/api/hardcover/client.go:2337.16,2339.3 1 1
github.com/drallgood/audiobookshelf-hardcover-sync/internal/api/hardcover/client.go:2341.2,2341.34 1 2
github.com/drallgood/audiobookshelf-hardcover-sync/internal/api/hardcover/client.go:2341.34,2343.3 1 2
github.com/drallgood/audiobookshelf-hardcover-sync/internal/api/hardcover/client.go:2346.2,2353.21 3 0
github.com/drallgood/audiobookshelf-hardcover-sync/internal/api/hardcover/client.go:2353.21,2359.3 2 0
github.com/drallgood/audiobookshelf-hardcover-sync/internal/api/hardcover/client.go:2362.2,2363.16 2 0
github.com/drallgood/audiobookshelf-hardcover-sync/internal/api/hardcover/client.go:2363.16,2365.3 1 0
github.com/drallgood/audiobookshelf-hardcover-sync/internal/api/hardcover/client.go:2367.2,2367.21 1 0
github.com/drallgood/audiobookshelf-hardcover-sync/internal/api/hardcover/client.go:2371.93,2380.16 3 3
github.com/drallgood/audiobookshelf-hardcover-sync/internal/api/hardcover/client.go:2380.16,2385.3 2 0
github.com/drallgood/audiobookshelf-hardcover-sync/internal/api/hardcover/client.go:2388.2,2388.69 1 3
github.com/drallgood/audiobookshelf-hardcover-sync/internal/api/hardcover/client.go:2388.69,2395.3 2 0
github.com/drallgood/audiobookshelf-hardcover-sync/internal/api/hardcover/client.go:2398.2,2431.16 4 3
github.com/drallgood/audiobookshelf-hardcover-sync/internal/api/hardcover/client.go:2431.16,2436.3 2 2
github.com/drallgood/audiobookshelf-hardcover-sync/internal/api/hardcover/client.go:2439.2,2448.24 4 1
github.com/drallgood/audiobookshelf-hardcover-sync/internal/api/hardcover/client.go:2448.24,2453.3 2 1
github.com/drallgood/audiobookshelf-hardcover-sync/internal/api/hardcover/client.go:2456.2,2476.26 4 0
github.com/drallgood/audiobookshelf-hardcover-sync/internal/api/hardcover/client.go:2476.26,2478.3 1 0
github.com/drallgood/audiobookshelf-hardcover-sync/internal/api/hardcover/client.go:2479.2,2479.27 1 0
github.com/drallgood/audiobookshelf-hardcover-sync/internal/api/hardcover/client.go:2479.27,2481.3 1 0
github.com/drallgood/audiobookshelf-hardcover-sync/internal/api/hardcover/client.go:2482.2,2482.27 1 0
github.com/drallgood/audiobookshelf-hardcover-sync/internal/api/hardcover/client.go:2482.27,2484.3 1 0
github.com/drallgood/audiobookshelf-hardcover-sync/internal/api/hardcover/client.go:2485.2,2485.25 1 0
github.com/drallgood/audiobookshelf-hardcover-sync/internal/api/hardcover/client.go:2485.25,2487.3 1 0
github.com/drallgood/audiobookshelf-hardcover-sync/internal/api/hardcover/client.go:2488.2,2488.32 1 0
github.com/drallgood/audiobookshelf-hardcover-sync/internal/api/hardcover/client.go:2488.32,2490.3 1 0
github.com/drallgood/audiobookshelf-hardcover-sync/internal/api/hardcover/client.go:2492.2,2505.26 4 0
github.com/drallgood/audiobookshelf-hardcover-sync/internal/api/hardcover/client.go:2510.113,2512.47 1 3
github.com/drallgood/audiobookshelf-hardcover-sync/internal/api/hardcover/client.go:2512.47,2515.34 2 0
github.com/drallgood/audiobookshelf-hardcover-sync/internal/api/hardcover/client.go:2515.34,2517.4 1 0
github.com/drallgood/audiobookshelf-hardcover-sync/internal/api/hardcover/client.go:2519.2,2519.21 1 3
github.com/drallgood/audiobookshelf-hardcover-sync/internal/api/hardcover/client.go:2519.21,2521.3 1 0
github.com/drallgood/audiobookshelf-hardcover-sync/internal/api/hardcover/client.go:2522.2,2554.30 5 3
github.com/drallgood/audiobookshelf-hardcover-sync/internal/api/hardcover/client.go:2554.30,2557.3 2 1
github.com/drallgood/audiobookshelf-hardcover-sync/internal/api/hardcover/client.go:2559.2,2581.79 4 3
github.com/drallgood/audiobookshelf-hardcover-sync/internal/api/hardcover/client.go:2581.79,2586.3 2 1
github.com/drallgood/audiobookshelf-hardcover-sync/internal/api/hardcover/client.go:2589.2,2594.66 2 2
github.com/drallgood/audiobookshelf-hardcover-sync/internal/api/hardcover/client.go:2594.66,2614.88 3 0
github.com/drallgood/audiobookshelf-hardcover-sync/internal/api/hardcover/client.go:2614.88,2619.4 2 0
github.com/drallgood/audiobookshelf-hardcover-sync/internal/api/hardcover/client.go:2621.3,2623.5 1 0
github.com/drallgood/audiobookshelf-hardcover-sync/internal/api/hardcover/client.go:2627.2,2627.38 1 2
github.com/drallgood/audiobookshelf-hardcover-sync/internal/api/hardcover/client.go:2627.38,2633.3 2 0
github.com/drallgood/audiobookshelf-hardcover-sync/internal/api/hardcover/client.go:2636.2,2637.48 2 2
github.com/drallgood/audiobookshelf-hardcover-sync/internal/api/hardcover/client.go:2637.48,2643.3 1 2
github.com/drallgood/audiobookshelf-hardcover-sync/internal/api/hardcover/client.go:2645.2,2651.21 2 2
github.com/drallgood/audiobookshelf-hardcover-sync/internal/api/hardcover/client.go:2655.102,2657.2 1 2
github.com/drallgood/audiobookshelf-hardcover-sync/internal/api/hardcover/client.go:2660.104,2662.2 1 1
github.com/drallgood/audiobookshelf-hardcover-sync/internal/api/hardcover/client.go:2665.108,2666.21 1 2
github.com/drallgood/audiobookshelf-hardcover-sync/internal/api/hardcover/client.go:2666.21,2668.3 1 0
github.com/drallgood/audiobookshelf-hardcover-sync/internal/api/hardcover/client.go:2669.2,2676.48 2 2
github.com/drallgood/audiobookshelf-hardcover-sync/internal/api/hardcover/client.go:2676.48,2678.3 1 0
github.com/drallgood/audiobookshelf-hardcover-sync/internal/api/hardcover/client.go:2682.2,2708.16 6 2
github.com/drallgood/audiobookshelf-hardcover-sync/internal/api/hardcover/client.go:2708.16,2713.3 2 0
github.com/drallgood/audiobookshelf-hardcover-sync/internal/api/hardcover/client.go:2716.2,2717.36 2 2
github.com/drallgood/audiobookshelf-hardcover-sync/internal/api/hardcover/client.go:2717.36,2722.3 1 1
github.com/drallgood/audiobookshelf-hardcover-sync/internal/api/hardcover/client.go:2724.2,2728.24 2 2
github.com/drallgood/audiobookshelf-hardcover-sync/internal/api/hardcover/client.go:2732.88,2733.21 1 2
github.com/drallgood/audiobookshelf-hardcover-sync/internal/api/hardcover/client.go:2733.21,2735.3 1 0
github.com/drallgood/audiobookshelf-hardcover-sync/internal/api/hardcover/client.go:2736.2,2742.14 2 2
github.com/drallgood/audiobookshelf-hardcover-sync/internal/api/hardcover/client.go:2742.14,2745.3 2 0
github.com/drallgood/audiobookshelf-hardcover-sync/internal/api/hardcover/client.go:2748.2,2749.16 2 2
github.com/drallgood/audiobookshelf-hardcover-sync/internal/api/hardcover/client.go:2749.16,2752.3 2 0
github.com/drallgood/audiobookshelf-hardcover-sync/internal/api/hardcover/client.go:2754.2,2780.73 5 2
github.com/drallgood/audiobookshelf-hardcover-sync/internal/api/hardcover/client.go:2780.73,2785.3 2 0
github.com/drallgood/audiobookshelf-hardcover-sync/internal/api/hardcover/client.go:2788.2,2788.32 1 2
github.com/drallgood/audiobookshelf-hardcover-sync/internal/api/hardcover/client.go:2788.32,2793.3 2 1
github.com/drallgood/audiobookshelf-hardcover-sync/internal/api/hardcover/client.go:2796.2,2800.8 2 1
github.com/drallgood/audiobookshelf-hardcover-sync/internal/api/hardcover/client.go:2804.81,2811.68 2 0
github.com/drallgood/audiobookshelf-hardcover-sync/internal/api/hardcover/client.go:2811.68,2816.3 2 0
github.com/drallgood/audiobookshelf-hardcover-sync/internal/api/hardcover/client.go:2819.2,2820.16 2 0
github.com/drallgood/audiobookshelf-hardcover-sync/internal/api/hardcover/client.go:2820.16,2826.3 2 0
github.com/drallgood/audiobookshelf-hardcover-sync/internal/api/hardcover/client.go:2829.2,2830.16 2 0
github.com/drallgood/audiobookshelf-hardcover-sync/internal/api/hardcover/client.go:2830.16,2836.3 2 0
github.com/drallgood/audiobookshelf-hardcover-sync/internal/api/hardcover/client.go:2839.2,2840.16 2 0
github.com/drallgood/audiobookshelf-hardcover-sync/internal/api/hardcover/client.go:2840.16,2846.3 2 0
github.com/drallgood/audiobookshelf-hardcover-sync/internal/api/hardcover/client.go:2849.2,2850.16 2 0
github.com/drallgood/audiobookshelf-hardcover-sync/internal/api/hardcover/client.go:2850.16,2858.3 2 0
github.com/drallgood/audiobookshelf-hardcover-sync/internal/api/hardcover/client.go:2861.2,2861.21 1 0
github.com/drallgood/audiobookshelf-hardcover-sync/internal/api/hardcover/client.go:2861.21,2863.17 2 0
github.com/drallgood/audiobookshelf-hardcover-sync/internal/api/hardcover/client.go:2863.17,2870.4 2 0
github.com/drallgood/audiobookshelf-hardcover-sync/internal/api/hardcover/client.go:2872.3,2872.21 1 0
github.com/drallgood/audiobookshelf-hardcover-sync/internal/api/hardcover/client.go:2872.21,2877.4 1 0
github.com/drallgood/audiobookshelf-hardcover-sync/internal/api/hardcover/client.go:2878.8,2884.3 1 0
github.com/drallgood/audiobookshelf-hardcover-sync/internal/api/hardcover/client.go:2887.2,2887.20 1 0
github.com/drallgood/audiobookshelf-hardcover-sync/internal/api/hardcover/client.go:2887.20,2889.3 1 0
github.com/drallgood/audiobookshelf-hardcover-sync/internal/api/hardcover/client.go:2891.2,2891.24 1 0
github.com/drallgood/audiobookshelf-hardcover-sync/internal/api/hardcover/client.go:2895.39,2898.2 2 0
github.com/drallgood/audiobookshelf-hardcover-sync/internal/api/hardcover/client.go:2901.106,2942.16 5 0
github.com/drallgood/audiobookshelf-hardcover-sync/internal/api/hardcover/client.go:2942.16,2951.3 3 0
github.com/drallgood/audiobookshelf-hardcover-sync/internal/api/hardcover/client.go:2954.2,2961.34 2 0
github.com/drallgood/audiobookshelf-hardcover-sync/internal/api/hardcover/client.go:2961.34,2963.3 1 0
github.com/drallgood/audiobookshelf-hardcover-sync/internal/api/hardcover/client.go:2965.2,2974.24 4 0
github.com/drallgood/audiobookshelf-hardcover-sync/internal/api/hardcover/client.go:2978.99,3014.16 5 0
github.com/drallgood/audiobookshelf-hardcover-sync/internal/api/hardcover/client.go:3014.16,3022.3 3 0
github.com/drallgood/audiobookshelf-hardcover-sync/internal/api/hardcover/client.go:3025.2,3032.34 2 0
github.com/drallgood/audiobookshelf-hardcover-sync/internal/api/hardcover/client.go:3032.34,3034.3 1 0
github.com/drallgood/audiobookshelf-hardcover-sync/internal/api/hardcover/client.go:3036.2,3044.24 4 0
github.com/drallgood/audiobookshelf-hardcover-sync/internal/api/hardcover/client.go:3059.96,3066.16 3 0
github.com/drallgood/audiobookshelf-hardcover-sync/internal/api/hardcover/client.go:3066.16,3072.3 2 0
github.com/drallgood/audiobookshelf-hardcover-sync/internal/api/hardcover/client.go:3074.2,3081.9 3 0
github.com/drallgood/audiobookshelf-hardcover-sync/internal/api/hardcover/client.go:3081.9,3083.3 1 0
github.com/drallgood/audiobookshelf-hardcover-sync/internal/api/hardcover/client.go:3086.2,3087.16 2 0
github.com/drallgood/audiobookshelf-hardcover-sync/internal/api/hardcover/client.go:3087.16,3093.3 2 0
github.com/drallgood/audiobookshelf-hardcover-sync/internal/api/hardcover/client.go:3096.2,3097.16 2 0
github.com/drallgood/audiobookshelf-hardcover-sync/internal/api/hardcover/client.go:3097.16,3103.3 2 0
github.com/drallgood/audiobookshelf-hardcover-sync/internal/api/hardcover/client.go:3106.2,3140.16 5 0
github.com/drallgood/audiobookshelf-hardcover-sync/internal/api/hardcover/client.go:3140.16,3149.3 3 0
github.com/drallgood/audiobookshelf-hardcover-sync/internal/api/hardcover/client.go:3151.2,3151.40 1 0
github.com/drallgood/audiobookshelf-hardcover-sync/internal/api/hardcover/client.go:3151.40,3160.3 3 0
github.com/drallgood/audiobookshelf-hardcover-sync/internal/api/hardcover/client.go:3162.2,3175.24 3 0
github.com/drallgood/audiobookshelf-hardcover-sync/internal/api/hardcover/client.go:3231.84,3233.16 2 6
github.com/drallgood/audiobookshelf-hardcover-sync/internal/api/hardcover/client.go:3233.16,3235.3 1 0
github.com/drallgood/audiobookshelf-hardcover-sync/internal/api/hardcover/client.go:3237.2,3268.16 5 6
github.com/drallgood/audiobookshelf-hardcover-sync/internal/api/hardcover/client.go:3268.16,3273.3 2 2
github.com/drallgood/audiobookshelf-hardcover-sync/internal/api/hardcover/client.go:3276.2,3282.19 3 4
github.com/drallgood/audiobookshelf-hardcover-sync/internal/api/hardcover/client.go:3286.90,3288.16 2 0
github.com/drallgood/audiobookshelf-hardcover-sync/internal/api/hardcover/client.go:3288.16,3290.3 1 0
github.com/drallgood/audiobookshelf-hardcover-sync/internal/api/hardcover/client.go:3292.2,3323.16 5 0
github.com/drallgood/audiobookshelf-hardcover-sync/internal/api/hardcover/client.go:3323.16,3328.3 2 0
github.com/drallgood/audiobookshelf-hardcover-sync/internal/api/hardcover/client.go:3331.2,3337.19 3 0
github.com/drallgood/audiobookshelf-hardcover-sync/internal/api/hardcover/client.go:3341.100,3349.21 3 0
github.com/drallgood/audiobookshelf-hardcover-sync/internal/api/hardcover/client.go:3349.21,3351.3 1 0
github.com/drallgood/audiobookshelf-hardcover-sync/internal/api/hardcover/client.go:3353.2,3394.16 4 0
github.com/drallgood/audiobookshelf-hardcover-sync/internal/api/hardcover/client.go:3394.16,3399.3 2 0
github.com/drallgood/audiobookshelf-hardcover-sync/internal/api/hardcover/client.go:3401.2,3401.66 1 0
github.com/drallgood/audiobookshelf-hardcover-sync/internal/api/hardcover/client.go:3401.66,3404.3 2 0
github.com/drallgood/audiobookshelf-hardcover-sync/internal/api/hardcover/client.go:3406.2,3418.24 4 0
github.com/drallgood/audiobookshelf-hardcover-sync/internal/api/hardcover/client.go:3418.24,3420.3 1 0
github.com/drallgood/audiobookshelf-hardcover-sync/internal/api/hardcover/client.go:3421.2,3421.26 1 0
github.com/drallgood/audiobookshelf-hardcover-sync/internal/api/hardcover/client.go:3421.26,3423.3 1 0
github.com/drallgood/audiobookshelf-hardcover-sync/internal/api/hardcover/client.go:3424.2,3424.26 1 0
github.com/drallgood/audiobookshelf-hardcover-sync/internal/api/hardcover/client.go:3424.26,3426.3 1 0
github.com/drallgood/audiobookshelf-hardcover-sync/internal/api/hardcover/client.go:3428.2,3433.20 2 0
github.com/drallgood/audiobookshelf-hardcover-sync/internal/api/hardcover/client.go:3437.116,3448.22 4 4
github.com/drallgood/audiobookshelf-hardcover-sync/internal/api/hardcover/client.go:3448.22,3450.3 1 1
github.com/drallgood/audiobookshelf-hardcover-sync/internal/api/hardcover/client.go:3453.2,3458.59 3 3
github.com/drallgood/audiobookshelf-hardcover-sync/internal/api/hardcover/client.go:3458.59,3459.24 1 3
github.com/drallgood/audiobookshelf-hardcover-sync/internal/api/hardcover/client.go:3459.24,3461.4 1 2
github.com/drallgood/audiobookshelf-hardcover-sync/internal/api/hardcover/client.go:3462.3,3462.12 1 1
github.com/drallgood/audiobookshelf-hardcover-sync/internal/api/hardcover/client.go:3467.17,3468.25 1 3
github.com/drallgood/audiobookshelf-hardcover-sync/internal/api/hardcover/client.go:3468.25,3471.5 1 2
github.com/drallgood/audiobookshelf-hardcover-sync/internal/api/hardcover/client.go:3472.4,3472.13 1 1
github.com/drallgood/audiobookshelf-hardcover-sync/internal/api/hardcover/client.go:3494.2,3499.23 2 3
github.com/drallgood/audiobookshelf-hardcover-sync/internal/api/hardcover/client.go:3499.23,3501.3 1 2
github.com/drallgood/audiobookshelf-hardcover-sync/internal/api/hardcover/client.go:3504.2,3527.16 4 3
github.com/drallgood/audiobookshelf-hardcover-sync/internal/api/hardcover/client.go:3527.16,3534.3 2 0
github.com/drallgood/audiobookshelf-hardcover-sync/internal/api/hardcover/client.go:3536.2,3536.30 1 3
github.com/drallgood/audiobookshelf-hardcover-sync/internal/api/hardcover/client.go:3536.30,3542.3 2 1
github.com/drallgood/audiobookshelf-hardcover-sync/internal/api/hardcover/client.go:3545.2,3546.33 2 2
github.com/drallgood/audiobookshelf-hardcover-sync/internal/api/hardcover/client.go:3546.33,3551.3 2 0
github.com/drallgood/audiobookshelf-hardcover-sync/internal/api/hardcover/client.go:3553.2,3564.24 3 2
github.com/drallgood/audiobookshelf-hardcover-sync/internal/api/hardcover/client.go:3564.24,3566.3 1 2
github.com/drallgood/audiobookshelf-hardcover-sync/internal/api/hardcover/client.go:3567.2,3567.26 1 2
github.com/drallgood/audiobookshelf-hardcover-sync/internal/api/hardcover/client.go:3567.26,3569.3 1 2
github.com/drallgood/audiobookshelf-hardcover-sync/internal/api/hardcover/client.go:3570.2,3570.26 1 2
github.com/drallgood/audiobookshelf-hardcover-sync/internal/api/hardcover/client.go:3570.26,3572.3 1 2
github.com/drallgood/audiobookshelf-hardcover-sync/internal/api/hardcover/client.go:3574.2,3580.20 2 2
github.com/drallgood/audiobookshelf-hardcover-sync/internal/api/hardcover/client.go:3584.79,3627.16 7 7
github.com/drallgood/audiobookshelf-hardcover-sync/internal/api/hardcover/client.go:3627.16,3632.3 2 6
github.com/drallgood/audiobookshelf-hardcover-sync/internal/api/hardcover/client.go:3634.2,3634.28 1 1
github.com/drallgood/audiobookshelf-hardcover-sync/internal/api/hardcover/client.go:3634.28,3636.35 2 0
github.com/drallgood/audiobookshelf-hardcover-sync/internal/api/hardcover/client.go:3636.35,3638.4 1 0
github.com/drallgood/audiobookshelf-hardcover-sync/internal/api/hardcover/client.go:3639.3,3643.28 3 0
github.com/drallgood/audiobookshelf-hardcover-sync/internal/api/hardcover/client.go:3646.2,3650.12 2 1
github.com/drallgood/audiobookshelf-hardcover-sync/internal/api/hardcover/client.go:3654.87,3682.28 5 0
github.com/drallgood/audiobookshelf-hardcover-sync/internal/api/hardcover/client.go:3682.28,3685.3 2 0
github.com/drallgood/audiobookshelf-hardcover-sync/internal/api/hardcover/client.go:3687.2,3693.16 3 0
github.com/drallgood/audiobookshelf-hardcover-sync/internal/api/hardcover/client.go:3693.16,3698.3 2 0
github.com/drallgood/audiobookshelf-hardcover-sync/internal/api/hardcover/client.go:3700.2,3700.38 1 0
github.com/drallgood/audiobookshelf-hardcover-sync/internal/api/hardcover/client.go:3700.38,3703.3 2 0
github.com/drallgood/audiobookshelf-hardcover-sync/internal/api/hardcover/client.go:3705.2,3710.12 2 0
github.com/drallgood/audiobookshelf-hardcover-sync/internal/api/hardcover/client.go:3714.144,3743.16 5 5
github.com/drallgood/audiobookshelf-hardcover-sync/internal/api/hardcover/client.go:3743.16,3748.3 2 2
github.com/drallgood/audiobookshelf-hardcover-sync/internal/api/hardcover/client.go:3751.2,3753.21 3 3
github.com/drallgood/audiobookshelf-hardcover-sync/internal/api/hardcover/client.go:3753.21,3755.3 1 1
github.com/drallgood/audiobookshelf-hardcover-sync/internal/api/hardcover/client.go:3757.2,3765.8 2 3
github.com/drallgood/audiobookshelf-hardcover-sync/internal/api/hardcover/client.go:3794.87,3802.16 4 0
github.com/drallgood/audiobookshelf-hardcover-sync/internal/api/hardcover/client.go:3802.16,3804.3 1 0
github.com/drallgood/audiobookshelf-hardcover-sync/internal/api/hardcover/client.go:3808.2,3812.6 4 0
github.com/drallgood/audiobookshelf-hardcover-sync/internal/api/hardcover/client.go:3812.6,3853.17 4 0
github.com/drallgood/audiobookshelf-hardcover-sync/internal/api/hardcover/client.go:3853.17,3859.4 2 0
github.com/drallgood/audiobookshelf-hardcover-sync/internal/api/hardcover/client.go:3861.3,3861.35 1 0
github.com/drallgood/audiobookshelf-hardcover-sync/internal/api/hardcover/client.go:3861.35,3862.9 1 0
github.com/drallgood/audiobookshelf-hardcover-sync/internal/api/hardcover/client.go:3865.3,3872.38 3 0
github.com/drallgood/audiobookshelf-hardcover-sync/internal/api/hardcover/client.go:3872.38,3873.9 1 0
github.com/drallgood/audiobookshelf-hardcover-sync/internal/api/hardcover/client.go:3876.3,3876.18 1 0
github.com/drallgood/audiobookshelf-hardcover-sync/internal/api/hardcover/client.go:3879.2,3883.22 2 0
github.com/drallgood/audiobookshelf-hardcover-sync/internal/api/hardcover/errors.go:18.36,19.20 1 2
github.com/drallgood/audiobookshelf-hardcover-sync/internal/api/hardcover/errors.go:19.20,21.3 1 1
github.com/drallgood/audiobookshelf-hardcover-sync/internal/api/hardcover/errors.go:22.2,22.22 1 1
github.com/drallgood/audiobookshelf-hardcover-sync/internal/api/hardcover/errors.go:26.36,28.2 1 2
github.com/drallgood/audiobookshelf-hardcover-sync/internal/api/hardcover/errors.go:31.49,32.16 1 3
github.com/drallgood/audiobookshelf-hardcover-sync/internal/api/hardcover/errors.go:32.16,34.3 1 1
github.com/drallgood/audiobookshelf-hardcover-sync/internal/api/hardcover/errors.go:35.2,38.3 1 2
github.com/drallgood/audiobookshelf-hardcover-sync/internal/api/hardcover/errors.go:42.42,44.30 2 6
github.com/drallgood/audiobookshelf-hardcover-sync/internal/api/hardcover/errors.go:44.30,46.3 1 4
github.com/drallgood/audiobookshelf-hardcover-sync/internal/api/hardcover/errors.go:47.2,47.18 1 2
github.com/drallgood/audiobookshelf-hardcover-sync/internal/api/hardcover/test_helper.go:19.56,45.2 3 42
github.com/drallgood/audiobookshelf-hardcover-sync/internal/api/hardcover/test_helper.go:50.88,53.2 2 0
github.com/drallgood/audiobookshelf-hardcover-sync/internal/api/hardcover/test_helper.go:57.71,66.60 3 0
github.com/drallgood/audiobookshelf-hardcover-sync/internal/api/hardcover/test_helper.go:66.60,70.3 1 0
github.com/drallgood/audiobookshelf-hardcover-sync/internal/api/hardcover/test_helper.go:75.93,80.16 3 18
github.com/drallgood/audiobookshelf-hardcover-sync/internal/api/hardcover/test_helper.go:80.16,83.3 2 0
github.com/drallgood/audiobookshelf-hardcover-sync/internal/api/hardcover/test_helper.go:85.2,92.55 3 18
github.com/drallgood/audiobookshelf-hardcover-sync/internal/api/hardcover/test_helper.go:92.55,95.3 2 0
github.com/drallgood/audiobookshelf-hardcover-sync/internal/api/hardcover/test_helper.go:98.2,98.112 1 18
github.com/drallgood/audiobookshelf-hardcover-sync/internal/api/hardcover/test_helper.go:98.112,108.61 4 6
github.com/drallgood/audiobookshelf-hardcover-sync/internal/api/hardcover/test_helper.go:108.61,110.4 1 0
github.com/drallgood/audiobookshelf-hardcover-sync/internal/api/hardcover/test_helper.go:111.3,111.14 1 6
github.com/drallgood/audiobookshelf-hardcover-sync/internal/api/hardcover/test_helper.go:114.2,114.14 1 12
github.com/drallgood/audiobookshelf-hardcover-sync/internal/api/hardcover/upload_credentials.go:13.133,15.21 1 6
github.com/drallgood/audiobookshelf-hardcover-sync/internal/api/hardcover/upload_credentials.go:15.21,17.3 1 0
github.com/drallgood/audiobookshelf-hardcover-sync/internal/api/hardcover/upload_credentials.go:19.2,49.73 6 6
github.com/drallgood/audiobookshelf-hardcover-sync/internal/api/hardcover/upload_credentials.go:49.73,54.3 2 2
github.com/drallgood/audiobookshelf-hardcover-sync/internal/api/hardcover/upload_credentials.go:56.2,56.98 1 4
github.com/drallgood/audiobookshelf-hardcover-sync/internal/api/hardcover/upload_credentials.go:56.98,61.3 2 2
github.com/drallgood/audiobookshelf-hardcover-sync/internal/api/hardcover/upload_credentials.go:64.2,67.31 4 2
github.com/drallgood/audiobookshelf-hardcover-sync/internal/api/hardcover/upload_credentials.go:67.31,69.3 1 1
github.com/drallgood/audiobookshelf-hardcover-sync/internal/api/hardcover/upload_credentials.go:69.8,69.22 1 1
github.com/drallgood/audiobookshelf-hardcover-sync/internal/api/hardcover/upload_credentials.go:69.22,74.39 2 1
github.com/drallgood/audiobookshelf-hardcover-sync/internal/api/hardcover/upload_credentials.go:74.39,76.4 1 1
github.com/drallgood/audiobookshelf-hardcover-sync/internal/api/hardcover/upload_credentials.go:77.3,77.26 1 1
github.com/drallgood/audiobookshelf-hardcover-sync/internal/api/hardcover/upload_credentials.go:80.2,90.8 2 2
